cfg,phase,model,L,mu,alpha,Ez,Delta,t0,E_low,E_gap,z2,subgap,near_edge,domain,width,center_left,center_right,E_pred,E_abserr,E_relerr,q_resolved,secular,K_relerr,K_corr,N0_ratio,N_err,q_root,q_energy,q_fft,q_diff_fft,q0_diff_fft,sumK,fd,fd_kink,fd_err,Kmaj_dev,p0,N0,eps2,Nex_xi0.0,Nex_xi1.0,Nex_xi2.0,Nex_xi5.0,Nex_xi10.0,Nex_xi20.0,Nex_xi50.0,Nex_xiinf,Nro_xi0.0,Nro_xi1.0,Nro_xi2.0,Nro_xi5.0,Nro_xi10.0,Nro_xi20.0,Nro_xi50.0,Nro_xiinf
1,node,kitaev,50,1.3747661712561219,,,0.17308249491406655,0.9448711486878784,2.33656945732719e-07,0.16648307193152784,-1,True,False,True,5.389110648089394,4.507868120267717,44.492131879732284,2.3365694021809323e-07,5.514625764321235e-15,2.3601377425473303e-08,True,2.004978820108928e-14,3.352540870464217e-13,0.9999999999999998,0.9999999999999669,2.057184693955619e-15,2.5871969137496826,2.5871969137496786,2.5872807997295078,8.38859798291125e-05,8.38859798251157e-05,0.08711636391645111,0.08711667711469379,True,3.1319824267406204e-07,2.5606640859069634e-15,0.6800000255956793,0.00022321354636348315,,0.00022321354636348315,0.0003544683168657289,0.0006059048973306609,0.0013573319944308387,0.0024048334103493026,0.003805624638423018,0.0055552403647556705,0.007589260862023545,0.00022321354636347578,0.0003544683168657264,0.0006059048973306625,0.0013573319944308452,0.002404833410349312,0.003805624638423027,0.005555240364755671,0.007589260862023529
1,anti,kitaev,50,1.4309191349316184,,,0.17308249491406655,0.9448711486878784,0.0031188844590902213,0.16787499099833383,-1,True,False,True,5.315002165958173,4.478323228956656,44.521676771043346,0.0031188842929823443,1.6610787701917817e-10,5.325874658006146e-08,True,5.908941835549574e-10,1.988849972471895e-08,1.0,1.0000000171421441,1.7142144165833707e-08,2.648983935785081,2.648983208067844,2.6488133925749255,0.00016981549291861242,0.00017054321015530505,4.997135437347284e-07,4.997342600496224e-07,False,2.071631489400025e-11,4.8954940391807524e-15,9.81268009460403e-11,5.0896110621039654e-05,-2.439115106419752,5.0896110621039654e-05,2.4711602241781622e-05,1.3237643477521276e-05,5.420830980563613e-06,2.730454355155242e-06,1.3722631507751753e-06,5.50689518048511e-07,2.497136257920962e-13,5.089611149350812e-05,2.4711602660542633e-05,1.3237643699145404e-05,5.420831067723851e-06,2.7304543970509774e-06,1.3722631714803171e-06,5.506895267278304e-07,2.496681285158607e-13
2,node,kitaev,53,1.3670776717984554,,,0.33671199520855233,0.8835731818463872,1.863104267685836e-09,0.3276457523038293,-1,True,False,True,2.524108566109092,1.7296848460918084,50.27031515390819,1.8631042815789637e-09,1.3893127458683946e-17,7.456977958587694e-09,True,5.486382277774693e-16,1.229154205547423e-11,1.0,1.0000000000018832,2.0470697560368044e-12,2.676168073463728,2.6761680734637285,2.6763129116191298,0.0001448381554012279,0.000144838155401672,-0.0006405364930345968,0.0006405338460913354,True,2.6469432613633603e-09,4.230240617564011e-13,0.6792450656617054,1.1396864727781654e-08,,1.1396864727781654e-08,1.8074762834500074e-08,3.0972191075987464e-08,6.969769829040684e-08,1.2437292191159039e-07,1.9917790677193306e-07,2.9532225581064807e-07,4.1028699890906e-07,1.1396864727803116e-08,1.8074762834533658e-08,3.097219107603976e-08,6.969769829051046e-08,1.2437292191177316e-07,1.9917790677225038e-07,2.9532225581118106e-07,4.102869989098999e-07
2,anti,kitaev,53,1.4164534989913602,,,0.33671199520855233,0.8835731818463872,2.014261887194788e-05,0.3297780357171638,-1,True,False,True,2.5252430985326564,1.727202219485435,50.272797780514594,2.0142615864269858e-05,3.0076780231950637e-12,1.4931911497286886e-07,True,6.574890980924508e-12,2.6658357440414676e-08,0.9999999999999996,1.000000018087146,1.808714611029651e-08,2.7344767311093467,2.734476731081429,2.734300988004828,0.00017574307660117583,0.000175743104518844,5.711018475828543e-08,5.7117178808217767e-08,False,6.994049932333568e-12,2.026898564073011e-12,1.868869136116558e-08,3.2928531939898033e-09,-0.02034893452635336,3.2928531939898033e-09,1.574761538733685e-09,8.409958567999922e-10,3.439349073134363e-10,1.7310908623328705e-10,8.695900959820476e-11,3.4889208872322873e-11,3.2615732031255427e-15,3.29285325354812e-09,1.5747615663928533e-09,8.409958711287069e-10,3.4393491264923195e-10,1.7310908861957787e-10,8.695901070483447e-11,3.4889209318117046e-11,3.261492854491738e-15
3,node,kitaev,55,2.2123701201032357,,,0.3162706273675605,1.2443830607557242,2.0016482576410573e-08,0.3143229692440717,-1,True,False,True,3.8699976139924965,2.999643903316959,51.00035609668309,2.0016485022151623e-08,2.445741050466204e-15,1.2218635522649272e-07,False,5.249791431366474e-15,6.412558277598977e-13,0.9999999999999997,0.9999999999998335,3.4397057463635595e-14,2.917191733936937,2.917191733936937,2.918903908226432,0.0017121742894952163,0.0017121742894952163,-0.01129853153839128,0.011298521534603447,True,1.0003787832835176e-08,1.128484414477394e-14,0.6787875311748747,3.4193807222729115e-06,,3.4193807222729115e-06,5.406250914740374e-06,9.290642575832212e-06,2.0978936239658576e-05,3.760359405673199e-05,6.067204362656718e-05,9.08710903217332e-05,0.0001276568149240224,3.419380722272342e-06,5.406250914740255e-06,9.290642575832412e-06,2.0978936239659375e-05,3.7603594056733505e-05,6.0672043626569565e-05,9.087109032173653e-05,0.0001276568149240268
3,anti,kitaev,55,2.2813425822321323,,,0.3162706273675605,1.2443830607557242,0.0004962584001841856,0.31516251743898743,-1,True,False,True,3.8686471719678943,2.9985563694646844,51.0014436305353,0.0004962583869300345,1.3254151031913408e-11,2.6708164591257597e-08,False,2.6927279781875233e-11,4.3019312156496275e-09,1.0,1.0000000042808375,4.2808374517297164e-09,2.973343967813416,2.973343964437259,2.9682069954634938,0.005136968973765033,0.005136972349922164,3.5127591785713563e-07,3.5128163941057494e-07,False,5.7215534393110404e-12,4.8080209186722223e-14,2.334648184946495e-09,9.60976174343031e-07,-0.2572354829430759,9.60976174343031e-07,4.4674857065074185e-07,2.3707506437976896e-07,9.655084317742867e-08,4.842728026329867e-08,2.4244608079493553e-08,9.704131293423743e-09,1.233947704664503e-13,9.609761784568137e-07,4.467485725523007e-07,2.370750653853009e-07,9.655084358293209e-08,4.842728046426018e-08,2.4244608179328555e-08,9.704131333422971e-09,1.2339414205771924e-13
4,node,kitaev,67,2.280995726174598,,,0.1952992771942833,1.1404965575711545,8.94088603687369e-08,0.19529927721173726,-1,True,False,True,5.793527955871902,4.88196841612853,61.11803158387147,8.940884931509085e-08,1.1053646051053614e-14,1.236303203672047e-07,False,3.2391821176983344e-14,1.1966178754273893e-13,1.0,1.0000000000000038,3.3287114181235e-15,3.141590355769834,3.141590355769834,3.1415925803754643,2.224605630374299e-06,2.224605630374299e-06,0.034242724686699914,0.034242708656820164,True,1.6029879749968057e-08,9.042742446111331e-15,0.507462685625532,3.4487182239555935e-05,,3.4487182239555935e-05,4.4915668794000336e-05,7.276092396956349e-05,0.00016221756391288162,0.00029552920051280953,0.0004943861821913389,0.000782226613267804,0.0011725641939691284,3.4487182239556064e-05,4.491566879400047e-05,7.276092396956362e-05,0.0001622175639128817,0.00029552920051280964,0.000494386182191339,0.0007822266132678055,0.0011725641939691323
4,anti,kitaev,67,2.3334773823297263,,,0.1952992771942833,1.1404965575711545,0.0011442144993877553,0.19531335881758363,-1,True,False,True,5.7761916875486214,4.876968452123408,61.12303154787665,0.0011442144882854827,1.1102272530136292e-11,9.702964379560722e-09,False,3.362484141038403e-11,7.709289255314671e-10,1.0,1.000000000677172,6.771721467300808e-10,3.0954001496204047,3.09540014380452,3.1415925803754643,0.046192436570944295,0.04619243075505963,-2.866082519169228e-06,-2.8660843446812186e-06,False,1.825511990497067e-12,2.1733626177277057e-14,1.5302061833129275e-08,8.01221556593251e-06,-1.0250362523248027,8.01221556593251e-06,3.7042832212160445e-06,1.9634268330128596e-06,7.99040753512042e-07,4.0053107599804244e-07,2.0039839415541148e-07,8.017795290576795e-08,8.214429006681652e-12,8.012215571358159e-06,3.7042832237214786e-06,1.9634268343401988e-06,7.990407540515411e-07,4.005310762679127e-07,2.0039839428999384e-07,8.017795295908704e-08,8.214427725648496e-12
5,node,kitaev,93,1.6656268007497166,,,0.2654337111805397,0.832814138519946,1.2454119166757637e-11,0.2654337111846451,-1,True,False,True,3.0578800311323855,2.2172395443018016,89.78276045569821,1.2454090293275363e-11,2.8873482273530437e-17,2.318388148284235e-06,False,1.5891912127797936e-16,5.773720019361636e-10,1.0,0.9999999999659392,3.406089630037201e-11,3.1415908579905083,3.1415908579905083,3.1415925672723715,1.709281863160328e-06,1.709281863160328e-06,-8.43605741488569e-06,8.436055304977466e-06,True,2.1099082242226385e-12,5.1464080289509775e-11,0.5053763429020024,1.5141928696591772e-12,,1.5141928696591772e-12,1.9765251638787904e-12,3.2173203804899308e-12,7.274258281229583e-12,1.3587016234003382e-11,2.392963801970997e-11,4.159816997938111e-11,7.116706470724786e-11,1.5141928696076026e-12,1.9765251638049185e-12,3.217320380360029e-12,7.274258280919168e-12,1.3587016233412825e-11,2.3929638018689784e-11,4.1598169977738574e-11,7.116706470482385e-11
5,anti,kitaev,93,1.6931002577810175,,,0.2654337111805397,0.832814138519946,1.4755244862098863e-07,0.2654041954769114,-1,True,False,True,3.0578594778533104,2.2172829071668136,89.78271709283321,1.4755245355515286e-07,4.9341642234934505e-15,3.344007008767179e-08,False,1.2898764275550601e-14,1.3521142520134295e-09,1.0,0.9999999997984972,2.0150282704467816e-10,3.1081771605684096,3.1081771605684088,3.1415925672723715,0.0334154067039627,0.033415406703961814,8.387801204540353e-10,8.402006034777127e-10,False,1.4204830236774062e-12,7.040474672388248e-11,2.008496077154505e-08,3.7665377232494215e-13,-0.0004818502536654458,3.7665377232494215e-13,1.7409811324377747e-13,9.227512802082172e-14,3.755180473872776e-14,1.8823364580000425e-14,9.418177248488154e-15,3.7685464031826884e-15,7.0355209046840825e-19,3.7665377224904535e-13,1.7409811320925525e-13,9.227512800289765e-14,3.755180473191059e-14,1.8823364576850055e-14,9.418177246819157e-15,3.768546401744798e-15,7.035500543915228e-19
6,node,kitaev,64,1.360873901746166,,,0.1996005972029914,0.8660766528868438,1.674232765132973e-08,0.19490460784692987,-1,True,False,True,4.278590822098131,3.402194960107229,59.59780503989277,1.6742328106250374e-08,4.54920643663077e-16,2.71718875139172e-08,True,1.2206449640086233e-15,4.87438054615084e-13,0.9999999999999999,1.000000000000133,8.330538483703521e-14,2.7066053300782977,2.7066053300782973,2.7066908781035672,8.554802526994365e-05,8.554802526949956e-05,0.008206798608695581,0.008206815481201394,True,1.687250581264288e-08,4.5323784941864406e-14,0.6770834067639334,1.5542662176766813e-06,,1.5542662176766813e-06,2.468147470695812e-06,4.246670195034664e-06,9.664671247104877e-06,1.7595878355591314e-05,2.9221805099406207e-05,4.565138282396134e-05,6.735154340368772e-05,1.5542662176768882e-06,2.468147470696032e-06,4.246670195034958e-06,9.664671247105447e-06,1.7595878355592348e-05,2.9221805099408053e-05,4.565138282396463e-05,6.735154340369333e-05
6,anti,kitaev,64,1.4016534427386236,,,0.1996005972029914,0.8660766528868438,0.00021316687258040652,0.19588923495225247,-1,True,False,True,4.278118262444634,3.400769153099143,59.599230846900866,0.00021316686413926965,8.441136868262908e-12,3.959872735421829e-08,True,2.696284282177171e-11,9.916725886052526e-09,1.0,1.0000000071379724,7.137972446858735e-09,2.7550253218965404,2.7550253188202767,2.75494619390069,7.912491958661505e-05,7.912799585030328e-05,-3.338764699197791e-08,-3.338964982323514e-08,False,2.0028312572328323e-12,5.371136501621112e-14,4.178862653865494e-11,4.168056089637322e-07,-0.3157925837619539,4.168056089637322e-07,1.9857155983910332e-07,1.0592954717654583e-07,4.327485325919183e-08,2.176626755334854e-08,1.0933422075380905e-08,4.38896443909814e-09,1.114734971660425e-15,4.1680561193887916e-07,1.985715612384382e-07,1.0592954791375361e-07,4.3274853547739055e-08,2.176626768989455e-08,1.0933422140870822e-08,4.388964466330176e-09,1.1148638699809958e-15
7,node,kitaev,92,2.4445254460277615,,,0.3419335915908063,1.0339023274728658,1.158459856220915e-11,0.33604890383300984,-1,True,False,True,2.9383384131457593,2.112050599505425,88.88794940049456,1.12970174752759e-11,2.875810869332485e-13,0.024824432662810165,True,5.887611248590434e-13,1.8478186156713347e-07,0.9999999999999496,1.0000000508335474,1.8236370900862464e-08,2.770004415407058,2.770004415407058,2.7700388769746556,3.4461567597343645e-05,3.4461567597343645e-05,5.750352077701922e-06,5.750340955127652e-06,True,1.1122574270026192e-11,8.485301312819024e-11,0.6739128529175781,5.333315865754467e-13,,5.333315865754467e-13,8.483685803601275e-13,1.4686678153390696e-12,3.3972279940700853e-12,6.3643206606365564e-12,1.1203105629712205e-11,1.9420710054733325e-11,3.306654901753084e-11,5.333316136865831e-13,8.4836860182732e-13,1.4686678394227115e-12,3.3972280361308995e-12,6.364320735293216e-12,1.1203105768265562e-11,1.9420710337294778e-11,3.306654962054469e-11
7,anti,kitaev,92,2.4782772199640553,,,0.3419335915908063,1.0339023274728658,1.2353818545108738e-07,0.3349461625616747,-1,True,False,True,2.937818143335243,2.1131569943248505,88.88684300567516,1.2353819690239632e-07,1.1451308935078416e-14,9.26944886980904e-08,True,2.304530144774673e-14,1.3554637130908897e-08,0.9999999999999997,0.9999999928913453,7.108654629745988e-09,2.736268970584689,2.736268970584689,2.7362524599677682,1.6510616920761834e-05,1.6510616920761834e-05,-4.5457760940993795e-10,-4.6114938580575064e-10,False,6.571776395812696e-12,1.5083322265249245e-10,1.3899372092352185e-08,1.6159691744398198e-13,-0.000267600269599183,1.6159691744398198e-13,7.72006379639865e-14,4.1206046399464364e-14,1.6833885125665038e-14,8.465818164950155e-15,4.255329265903962e-15,1.7115109747931967e-15,2.0664080297685395e-19,1.615969162952453e-13,7.720063742719592e-14,4.120604611977304e-14,1.683388502072248e-14,8.465818119395486e-15,4.255329247416293e-15,1.711510968361181e-15,2.0664265404442016e-19
8,node,kitaev,63,1.2440504664270886,,,0.2751085193622548,0.8179364398494603,4.843499605417295e-10,0.26688748667419393,-1,True,False,True,2.8842491386897717,2.067462315278429,59.93253768472157,4.843499156153391e-10,4.492639043172502e-17,9.275605263078029e-08,True,2.0666860210402853e-16,3.5954549264736356e-12,0.9999999999999997,0.9999999999999577,3.748379673919477e-13,2.6507202631140174,2.6507202631140174,2.6507757093629483,5.544624893083494e-05,5.544624893083494e-05,0.000423683107351782,0.0004236837150521832,True,6.077004012310615e-10,3.4559208511743634e-13,0.6772487387413562,4.20720373022792e-09,,4.20720373022792e-09,6.68729520360115e-09,1.1495259957055507e-08,2.6130339667458692e-08,4.74986313189013e-08,7.865246276000357e-08,1.2232736693540714e-07,1.7950737545526166e-07,4.207203730227742e-09,6.687295203598817e-09,1.1495259957050107e-08,2.6130339667446486e-08,4.7498631318881215e-08,7.86524627599725e-08,1.2232736693536044e-07,1.7950737545519437e-07
8,anti,kitaev,63,1.2826364843939853,,,0.2751085193622548,0.8179364398494603,1.0412364606354866e-05,0.26843223414991907,-1,True,False,True,2.8851877264421164,2.06545152277827,59.934548477221746,1.0412365137994047e-05,5.316391807173729e-13,5.105844837520416e-08,True,1.3687811725127616e-12,9.64818435511384e-09,0.9999999999999997,0.9999999940493864,5.9506135066830294e-09,2.699908640214662,2.6999086402051216,2.6998514263150084,5.7213890113150256e-05,5.721389965351875e-05,8.988648184502989e-09,8.9839704211646e-09,False,4.677763338388019e-12,3.823063920279304e-13,1.0542161641180643e-09,1.2165180149620287e-09,-0.017222441207440917,1.2165180149620287e-09,5.850641582388471e-10,3.12801139646586e-10,1.2798365367036918e-10,6.445677904029353e-11,3.242270696731814e-11,1.3029938198121008e-11,8.079579618477561e-17,1.2165180077230002e-09,5.850641548508556e-10,3.1280113788872437e-10,1.2798365301952678e-10,6.445677875653465e-11,3.242270684074635e-11,1.3029938144193068e-11,8.079842861096913e-17
9,node,kitaev,66,2.0819269271388223,,,0.19160155530906134,0.8954977681800084,2.7285980152122615e-08,0.18907729985557373,-1,True,False,True,4.618570838566162,3.730101943850714,61.269898056149295,2.7285980615221563e-08,4.630989486008867e-16,1.6972047403796914e-08,True,7.001002760154632e-16,2.0680759202735556e-13,1.0,1.0000000000000038,3.8227030778791667e-14,2.8133637008132313,2.8133637008132313,2.813578330149939,0.0002146293367077945,0.0002146293367077945,0.010881733695604837,0.010881701565042822,True,3.213056201482878e-08,1.669806093977248e-14,0.6767674962614154,2.651018503091209e-06,,2.651018503091209e-06,4.2038139219730955e-06,7.244399349740799e-06,1.652203243884842e-05,3.01707964614626e-05,5.038663223882276e-05,7.940677500810354e-05,0.00011841212822206177,2.651018503091219e-06,4.203813921973215e-06,7.244399349741046e-06,1.652203243884894e-05,3.0170796461463477e-05,5.038663223882426e-05,7.94067750081062e-05,0.0001184121282220663
9,anti,kitaev,66,2.1229580620389448,,,0.19160155530906134,0.8954977681800084,0.0002841723185323915,0.18824289485832824,-1,True,False,True,4.616248928095182,3.7305764152928473,61.269423584707155,0.000284172327051094,8.51870250772116e-12,2.99772425115719e-08,True,2.7875947367431868e-11,7.793220321738308e-09,0.9999999999999998,0.9999999942991155,5.700884492880915e-09,2.766557256934986,2.7665572519881003,2.766481053880367,7.619810773329405e-05,7.62030546188619e-05,-8.728900386746323e-07,-8.728957552432691e-07,False,5.716568636810982e-12,2.299203699221943e-14,1.642437391965353e-08,7.0288830208737e-07,-0.41667502523670685,7.0288830208737e-07,3.342519516448972e-07,1.7823234852579257e-07,7.278712970911078e-08,3.659721745023777e-08,1.8375664631601798e-08,7.373530023600914e-09,7.619370196173425e-13,7.028882980802849e-07,3.3425194976032536e-07,1.7823234753144813e-07,7.278712931775172e-08,3.659721726401473e-08,1.837566454270746e-08,7.373529988373518e-09,7.619402078924499e-13
10,node,kitaev,52,1.6294641763348388,,,0.2655717752542753,1.023841455882977,2.9841408987421194e-08,0.259877175772054,-1,True,False,True,3.787297408694162,2.9256744081218193,48.07432559187821,2.984140990440009e-08,9.16978896482976e-16,3.072840484407096e-08,True,1.9992215929220566e-15,2.439056438499015e-13,1.0,0.9999999999998859,7.689180117266681e-14,2.7266631646473654,2.7266631646473654,2.7269117413801855,0.00024857673282019377,0.00024857673282019377,-0.013924078675830526,0.01392404579958906,True,3.2876241467041933e-08,3.614177571835052e-15,0.6794870830470723,5.487169655327726e-06,,5.487169655327726e-06,8.692314355911846e-06,1.4896934378796669e-05,3.349095522507761e-05,5.9632056763190666e-05,9.513265417418628e-05,0.00014033328375145682,0.00019387996697071839,5.4871696553271e-06,8.692314355911125e-06,1.489693437879562e-05,3.349095522507546e-05,5.963205676318687e-05,9.513265417417995e-05,0.0001403332837514468,0.00019387996697070348
10,anti,kitaev,52,1.6886467595877928,,,0.2655717752542753,1.023841455882977,0.0005249119720847941,0.26139905323702983,-1,True,False,True,3.7856427799207526,2.923569246125681,48.076430753874334,0.0005249120003111065,2.8226312346474325e-11,5.3773420778283666e-08,True,6.945396354908426e-11,1.336429853531307e-08,0.9999999999999997,0.9999999891410393,1.0858960750452443e-08,2.7860605575972266,2.7860605454166922,2.7857935010294703,0.00026704438722191526,0.0002670565677562742,1.3228440052955964e-06,1.3228476961838623e-06,False,3.690888265920535e-12,2.0836032062914204e-14,2.3251340661039613e-08,1.4473245351716005e-06,-0.3692696045786348,1.4473245351716005e-06,6.865439590228735e-07,3.65935872430839e-07,1.494509892136341e-07,7.513669324626429e-08,3.7699688655110296e-08,1.5112149803120434e-08,1.7499162623463772e-12,1.4473245194551601e-06,6.865439516709246e-07,3.659358685608129e-07,1.494509876934884e-07,7.513669251766293e-08,3.769968830064647e-08,1.5112149662125438e-08,1.7499294584278267e-12
11,node,kitaev,60,2.1613326072781427,,,0.18985015349077275,1.0536477445932422,3.1370320016773646e-08,0.18978843356917682,-1,True,False,True,5.49928642439381,4.593999100999856,54.40600089900015,3.137032318876874e-08,3.171995093315481e-15,1.0111452773256446e-07,False,1.0632613943514693e-14,1.131846511141245e-13,1.0,1.0000000000001237,1.490146544109839e-14,3.0900918020105603,3.0900918020105603,3.0384156446317445,0.05167615737881581,0.05167615737881581,-0.04481208877391095,0.044812091287790845,True,2.5138798959156716e-09,2.6583089628145967e-15,0.6777799841588591,4.937992040718553e-05,,4.937992040718553e-05,7.806652624832022e-05,0.00013447144817552164,0.0003053124997842789,0.000552438601934212,0.0009065393326867168,0.001390807324505018,0.0020081233002808762,4.937992040719164e-05,7.806652624832388e-05,0.00013447144817552495,0.0003053124997842839,0.0005524386019342202,0.0009065393326867294,0.001390807324505038,0.002008123300280906
11,anti,kitaev,60,2.2153046077564973,,,0.18985015349077275,1.0536477445932422,0.0015399849430316765,0.18960365797870596,-1,True,False,True,5.473332932430928,4.586139137784167,54.41386086221586,0.0015399849441687604,1.1370839166080504e-12,7.383733988785248e-10,False,3.576876558241986e-12,1.2268445276965306e-10,1.0,0.9999999998556514,1.4434862492897266e-10,3.0386188981426336,3.038618870549234,3.023943339644647,0.014675530904586953,0.014675558497986518,2.7561080142948e-06,2.756095303152114e-06,False,1.2711142685716237e-11,6.07624106047596e-15,9.406308595250437e-09,1.3459285169344696e-05,-1.3047817273348146,1.3459285169344696e-05,6.233980620955535e-06,3.305524503485804e-06,1.3455100540336995e-06,6.745810334079222e-07,3.375874254651765e-07,1.3509285583294733e-07,7.596131386459316e-12,1.3459285167401866e-05,6.233980620057685e-06,3.305524503010178e-06,1.3455100538405345e-06,6.74581033311332e-07,3.3758742541685495e-07,1.3509285581342623e-07,7.596131078560872e-12
12,node,kitaev,63,2.4973832756757552,,,0.21729713450002086,1.190520768293248,9.728309887318358e-08,0.21709613936789646,-1,True,False,True,5.429947094274933,4.524094527389881,57.47590547261016,9.728310368382929e-08,4.810645710134541e-15,4.94499637229444e-08,False,1.493849262629308e-14,3.5599156955720865e-13,1.0,1.0000000000002036,3.0380961154321504e-14,3.0434203219417792,3.0434203219417792,3.0926845290411027,0.04926420709932344,0.04926420709932344,-0.03368743479184678,0.03368743854095883,True,3.749112055528858e-09,3.2956593251690416e-15,0.6772512709268168,2.6597787110875602e-05,,2.6597787110875602e-05,4.207509492397859e-05,7.253550992750492e-05,0.0001651265465113702,0.00030024248470413804,0.0004972104847973614,0.0007733346117514194,0.001134843262854928,2.659778711088102e-05,4.207509492398018e-05,7.25355099275043e-05,0.0001651265465113665,0.00030024248470413104,0.0004972104847973491,0.0007733346117513982,0.0011348432628548936
12,anti,kitaev,63,2.555430654628206,,,0.21729713450002086,1.190520768293248,0.001244819483328143,0.2167135781773554,-1,True,False,True,5.41401899936135,4.519787129930048,57.48021287006994,0.0012448195834079006,1.0007975763219601e-10,8.03970045235983e-08,False,2.760687516132268e-10,1.6729522452779237e-08,1.0,0.9999999817448159,1.8255184145939382e-08,2.9943645109547754,2.9943644906890947,2.9899324820922106,0.004432008596884085,0.004432028862564774,-1.5181546746911541e-06,-1.5181499341074959e-06,False,4.740583658258604e-12,1.5066949833399322e-14,5.241012101757164e-09,6.98033603911682e-06,-0.9119872659388469,6.98033603911682e-06,3.2405752438507027e-06,1.7191178413998733e-06,6.99950376039402e-07,3.5099949073319824e-07,1.7569234357925866e-07,7.031541879796952e-08,2.3047936162871923e-12,6.9803359116895e-06,3.2405751848863765e-06,1.7191178101699927e-06,6.999503633804193e-07,3.509994844247161e-07,1.7569234043881264e-07,7.03154175452233e-08,2.3048124254531402e-12
13,node,kitaev,64,1.4120906654585843,,,0.2953843309495757,1.0169776412866691,1.7840039454432304e-09,0.2809470824653922,-1,True,False,True,3.3631403074935706,2.530484627982328,60.469515372017675,1.7840035955040731e-09,3.499391572552039e-16,1.9615380232147557e-07,True,7.5881358057852815e-16,1.299123410896296e-12,1.0,1.0000000000003249,3.265978315908681e-13,2.51327282537339,2.51327282537339,2.5132876794099372,1.485403654744033e-05,1.485403654744033e-05,-0.0014368122999366335,0.0014368093532422038,True,2.946694429694502e-09,6.591842216969786e-14,0.6770833149205812,4.7640684032071144e-08,,4.7640684032071144e-08,7.598581006585329e-08,1.3039674232103278e-07,2.963531453122009e-07,5.394135688666307e-07,8.957430657043712e-07,1.3993152219984845e-06,2.0644295852491977e-06,4.7640684032086615e-08,7.598581006587737e-08,1.303967423210708e-07,2.963531453122753e-07,5.394135688667597e-07,8.957430657045969e-07,1.3993152219988822e-06,2.064429585249872e-06
13,anti,kitaev,64,1.4586495935142576,,,0.2953843309495757,1.0169776412866691,4.2611758099911774e-05,0.28305651351900707,-1,True,False,True,3.364220764182081,2.5281326359737286,60.471867364026295,4.261175731493288e-05,7.849788934101085e-13,1.842164999551459e-08,True,1.835769407351077e-12,4.228276356423037e-09,1.0,1.000000002444422,2.4444219370348256e-09,2.561740264941895,2.5617402647995666,2.5616908083514667,4.945644809994931e-05,4.9456590428320624e-05,3.731144708378698e-08,3.730930647570909e-08,False,2.140608077892594e-12,1.42435043310241e-13,1.624098837161955e-09,1.3393428285733884e-08,-0.04840715255204688,1.3393428285733884e-08,6.6267265025340695e-09,3.5654600310479805e-09,1.4642534776804896e-09,7.398178251308526e-10,3.735218275382328e-10,1.505826025639301e-10,1.3921440834859825e-15,1.3393428318473074e-08,6.626726518234099e-09,3.565460039155812e-09,1.464253480546133e-09,7.398178262707562e-10,3.735218279989106e-10,1.5058260277182734e-10,1.392126384970947e-15
14,node,kitaev,68,3.1278433810581228,,,0.3249386924485725,1.2132635758188197,5.7419664763477385e-09,0.3108129000953852,-1,True,False,True,3.6609977773404028,2.8129834953356765,64.18701650466434,5.741967100456833e-09,6.241090948330589e-16,1.0869257028996668e-07,True,1.5741094258175646e-15,3.745109561657693e-12,0.9999999999999997,0.9999999999990065,8.427475956394611e-13,2.549695500638549,2.549695500638549,2.549711844257534,1.6343618984837605e-05,1.6343618984837605e-05,0.0017306510999045331,0.0017306427688067473,True,8.331097785816213e-09,1.2501611947524263e-13,0.6764705437376554,6.511203101346351e-08,,6.511203101346351e-08,1.038058553427711e-07,1.7842977988919823e-07,4.0690659449819795e-07,7.448513923403835e-07,1.2504335989422552e-06,1.98737546403473e-06,2.9951532296007693e-06,6.511203101339882e-08,1.0380585534268433e-07,1.7842977988906715e-07,4.0690659449794104e-07,7.44851392339936e-07,1.2504335989414636e-06,1.9873754640332958e-06,2.995153229598245e-06
14,anti,kitaev,68,3.1798661441350378,,,0.3249386924485725,1.2132635758188197,5.729328034097365e-05,0.30862414572113955,-1,True,False,True,3.6599492497091397,2.815052575762019,64.18494742423798,5.7293279027247896e-05,1.3137257530741395e-12,2.2929840031076388e-08,True,2.7569625755080305e-12,5.485401558983749e-09,0.9999999999999996,1.0000000030757843,3.075784320747039e-09,2.504299925704503,2.504299925500976,2.504247524395086,5.240110588999869e-05,5.240130941697174e-05,-7.225246575352556e-08,-7.224760171359573e-08,False,4.864039929836604e-12,1.8470524672674583e-13,4.210252854454021e-09,1.8234264655728913e-08,-0.05230302534985063,1.8234264655728913e-08,9.148051972366578e-09,4.93717892959954e-09,2.0306857757082184e-09,1.0273297817682519e-09,5.196649339259236e-10,2.0992043641344307e-10,5.220418807463523e-15,1.8234264711813578e-08,9.148051999643216e-09,4.937178943686987e-09,2.0306857805981032e-09,1.0273297836110903e-09,5.196649345967795e-10,2.0992043671273821e-10,5.220365030091073e-15
15,node,kitaev,72,1.183857704547144,,,0.32621246892416,0.8113722936676726,1.9508216748398726e-11,0.3135515309612873,-1,True,False,True,2.3795157789187646,1.6036287677423544,69.39637123225766,1.95081603278564e-11,5.642054232636278e-17,2.8921424779122312e-06,True,6.993333386117191e-17,1.5817931333102843e-10,1.0,0.9999999999207073,1.0394579202995001e-10,2.5821333547409058,2.5821333547409058,2.5821504936530095,1.7138912103753512e-05,1.7138912103753512e-05,1.0611355407160401e-05,1.0611377790847404e-05,True,2.238368700257392e-11,4.460012455061756e-11,0.6759260167347724,2.3137160640297624e-12,,2.3137160640297624e-12,3.687433275469033e-12,6.347288013086792e-12,1.4518488699141821e-11,2.6709622308628595e-11,4.528371249425133e-11,7.315980967322552e-11,1.1260086357707231e-10,2.3137160638463016e-12,3.68743327512614e-12,6.347288012513554e-12,1.4518488697977919e-11,2.670962230659562e-11,4.528371249066561e-11,7.315980966668978e-11,1.1260086356536792e-10
15,anti,kitaev,72,1.216901633145027,,,0.32621246892416,0.8113722936676726,2.23294372020171e-07,0.3154147948875176,-1,True,False,True,2.3806267840027986,1.6011763157733083,69.39882368422673,2.2329435840217597e-07,1.361799502077636e-14,6.098673646618463e-08,True,3.1746695541630464e-14,9.915272277859688e-09,1.0,1.0000000049770459,4.9770459373299946e-09,2.625259172121334,2.625259172121329,2.6252388633271915,2.0308794137502417e-05,2.03087941423874e-05,-8.322202354917239e-10,-8.305009294284497e-10,False,1.719306063274168e-12,4.538195425867815e-11,1.3813285435512815e-08,6.963812358552813e-13,-0.0005034635551768662,6.963812358552813e-13,3.397660103242436e-13,1.8223558573860205e-13,7.468707779654577e-14,3.766628039202035e-14,1.8990082760140822e-14,7.654911000194514e-15,6.925905203618902e-19,6.963812393212027e-13,3.397660119341898e-13,1.8223558654947528e-13,7.468707806220208e-14,3.7666280482003334e-14,1.8990082787808483e-14,7.654911017465431e-15,6.92598959881737e-19
16,node,kitaev,64,1.45457409800798,,,0.1602354899966618,1.0511739706539043,1.616912980632902e-07,0.15240469424081693,-1,True,False,True,6.502285205444048,5.603112516107876,57.39688748389216,1.6169130079920025e-07,2.735910040414506e-15,1.6920576884376298e-08,True,7.906206806399258e-15,1.767294179802675e-13,1.0,0.9999999999999762,1.4114396733442628e-14,2.5132717948432006,2.5132717948431984,2.5132870799496057,1.5285106407247895e-05,1.528510640502745e-05,-0.06967588848774528,0.06967560249081842,True,2.8599692686315237e-07,2.2364200263781054e-15,0.6770833232431654,0.00011203221943624259,,0.00011203221943624259,0.00017868884993037904,0.0003066420433776863,0.0006969064846917695,0.0012684893816860068,0.0021064367535030344,0.003290641135728472,0.004854729436556716,0.00011203221943623993,0.00017868884993037638,0.00030664204337768294,0.000696906484691763,0.0012684893816859947,0.0021064367535030123,0.003290641135728431,0.004854729436556647
16,anti,kitaev,64,1.5030784036123028,,,0.1602354899966618,1.0511739706539043,0.0021538597448536017,0.15362506099875545,-1,True,False,True,6.439783766730798,5.579767494147908,57.42023250585209,0.0021538598119236426,6.707004092734725e-11,3.1139465365655e-08,True,2.533451856862059e-10,1.1502042552216348e-08,1.0,0.999999990916075,9.083924914486715e-09,2.5617448514854875,2.561744510664287,2.5616177931451207,0.00012671751916615293,0.000127058340366748,2.5668093046108103e-06,2.5668322285385403e-06,False,2.2923927730025828e-11,4.269312223181877e-15,3.937925506615732e-09,2.6142055931352314e-05,-2.2568266912961072,2.6142055931352314e-05,1.2925896387443685e-05,6.950529531449803e-06,2.850480443402405e-06,1.4377327125979175e-06,7.24358145110316e-07,2.914481509587131e-07,6.5885100062354354e-12,2.614205569387984e-05,1.2925896271173932e-05,6.950529469713103e-06,2.8504804192985735e-06,1.4377327013140035e-06,7.243581397462821e-07,2.9144814873423144e-07,6.5886118729549325e-12
17,node,kitaev,87,1.0121264452642051,,,0.19937763282906618,0.8615660683550082,1.0894283554275726e-09,0.18139081968474774,-1,True,False,True,4.251924589837822,3.4028729658017007,82.59712703419832,1.0894283868597551e-09,3.143218250737092e-17,2.8851995958040394e-08,True,6.722440215033366e-16,7.796083503776857e-12,1.0,0.9999999999981574,1.795980887653752e-12,2.2847965278053373,2.284796527805337,2.2847960661095237,4.616958131364868e-07,4.61695813580576e-07,0.0007481331805157926,0.0007481357985586849,True,2.6180428922863153e-09,4.0514097616340256e-13,0.6743295046146863,9.540396367303723e-09,,9.540396367303723e-09,1.5367748197059123e-08,2.6379302394294566e-08,6.064551525386644e-08,1.1311325594419082e-07,1.9751131780062794e-07,3.369330742148815e-07,5.597032557886757e-07,9.540396367286144e-09,1.5367748197033325e-08,2.637930239425506e-08,6.064551525378755e-08,1.1311325594405206e-07,1.9751131780037725e-07,3.369330742143876e-07,5.597032557876705e-07
17,anti,kitaev,87,1.0401114687182202,,,0.19937763282906618,0.8615660683550082,1.3338438436396477e-05,0.18281426714479407,-1,True,False,True,4.252960135474702,3.400697193819039,82.59930280618097,1.3338439498100197e-05,1.0617037204095365e-12,7.959730259821683e-08,True,3.6288819422720487e-12,1.8744886991607353e-08,0.9999999999999999,0.9999999907597136,9.240286369853084e-09,2.320601997814625,2.3206019977836854,2.3205608251884735,4.117259521185801e-05,4.117262615155326e-05,4.628011155398691e-08,4.627914110283013e-08,False,9.704511567781583e-13,9.154800523717638e-13,9.072654827620519e-09,2.7135332860108514e-09,-0.041902439003195464,2.7135332860108514e-09,1.4360559300732315e-09,7.845017498857087e-10,3.2439843547395013e-10,1.6475193777687185e-10,8.392866367503305e-11,3.423888274122993e-11,2.141848725448608e-15,2.7135332609370268e-09,1.4360559172546e-09,7.8450174328903e-10,3.243984333871468e-10,1.6475193723168298e-10,8.392866368746642e-11,3.4238882768981545e-11,2.1419022382632816e-15
18,node,kitaev,97,2.195014621977249,,,0.3429118654283466,1.3037851464947536,1.2338373241437768e-10,0.3385199154373323,-1,True,False,True,3.7347190948266906,2.871229335421821,93.12877066457816,1.2338333596831059e-10,3.9644606709328844e-16,3.213114560044638e-06,True,8.212087054212921e-17,8.420803719251109e-11,0.9999999999999999,0.9999999999947843,7.393789245283005e-12,2.821020403961109,2.821020403961109,2.821067288837052,4.6884875942954096e-05,4.6884875942954096e-05,-6.156744894564763e-05,6.15673334672466e-05,True,1.1547840102503395e-10,8.728348480585528e-12,0.6735393664025023,5.8018647365871735e-11,,5.8018647365871735e-11,9.225435831900638e-11,1.5988117266885527e-10,3.7059367268577115e-10,6.96558048899385e-10,1.2348568199868943e-09,2.1730216248928136e-09,3.790550769674926e-09,5.801864736556913e-11,9.225435831837582e-11,1.598811726677613e-10,3.705936726837364e-10,6.965580488962102e-10,1.234856819981414e-09,2.1730216248810726e-09,3.790550769646899e-09
18,anti,kitaev,97,2.2360054279822124,,,0.3429118654283466,1.3037851464947536,1.6069450390396933e-06,0.33936223993720405,-1,True,False,True,3.7350325414287773,2.870578500827427,93.12942149917258,1.6069449921067176e-06,4.6932975618046275e-14,2.920633529949059e-08,True,8.951784310423568e-14,4.55278462327368e-09,0.9999999999999998,1.0000000027735887,2.7735887811351814e-09,2.8531072680667737,2.8531072680667178,2.8530605502903743,4.671777634346341e-05,4.6717776399418653e-05,2.879826444572165e-09,2.864514338112077e-09,False,1.531210646008813e-11,1.032748333965548e-11,4.950790109003483e-09,1.7269763170480814e-11,-0.0023575326466276753,1.7269763170480814e-11,8.116406765477466e-12,4.316799142731845e-12,1.760002750920278e-12,8.836239920156004e-13,4.431417523554406e-13,1.7779599561067018e-13,8.293400350856191e-18,1.7269763218380035e-11,8.116406787738904e-12,4.31679915445766e-12,1.7600027555448279e-12,8.836239942103275e-13,4.431417533740971e-13,1.777959959995892e-13,8.293371645484001e-18
19,node,kitaev,61,1.8803975147882876,,,0.1817998732465148,1.1762726228819749,4.5034834763282456e-10,0.1780905168844751,-1,True,False,True,6.409663193812291,5.507840539567061,54.492159460432944,4.5034800916144434e-10,3.3847138022119256e-16,7.515768226980442e-07,True,4.966103757016363e-16,6.006885349148664e-14,1.0,0.9999999999998965,1.04420841409048e-13,2.7362258546343172,2.7362258546343177,2.7363639788641234,0.00013812422980574723,0.00013812422980619132,-0.07929658341542549,0.07929651082682415,True,7.258860133807499e-08,1.3902449777677141e-14,0.6775956283270494,0.00015212777763335043,,0.00015212777763335043,0.0002413432671410439,0.0004150146949666539,0.0009421896092131018,0.0017073626130092784,0.0028103400921243396,0.004331477852549546,0.006287948141359529,0.00015212777763333468,0.0002413432671410186,0.00041501469496661015,0.0009421896092130017,0.0017073626130090975,0.002810340092124043,0.00433147785254909,0.006287948141358872
19,anti,kitaev,61,1.9388537599406037,,,0.1817998732465148,1.1762726228819749,0.0029541608626459676,0.1789502724561849,-1,True,False,True,6.333470803695404,5.479232812978052,54.52076718702195,0.002954160966059394,1.0341342625980188e-10,3.500602406843109e-08,True,3.358783613180396e-10,1.2509508996876372e-08,1.0,0.999999988928196,1.1071804013528442e-08,2.786985822270296,2.7869855307047833,2.7868701757554986,0.00011535494928471834,0.00011564651479734067,7.783452881321396e-06,7.783471306713197e-06,False,1.8425391800410557e-11,4.647228543699085e-15,2.8290220162946677e-08,3.5105764817229083e-05,-2.1327032074585848,3.5105764817229083e-05,1.6643635460912948e-05,8.868430118496994e-06,3.619490499022562e-06,1.818504212605288e-06,9.120796203846479e-07,3.655844909953251e-07,6.05821387557501e-11,3.5105764428544936e-05,1.664363527779318e-05,8.868430021430931e-06,3.6194904601170027e-06,1.8185041935616456e-06,9.120796110407236e-07,3.6558448729771847e-07,6.0582387870962e-11
20,node,kitaev,63,1.8111612764713583,,,0.20390524272341753,1.06046145547574,2.183209816250835e-08,0.20171782704467128,-1,True,False,True,5.149926555600403,4.2506427987812145,57.74935720121878,2.1832100133899993e-08,1.971391641515041e-15,9.029785533396219e-08,True,6.5793132407453665e-15,3.585863306208902e-13,1.0,1.0000000000000624,8.547842982291766e-15,2.8470691487674884,2.8470691487674884,2.8474488494818684,0.00037970071437998243,0.00037970071437998243,0.025927748384564228,0.025927764249851687,True,1.5865287458782795e-08,5.084860811327971e-15,0.6772487342638862,1.5755814367946414e-05,,1.5755814367946414e-05,2.4963260664527033e-05,4.299442781996156e-05,9.782946905261816e-05,0.0001778632371538283,0.0002945386788358258,0.00045810427763497857,0.0006722481362932731,1.5755814367947396e-05,2.4963260664527274e-05,4.2994427819961276e-05,9.78294690526169e-05,0.00017786323715382593,0.0002945386788358222,0.00045810427763497364,0.0006722481362932673
20,anti,kitaev,63,1.862561517964972,,,0.20390524272341753,1.06046145547574,0.0008488052394064981,0.20243491826791182,-1,True,False,True,5.140666864698341,4.2473779925701995,57.752622007429835,0.0008488052025060648,3.690043333826748e-11,4.347338072991752e-08,True,1.1002451585470069e-10,1.1200707358516479e-08,1.0,1.0000000101610327,1.0161032791084955e-08,2.8962126122141676,2.896212592166899,2.8957172937618405,0.0004952984050583531,0.000495318452327087,1.8335431028846261e-06,1.8335333414314784e-06,False,9.761453147742166e-12,1.7624207778079683e-14,1.3209213912879271e-08,4.039845207891935e-06,-0.7919834741987667,4.039845207891935e-06,1.8902897638590885e-06,1.0044608087774926e-06,4.0936788553028717e-07,2.054544029361239e-07,1.0293537646963702e-07,4.1227025860640426e-08,3.361880310136279e-12,4.039845248940935e-06,1.8902897829514528e-06,1.0044608188820417e-06,4.093678895966026e-07,2.054544049404183e-07,1.029353774580667e-07,4.122702625331895e-08,3.361864531829296e-12
21,node,kitaev,99,1.416453067920063,,,0.22060577200175466,0.8699160783257722,1.1967894906899423e-10,0.21671423223389186,-1,True,False,True,3.8777150481317557,3.011241836728086,94.98875816327191,1.1967882303377833e-10,1.2603521590437228e-16,1.0531109847205768e-06,True,1.9057962760745952e-16,4.503360500837236e-11,1.0,0.9999999999863655,1.4283672460615351e-11,2.7646034184548487,2.7646034184548496,2.764627492942937,2.40744880874999e-05,2.407448808838808e-05,7.49726070102129e-05,7.497267267467653e-05,True,6.566446362620427e-11,2.289923088722765e-12,0.6734007778515066,8.431336395081472e-11,,8.431336395081472e-11,1.3418837308794544e-10,2.3249659386056525e-10,5.391508454996615e-10,1.0145515133602966e-09,1.8033037729386913e-09,3.191618484460893e-09,5.6208918019078265e-09,8.431336394966515e-11,1.3418837308611386e-10,2.3249659385750892e-10,5.39150845493099e-10,1.014551513348682e-09,1.803303772918302e-09,3.191618484421821e-09,5.6208918018275395e-09
21,anti,kitaev,99,1.4431473651006885,,,0.22060577200175466,0.8699160783257722,1.274482881662989e-06,0.21733453423473117,-1,True,False,True,3.8780720292778463,3.0105021534012106,94.98949784659881,1.2744828273796403e-06,5.428334881036722e-14,4.259245031171893e-08,True,1.6027174366711554e-13,7.353733983984448e-09,1.0,1.0000000041624255,4.162425564891359e-09,2.7960511374197,2.7960511374196035,2.7960313004799353,1.9836939668227416e-05,1.9836939764594774e-05,2.6414151730474285e-10,2.7606148415821414e-10,False,1.1919966853471297e-11,1.562868881383214e-11,2.8274260317313346e-11,2.492567279722969e-11,-0.004404843089604232,2.492567279722969e-11,1.1799545025887651e-11,6.285264067991714e-12,2.564604027184535e-12,1.288472602004342e-12,6.468874090109474e-13,2.599354592420235e-13,6.977074116401132e-20,2.4925672900980947e-11,1.1799545074358433e-11,6.2852640934746e-12,2.564604037102441e-12,1.2884726065946713e-12,6.468874110675145e-13,2.5993546003474576e-13,6.976494240265897e-20
22,node,kitaev,59,1.8506336710253157,,,0.22899597256440474,0.8012595714507245,6.230201677839279e-09,0.22619130628459327,-1,True,False,True,3.4258659438311216,2.5739680951143864,55.42603190488561,6.230202174986261e-09,4.97146982261977e-16,7.979629038821012e-08,True,2.102420829535784e-15,9.886215261236765e-13,0.9999999999999994,1.0000000000002587,1.7925113671443297e-14,2.827435937619825,2.827435937619825,2.827836795800188,0.0004008581803631728,0.0004008581803631728,-0.003119987131363298,0.0031199915003324694,True,4.368969171251319e-09,7.610297363487618e-14,0.6779664019574807,2.433578847167019e-07,,2.433578847167019e-07,3.854250283372098e-07,6.628978700853392e-07,1.5027333174344865e-06,2.714037375425114e-06,4.43926921534871e-06,6.778768862747893e-06,9.734319699872585e-06,2.4335788471676487e-07,3.854250283372277e-07,6.628978700853227e-07,1.5027333174344157e-06,2.7140373754249928e-06,4.439269215348548e-06,6.7787688627477185e-06,9.734319699872456e-06
22,anti,kitaev,59,1.891479717593704,,,0.22899597256440474,0.8012595714507245,8.111012496720787e-05,0.22518241498385547,-1,True,False,True,3.425100850230238,2.5752333042812805,55.42476669571872,8.111011970907731e-05,5.258130560191303e-12,6.482705534379487e-08,True,1.5398448965529635e-11,1.3757132388528632e-08,1.0,1.0000000099499027,9.949902742657676e-09,2.7751739554037176,2.7751739549130985,2.775029125346138,0.00014482956696060256,0.00014483005757970346,1.7342945845176823e-07,1.734293708400029e-07,False,8.761176533541406e-14,4.587040479943407e-14,7.526925516877654e-09,6.772922494891464e-08,-0.12003277822352756,6.772922494891464e-08,3.217463788010441e-08,1.71547123496219e-08,7.00729267518834e-09,3.52417146074541e-09,1.7697252230510775e-09,7.101864632770966e-10,3.007777705887028e-14,6.772922562281384e-08,3.217463819495514e-08,1.7154712514855214e-08,7.00729273935498e-09,3.524171490971176e-09,1.7697252376734999e-09,7.101864695915623e-10,3.007820118221637e-14
23,node,kitaev,51,1.7748898926189653,,,0.2502511323515926,1.0809866464565892,1.0575297837514367e-07,0.24615751792560617,-1,True,False,True,4.258090023415136,3.3810251248229126,46.6189748751771,1.0575298759417192e-07,9.219028247368184e-15,8.717511685264305e-08,True,2.3274564005380786e-14,1.1139854301682709e-12,1.0,1.000000000000341,1.2467628769334684e-13,2.7791046591345845,2.7791046591345836,2.779551706536258,0.0004470474016744497,0.0004470474016735615,0.02889341143617443,0.02889348004289169,True,6.860671725866796e-08,8.00016199183436e-15,0.6797387484896179,2.4081605639221014e-05,,2.4081605639221014e-05,3.810702490226715e-05,6.53130594484618e-05,0.00014668338433392403,0.00026057757214442744,0.00041407147253938394,0.0006076494906794875,0.0008348292244200554,2.4081605639229226e-05,3.810702490227375e-05,6.531305944846932e-05,0.0001466833843339372,0.00026057757214445053,0.00041407147253942405,0.0006076494906795544,0.0008348292244201595
23,anti,kitaev,51,1.8389779012116712,,,0.2502511323515926,1.0809866464565892,0.0011795324407895065,0.24740448162607928,-1,True,False,True,4.2491065941082224,3.377166722531469,46.622833277468544,0.001179532426572497,1.421700951409477e-11,1.2053089022781584e-08,True,3.59948895466726e-11,3.1894124924623415e-09,1.0,1.0000000028909724,2.8909723243776036e-09,2.8396278386922167,2.839627792372439,2.839056163555574,0.0005716288168646777,0.0005716751366424688,-1.4446133377628973e-06,-1.4446032152622133e-06,False,1.0122500684011296e-11,1.0530335603606003e-14,6.676914008014019e-09,6.128543618949287e-06,-0.7078444589022921,6.128543618949287e-06,2.8863442309926345e-06,1.5359998251121034e-06,6.266628305793333e-07,3.1478891659878767e-07,1.5782479303905988e-07,6.323908646267795e-08,2.086907695642424e-12,6.128543636666737e-06,2.8863442392560655e-06,1.53599982947699e-06,6.266628323214219e-07,3.1478891745276374e-07,1.578247934642423e-07,6.323908663957141e-08,2.086913503560245e-12
24,node,kitaev,82,2.5021558017508014,,,0.27603402440089175,1.3808991367697085,9.60714699376388e-10,0.2748091040815734,-1,True,False,True,4.952189870624766,4.053500982219714,76.94649901778031,9.607142705488785e-10,4.2882750958636785e-16,4.4636301481045844e-07,True,3.492762127643458e-16,8.921019003843201e-13,1.0,0.9999999999995172,3.6326434966658805e-13,2.9523399114762214,2.952339911476222,2.9528823656131213,0.0005424541368994618,0.0005424541368999058,-0.004068814932749151,0.0040688132982526284,True,1.6344965225040253e-09,4.369614217269067e-14,0.6747967038033614,2.9919137422538644e-07,,2.9919137422538644e-07,4.7457043055657166e-07,8.213481031886339e-07,1.8927352941734681e-06,3.5186798036840566e-06,6.092003357769597e-06,1.0218015481879909e-05,1.6555254956962477e-05,2.9919137422524197e-07,4.74570430556394e-07,8.213481031883747e-07,1.892735294172968e-06,3.5186798036831782e-06,6.092003357768006e-06,1.0218015481876834e-05,1.6555254956956463e-05
24,anti,kitaev,82,2.554001439808596,,,0.27603402440089175,1.3808991367697085,0.00013432058039469986,0.2753267092534287,-1,True,False,True,4.952005403846822,4.053111646713053,76.94688835328695,0.00013432057647759182,3.917108038755876e-12,2.916238172322877e-08,False,8.651443352999775e-12,4.707198366203141e-09,0.9999999999999996,1.0000000042120796,4.2120796833632634e-09,2.990211497452604,2.9902114972722034,2.98897427405267,0.0012372232195332344,0.0012372233999338178,1.1392401027564606e-07,1.1392770678676083e-07,False,3.696511114768421e-12,1.6567502095759297e-13,1.8574944876423794e-09,8.520972086278271e-08,-0.12322415427929737,8.520972086278271e-08,3.956438895445055e-08,2.0989395843268184e-08,8.545961606164757e-09,4.285576531929227e-09,2.1454341825461493e-09,8.588575214228312e-10,1.2978680117291206e-14,8.520972122169285e-08,3.9564389120484327e-08,2.0989395931168515e-08,8.545961641729207e-09,4.285576549584922e-09,2.145434191284063e-09,8.588575249038574e-10,1.2978631216685915e-14
25,node,kitaev,87,1.5403870982320074,,,0.27427940362732356,0.8962396055328984,5.509664280793448e-12,0.2715124550137489,-1,True,False,True,3.189638382344392,2.347211431592267,83.65278856840774,5.509617924901532e-12,4.6355891915513804e-17,8.413560165019363e-06,True,3.6445152303246894e-16,2.2849801489442118e-10,1.0,0.9999999995780421,4.2462394388144623e-10,2.85599350000981,2.85599350000981,2.8561026812347987,0.00010918122498893013,0.00010918122498893013,3.519453130985142e-05,3.519453416430367e-05,True,2.854452249925494e-12,6.515338257985855e-12,0.6743295322751198,2.1113437131031537e-11,,2.1113437131031537e-11,3.353433713254279e-11,5.805257700602141e-11,1.3405243789832776e-10,2.502303662328789e-10,4.3704116136546397e-10,7.456139879523209e-10,1.2386550341201125e-09,2.1113437122122557e-11,3.353433711832396e-11,5.805257698134903e-11,1.340524378412277e-10,2.5023036612627e-10,4.3704116117939424e-10,7.456139876352361e-10,1.23865503359415e-09
25,anti,kitaev,87,1.57175094277778,,,0.27427940362732356,0.8962396055328984,7.028350906749085e-07,0.2721449911191964,-1,True,False,True,3.1899861242257774,2.3464798370030553,83.65352016299695,7.028351069157691e-07,1.624086054697612e-14,2.310764041587704e-08,True,4.017813706067453e-14,3.0001348461973626e-09,1.0,0.9999999980473854,1.9526146564719626e-09,2.891725615714289,2.89172561571427,2.8915678117565555,0.00015780395771436417,0.00015780395773346,-2.2996693230139807e-09,-2.3010390768945222e-09,False,1.36975388054154e-12,1.3595699305159612e-11,9.521014158375043e-09,6.384521005466502e-12,-0.0017607125097846876,6.384521005466502e-12,2.9882310750302126e-12,1.5879911716134507e-12,6.471978377382002e-13,3.248444578590351e-13,1.628409281683419e-13,6.53003602177591e-14,5.2884789952120914e-18,6.384520992999993e-12,2.988231069265003e-12,1.5879911685817746e-12,6.471978365436108e-13,3.248444572896199e-13,1.6284092789838454e-13,6.53003601062755e-14,5.2884683746515976e-18
26,node,kitaev,99,3.278854403333692,,,0.2763685957397726,1.2004502553891476,3.2336206210355125e-10,0.2570248537106016,-1,True,False,True,4.27748373984266,3.4189802305590375,94.58101976944096,3.2336200310775765e-10,5.899579359446162e-17,1.8244500672304968e-07,True,5.953005438777049e-16,4.314567178848049e-11,1.0,0.9999999999989722,1.1722966981689609e-12,2.387611727304055,2.387611727304056,2.387612097427998,3.701239421616265e-07,3.701239430498049e-07,-0.0002225360938853451,0.00022253656424280183,True,4.703574567322105e-10,8.959015350082793e-13,0.6734006780437841,7.428346911043472e-10,,7.428346911043472e-10,1.1930007074722336e-09,2.055689186105323e-09,4.753653340613683e-09,8.940683006761476e-09,1.5889165160151938e-08,2.8120252601435275e-08,4.9522313081747125e-08,7.428346911035838e-10,1.1930007074709875e-09,2.0556891861035433e-09,4.753653340610731e-09,8.940683006756405e-09,1.5889165160141965e-08,2.8120252601412058e-08,4.952231308168907e-08
26,anti,kitaev,99,3.3134896229755593,,,0.2763685957397726,1.2004502553891476,4.904355083535372e-06,0.25539488250852455,-1,True,False,True,4.276674882711987,3.42065105749984,94.57934894250015,4.904355103081672e-06,1.954630000336379e-14,3.985498535573728e-09,True,4.780681365700182e-14,8.77108810571998e-10,1.0,0.9999999995946216,4.053784493358748e-10,2.356274640966449,2.356274640964429,2.3562496172018665,2.502376256252603e-05,2.5023764582243757e-05,-1.2938486570858248e-09,-1.2899617854940954e-09,False,3.8868715917293725e-12,1.645576400723932e-12,7.840931846299277e-11,2.1565726108229578e-10,-0.010095762508458417,2.1565726108229578e-10,1.1279207996633402e-10,6.143395459114381e-11,2.5352014996389164e-11,1.2851876827107672e-11,6.538336837424902e-12,2.6702773576742504e-12,1.674044347442869e-18,2.1565726099487298e-10,1.1279207992203412e-10,6.143395456830008e-11,2.5352014989022497e-11,1.285187682509195e-11,6.538336837479109e-12,2.6702773578251624e-12,1.6740626340201643e-18
27,node,kitaev,51,1.9258556681165988,,,0.19054027984378552,1.0245205520371587,2.657351803520473e-07,0.190243088556385,-1,True,False,True,5.314678104230382,4.42056581603625,45.579434183963755,2.657352072632521e-07,2.6911204787048715e-14,1.0127076419236857e-07,False,8.501433865177575e-14,9.057811190758857e-13,1.0,0.9999999999994,1.730516828208103e-14,3.020758751587478,3.020758751587477,3.089326339578527,0.0685675879910499,0.068567587991049,-0.07641439505567275,0.0764142732226161,True,1.2183305665713906e-07,1.4755991338789164e-15,0.6797361876191248,0.00016843788949705805,,0.00016843788949705805,0.0002658921737135736,0.00045638535887441924,0.0010257387430030462,0.0018224458626051303,0.0028960951631954047,0.0042501073219545415,0.005839159771724424,0.000168437889496957,0.0002658921737135262,0.00045638535887439414,0.0010257387430030356,0.0018224458626051217,0.002896095163195389,0.004250107321954507,0.005839159771724356
27,anti,kitaev,51,1.9874417621288203,,,0.19054027984378552,1.0245205520371587,0.002998021092648912,0.1904662956245879,-1,True,False,True,5.25486752507844,4.398807009947127,45.60119299005288,0.00299802116741987,7.47709580882494e-11,2.4940104081184188e-08,False,2.3526911738039393e-10,2.627380080107075e-09,1.0,0.9999999972340379,2.7659621013977174e-09,3.0811967791502717,3.081196714425469,3.1415925760461585,0.06039586162068966,0.06039579689588681,5.233727630997957e-06,5.2337199027766e-06,False,7.728221356895356e-12,2.133683214344353e-15,1.0738407200990111e-08,5.001637251785765e-05,-1.9515729580128847,5.001637251785765e-05,2.3131932188525555e-05,1.2261778751531266e-05,4.990277257494442e-06,2.501509136051507e-06,1.2515989220089592e-06,5.0075010749923e-07,2.739190491548069e-11,5.001637237951426e-05,2.3131932124646308e-05,1.2261778717692385e-05,4.990277243743857e-06,2.5015091291724903e-06,1.2515989185752636e-06,5.0075010613472e-07,2.7391927979206718e-11
28,node,kitaev,94,2.778297346211699,,,0.3046606289023316,0.9944125870920527,8.054792703951395e-12,0.27900053213058706,-1,True,False,True,3.1738699939608055,2.369246917628551,90.63075308237144,7.774355056482247e-12,2.8043764746914744e-13,0.034816246398442344,True,6.717035729832638e-13,1.2029102272622093e-07,0.9999999999999777,0.9999999756202425,2.0628169007473318e-08,2.3148584460067827,2.3148584460067827,2.3148583068097506,1.3919703212295076e-07,1.3919703212295076e-07,-1.2762757088459572e-05,1.2762760036687043e-05,True,2.948227470803925e-12,1.2626286229669833e-10,0.6737588682466205,2.5719152806442107e-12,,2.5719152806442107e-12,4.139979902161056e-12,7.118327474544912e-12,1.641781280125366e-11,3.077784367056561e-11,5.432569683806465e-11,9.474496184633185e-11,1.628879684990251e-10,2.5719152179415397e-12,4.1399798231064675e-12,7.118327362584119e-12,1.641781257907677e-11,3.0777843266934445e-11,5.4325696084029296e-11,9.474496029564843e-11,1.6288796513894455e-10
28,anti,kitaev,94,2.807864344900328,,,0.3046606289023316,0.9944125870920527,2.401117287768654e-07,0.2769476894525852,-1,True,False,True,3.172636079204006,2.3718798271965285,90.62812017280349,2.4011172170197823e-07,7.0748871611712744e-15,2.9464979479390326e-08,True,1.8090487934083353e-14,6.117285237066873e-09,0.9999999999999994,1.0000000024350812,2.4350811816197777e-09,2.281882144797324,2.281882144797316,2.2818630193351965,1.912546211935151e-05,1.9125462127345116e-05,-1.2467865150962754e-09,-1.2517950367561885e-09,False,5.008521659913044e-12,9.526265798293888e-11,2.145649469324551e-08,7.707216623285785e-13,-0.0006783916229461096,7.707216623285785e-13,4.1339999993927027e-13,2.2660843867934323e-13,9.386496734917262e-14,4.771068400767372e-14,2.4342010233922958e-14,9.96124502437963e-15,1.5544766142258642e-18,7.707216642053483e-13,4.1340000088877925e-13,2.266084391495479e-13,9.386496746857107e-14,4.7710684009059635e-14,2.434201019883498e-14,9.961245004145659e-15,1.5544678172901492e-18
29,node,kitaev,65,2.698225059510883,,,0.22926439042906477,1.0928769471566,3.6501563093144396e-08,0.2228244911130404,-1,True,False,True,4.711033604862363,3.8253704942644755,60.17462950573555,3.6501559918260695e-08,3.1748837006587448e-15,8.697939024027826e-08,True,8.803061281144896e-15,1.1449420457218703e-12,1.0,1.0000000000004012,2.757687523502237e-13,2.665591197582807,2.665591197582806,2.665646998476374,5.580089356804763e-05,5.580089356715945e-05,0.013451772321698953,0.013451724944591797,True,4.7377107155813225e-08,1.946037278822929e-14,0.6769230261492291,4.112504367439196e-06,,4.112504367439196e-06,6.536616708312057e-06,1.1244643604876526e-05,2.5605458832565322e-05,4.668482745880823e-05,7.774827786303463e-05,0.00012199505543233205,0.00018095017859482606,4.112504367440846e-06,6.536616708313986e-06,1.1244643604879355e-05,2.5605458832571085e-05,4.668482745881842e-05,7.774827786305222e-05,0.00012199505543236223,0.00018095017859487596
29,anti,kitaev,65,2.7482250195901634,,,0.22926439042906477,1.0928769471566,0.00042800462653264093,0.22147614905105584,-1,True,False,True,4.707589179504673,3.8260403450578195,60.17395965494219,0.0004280046270386009,5.059599657644687e-13,1.1821366742302786e-09,True,1.4006100113456245e-12,3.3670384785661174e-10,1.0,0.9999999997723303,2.2766970333849584e-10,2.6181110535509085,2.6181110425506944,2.6180384092270117,7.263332368268038e-05,7.264432389675335e-05,-1.3010219702591283e-06,-1.3010240833884882e-06,False,2.1131293598662145e-12,2.1696148226746283e-14,2.4183354805300444e-08,1.0768106860304985e-06,-0.4228772970188617,1.0768106860304985e-06,5.259602119166363e-07,2.8210665248886666e-07,1.155961759918237e-07,5.828742340105209e-08,2.936026500416552e-08,1.1811860375694344e-08,1.692658167096902e-12,1.0768106857853413e-06,5.259602117987448e-07,2.821066524268312e-07,1.1559617596815766e-07,5.828742339036735e-08,2.9360264999305653e-08,1.1811860373761795e-08,1.692658496695075e-12
30,node,kitaev,96,2.833259654065509,,,0.1998209621578596,1.351192993929143,1.0393221796320905e-08,0.1996311285480737,-1,True,False,True,6.724559698971559,5.799107640857493,89.20089235914249,1.0393222612755849e-08,8.164349441346453e-16,7.855455797389555e-08,False,2.7178975325524907e-15,3.6577550614796367e-13,1.0,1.000000000000028,1.1149076490641879e-13,3.0444307009890803,3.0444307009890803,3.0469672556346907,0.0025365546456104227,0.0025365546456104227,-0.010925628756164409,0.010925629619935064,True,8.637706556957614e-10,3.418044728216209e-14,0.6736117084583979,1.8459163587034994e-06,,1.8459163587034994e-06,2.9295046724143233e-06,5.082192404099153e-06,1.1782666558785696e-05,2.2134840074261333e-05,3.918864299469993e-05,6.876078818763339e-05,0.00011936936371752671,1.8459163587035509e-06,2.929504672414121e-06,5.082192404098672e-06,1.1782666558784512e-05,2.213484007425918e-05,3.9188642994696155e-05,6.876078818762645e-05,0.0001193693637175134
30,anti,kitaev,96,2.8768139063199754,,,0.1998209621578596,1.351192993929143,0.0003029196113844264,0.19948307157421052,-1,True,False,True,6.72174748419229,5.7986084819784285,89.2013915180216,0.0003029195993484128,1.2036013570353166e-11,3.973335868003149e-08,False,3.4902388519207905e-11,7.660295878792966e-09,0.9999999999999992,1.0000000072361275,7.236127404515595e-09,3.0120559617231306,3.012055960904772,3.0110449311317353,0.0010110297730365758,0.00101103059139529,-6.103660143020467e-08,-6.104173156523673e-08,False,5.130135032060945e-12,3.085018530466866e-14,7.689091721881668e-11,5.047012877817796e-07,-0.3939526812433633,5.047012877817796e-07,2.3404379552483485e-07,1.2412904806307193e-07,5.0530806404874114e-08,2.5335555757576232e-08,1.2681036958659291e-08,5.075866850329099e-09,3.725466714156291e-15,5.047012914338624e-07,2.3404379721473252e-07,1.241290489584571e-07,5.0530806768333424e-08,2.533555593890499e-08,1.268103704883717e-08,5.075866886350758e-09,3.725396176391888e-15
31,node,kitaev,87,2.3810259763907937,,,0.17933691594163453,0.8833938729243174,4.229951420416652e-09,0.1680741258782696,-1,True,False,True,4.868307343032552,3.9905957177121665,82.00940428228785,4.229950786322255e-09,6.340943973256866e-16,1.4990583444176482e-07,True,8.807362357718973e-16,1.7872330561845548e-12,0.9999999999999997,0.9999999999988641,1.1584166804156827e-12,2.427596542916869,2.427596542916868,2.427597865017159,1.3221002905794421e-06,1.3221002896912637e-06,-0.0023143101765771288,0.00231431760363654,True,7.427059411056758e-09,1.0267858615452975e-13,0.6743295093660325,9.129599206077941e-08,,9.129599206077941e-08,1.4631958924196967e-07,2.51916726650791e-07,5.800873222216183e-07,1.082274525008818e-06,1.8899672439674401e-06,3.2241908665939155e-06,5.356031593408462e-06,9.129599206067572e-08,1.4631958924180847e-07,2.5191672665053076e-07,5.800873222210812e-07,1.0822745250078783e-06,1.8899672439657806e-06,3.224190866590758e-06,5.356031593402257e-06
31,anti,kitaev,87,2.4102414187083134,,,0.17933691594163453,0.8833938729243174,4.302236333778473e-05,0.1668877873030053,-1,True,False,True,4.867423745494596,3.9921409575854963,82.00785904241452,4.302236239198539e-05,9.457993402676133e-13,2.198390016005833e-08,True,3.4504206630954195e-12,5.5807706087977715e-09,1.0,1.0000000029970837,2.9970836294287482e-09,2.3919959223294978,2.3919959220605627,2.3919500701602088,4.58519003538882e-05,4.585216928898461e-05,2.3732028422017068e-07,2.3731424438685076e-07,False,6.039833319923282e-12,1.7724125092424807e-13,2.553013681181891e-08,2.535696813204996e-08,-0.12443205376346399,2.535696813204996e-08,1.311699480719559e-08,7.126204893197351e-09,2.937906414778306e-09,1.4888087226438308e-09,7.564910227813598e-10,3.0799736752201436e-10,5.6320917302345475e-14,2.5356968208046915e-08,1.3116994845591063e-08,7.126204913262084e-09,2.9379064217702906e-09,1.4888087251493046e-09,7.564910235037674e-10,3.0799736789600985e-10,5.632113036512511e-14
32,node,kitaev,76,2.499976886342736,,,0.3259811572619093,1.1355586477649997,7.120917780036145e-10,0.32430777581176123,-1,True,False,True,3.411038187525693,2.556749222314511,72.4432507776855,7.120915721468579e-10,2.0585675664478006e-16,2.890873943551349e-07,True,5.2470734924266933e-17,8.340265057189395e-12,0.9999999999999999,1.0000000000027907,2.3696155971564697e-12,2.9375912087303746,2.9375912087303746,2.9381768986360144,0.0005856899056397857,0.0005856899056397857,0.0003314203963021194,0.0003314199508558615,True,4.454462578960469e-10,8.465660162444529e-13,0.6754379016529811,2.139732313235268e-09,,2.139732313235268e-09,3.3924554965059853e-09,5.864456607136038e-09,1.3470363556530363e-08,2.489854257162677e-08,4.259638180945472e-08,6.98993922012373e-08,1.0983947908505386e-07,2.1397323132412396e-09,3.392455496514159e-09,5.864456607148617e-09,1.3470363556555041e-08,2.489854257166942e-08,4.25963818095301e-08,6.989939220137764e-08,1.0983947908531414e-07
32,anti,kitaev,76,2.545490301105615,,,0.3259811572619093,1.1355586477649997,9.602593064206286e-06,0.32357383090771824,-1,True,False,True,3.41072320857654,2.5574023298839346,72.44259767011609,9.602592873950558e-06,1.9025572777105464e-13,1.9812953282403877e-08,True,3.8901843082661716e-13,2.9529111209627864e-09,0.9999999999999996,1.0000000021424278,2.1424278287100793e-09,2.8968347339564886,2.8968347339542566,2.896538638075415,0.00029609587884182886,0.00029609588107382123,2.2381986503668737e-08,2.2372444659525663e-08,False,9.541844143073351e-12,2.503788066520527e-12,1.0440689966740213e-08,6.313271509508555e-10,-0.011438045681093533,6.313271509508555e-10,2.9535701503248487e-10,1.569446192383453e-10,6.396458686553361e-11,3.2106546460049806e-11,1.609319157674307e-11,6.451191569343388e-12,5.009533198503241e-16,6.313271523034284e-10,2.95357015658906e-10,1.5694461956855291e-10,6.396458699676187e-11,3.210654652354646e-11,1.609319160757187e-11,6.451191582160985e-12,5.009542150134884e-16
33,node,kitaev,50,1.18374639613437,,,0.19969110894767794,0.8125559087699554,6.479726911703755e-08,0.19208975352649135,-1,True,False,True,4.001792534510319,3.1401162645405054,45.8598837354595,6.479726667990451e-08,2.437133038435063e-15,3.7611662831547515e-08,True,8.59228518358414e-15,5.40631044962836e-13,1.0,1.0000000000000788,1.599866054852108e-14,2.587190384231356,2.5871903842313557,2.5872754294744116,8.504524305585903e-05,8.504524305541494e-05,-0.023429112303477065,0.023428986412827747,True,1.2589064931831095e-07,1.083047035654916e-14,0.6799999421989223,1.6144804411420443e-05,,1.6144804411420443e-05,2.5638324307441037e-05,4.382447390629602e-05,9.81744320130731e-05,0.00017393914167628276,0.00027525692144208635,0.00040180478192150103,0.0005489233033289403,1.6144804411421717e-05,2.5638324307441695e-05,4.3824473906296264e-05,9.817443201307291e-05,0.0001739391416762826,0.0002752569214420873,0.00040180478192150483,0.0005489233033289491
33,anti,kitaev,50,1.2318723002623437,,,0.19969110894767794,0.8125559087699554,0.0007183745447021878,0.19369311319787966,-1,True,False,True,3.996554078253819,3.1363041274942325,45.86369587250578,0.0007183745194037405,2.529844725634306e-11,3.5216235657168065e-08,True,8.289648097474173e-11,1.0338737030581383e-08,1.0,1.0000000078229005,7.822900531557359e-09,2.6489774590421593,2.648977406859493,2.648846242584696,0.0001311642747969799,0.000131216457463168,2.0924071228318184e-06,2.092409015150287e-06,False,1.8923184688050126e-12,2.6766018479500143e-14,2.1289783430402664e-08,4.112928233384591e-06,-0.7638514309373976,4.112928233384591e-06,1.997502577857939e-06,1.070309604482359e-06,4.385675293350808e-07,2.210681401136966e-07,1.1117960428750947e-07,4.463405781975143e-08,4.37816756767718e-12,4.11292826555962e-06,1.9975025931915446e-06,1.0703096125285937e-06,4.3856753241262324e-07,2.2106814154066376e-07,1.1117960497307077e-07,4.463405809913609e-08,4.378134072684241e-12
34,node,kitaev,81,3.450819186591283,,,0.19789233518375404,1.2904883091242714,6.818364731705378e-08,0.18624583500920633,-1,True,False,True,6.476226630548417,5.569048385860408,74.4309516141396,6.818364100047498e-08,6.316578797559494e-15,9.264067039692698e-08,True,1.8897184218640656e-14,1.404133102182556e-12,0.9999999999999998,0.999999999999797,1.3914245089604014e-13,2.4519771753133934,2.4519771753133934,2.4519795834033755,2.4080899820866364e-06,2.4080899820866364e-06,-0.02325439511983452,0.02325447592470914,True,8.0804874617868e-08,6.125981695048789e-15,0.6748971243451131,9.892077226467958e-06,,9.892077226467958e-06,1.58345637183382e-05,2.7247624213822573e-05,6.257957997686918e-05,0.00011617370561270077,0.00020072712860823492,0.0003354682667297064,0.0005407668923893835,9.892077226465951e-06,1.5834563718335986e-05,2.7247624213819548e-05,6.257957997686312e-05,0.0001161737056126898,0.00020072712860821486,0.0003354682667296677,0.0005407668923893082
34,anti,kitaev,81,3.496920744256726,,,0.19789233518375404,1.2904883091242714,0.000682074710495105,0.18496726298878305,-1,True,False,True,6.4656548482632665,5.567604996721318,74.43239500327869,0.000682074727364504,1.6869398998357876e-11,2.4732479798455952e-08,True,5.297959513232644e-11,7.880568032592788e-09,1.0,0.9999999947909224,5.209077649394096e-09,2.41377340864452,2.413773378212161,2.413689255531826,8.412268033497483e-05,8.415311269382997e-05,-9.775857386915866e-07,-9.7760633952209e-07,False,2.060083050328676e-11,1.4956591361262722e-14,4.69315446894212e-09,2.5139685893032847e-06,-0.7929149028864172,2.5139685893032847e-06,1.2918229990310969e-06,7.006168419255183e-07,2.884623375856558e-07,1.459632155979576e-07,7.395091126072903e-08,2.996174864922207e-08,9.556738764926162e-13,2.513968576207827e-06,1.2918229923898802e-06,7.006168383992776e-07,2.8846233626169695e-07,1.4596321503471467e-07,7.395091103161636e-08,2.9961748556513074e-08,9.556842559583452e-13
35,node,kitaev,65,1.536437506376018,,,0.3394361655196378,1.135401567095266,2.9244661816860744e-09,0.320796235637212,-1,True,False,True,3.261928264543739,2.437161535534565,61.56283846446544,2.924466431305261e-09,2.496191868051887e-16,8.535547046786947e-08,True,3.8694673076648004e-16,3.001964426730188e-12,1.0,0.9999999999986114,1.4597603380752333e-12,2.475191386016837,2.475191386016836,2.4752007860592884,9.400042452423207e-06,9.400042451535029e-06,-0.0009754718575690706,0.0009754669187022753,True,4.938866795243559e-09,4.276966936037691e-13,0.6769230419512734,2.162603168338272e-08,,2.162603168338272e-08,3.453498332972773e-08,5.9242759057899674e-08,1.3470526246725473e-07,2.4553214543133517e-07,4.0887121749987687e-07,6.415378701711757e-07,9.515453449092531e-07,2.162603168335269e-08,3.453498332967935e-08,5.924275905781995e-08,1.3470526246708897e-07,2.455321454310457e-07,4.088712174993818e-07,6.415378701703312e-07,9.515453449078641e-07
35,anti,kitaev,65,1.5872884560008327,,,0.3394361655196378,1.135401567095266,3.159732971043718e-05,0.3233357238097169,-1,True,False,True,3.263126725055664,2.4345921831379074,61.565407816862106,3.1597328910580164e-05,7.998570135761031e-13,2.5314069920025416e-08,True,1.6489714245608992e-12,5.711548399959986e-09,1.0,1.0000000031666554,3.1666553144310273e-09,2.522930619537053,2.5229306194690104,2.52288299238309,4.7627085920431966e-05,4.762715396289252e-05,9.670035824640706e-08,9.670421913601528e-08,False,3.860889608224162e-12,4.3632721400987945e-13,2.3480150453935452e-08,6.1269161097967555e-09,-0.03008871846902489,6.1269161097967555e-09,3.060077290196247e-09,1.6500181259324386e-09,6.784580874070183e-10,3.4312034496177633e-10,1.734228747106813e-10,6.997334839743919e-11,9.350959284983413e-15,6.126916129198587e-09,3.0600772995436403e-09,1.650018130729375e-09,6.784580890449558e-10,3.431203455646614e-10,1.7342287492352143e-10,6.997334848387862e-11,9.350914272638077e-15
36,node,kitaev,41,2.81680618949233,,,0.19435553199187816,1.2262211245578913,9.505321801216502e-07,0.19223239965710354,-1,True,False,True,6.087290815396877,5.2972903962512286,34.702709603748765,9.505320538492955e-07,1.2627235468977053e-13,1.32843850350874e-07,False,3.8362405172599444e-13,1.813694204149925e-12,1.0,0.9999999999994649,1.1388841450624395e-13,2.8423966463170913,2.8423966463170682,2.8446894135531466,0.002292767236078408,0.0022927672360553153,-0.23880492237330503,0.2388053817176786,True,4.5934437356565105e-07,1.0678356024923496e-15,0.682926985802613,0.002036706352797429,,0.002036706352797429,0.0032111712995685614,0.005476255913638214,0.012098486582005378,0.0208665296371417,0.03166453682877246,0.04394434481100972,0.05702779094972024,0.002036706352796339,0.003211171299567849,0.005476255913637533,0.012098486582004315,0.020866529637139888,0.031664536828769484,0.04394434481100517,0.05702779094971375
36,anti,kitaev,41,2.906692086622003,,,0.19435553199187816,1.2262211245578913,0.013742181011338105,0.19098629315141416,-1,True,False,True,5.709372725855861,5.094534743729031,34.90546525627096,0.01374218071900694,2.9233116448368346e-10,2.1272545037974183e-08,True,8.810176204681521e-10,9.85430073334629e-09,1.0,1.0000000106136193,1.0613619416786108e-08,2.767804693063722,2.767798544415128,2.767380477747243,0.00041806666788524183,0.00042421531647907074,-2.0513645697658317e-05,-2.0513664595114833e-05,False,1.8897456516286937e-11,1.7594633272100126e-15,2.5958784078789885e-08,0.00039538254981793885,-4.254700364142959,0.00039538254981793885,0.00018809457925866648,0.00010030679355807652,4.09587719909555e-05,2.057483797994224e-05,1.0310360215699735e-05,4.128583247437434e-06,4.2080965980908625e-10,0.00039538255401437876,0.00018809458123965708,0.0001003067946086923,4.0958772413517455e-05,2.057483818928703e-05,1.0310360320137598e-05,4.128583289048948e-06,4.2080772673475446e-10
37,node,kitaev,79,1.7393906075649737,,,0.297658676103012,0.9427333232305569,6.763017085257008e-11,0.2967468977724766,-1,True,False,True,3.0877750541666797,2.2470505782818546,75.75294942171816,6.763057136849987e-11,4.0051592978785676e-16,5.92214872059038e-06,False,8.468348618363422e-17,5.419241420805592e-11,1.0,1.000000000023927,2.1196235921657915e-11,2.984513976684838,2.9845139766848385,2.9856845411236272,0.0011705644387887126,0.0011705644387891567,7.62465521830092e-05,7.624658596590666e-05,True,3.378289745929568e-11,3.116666849589857e-12,0.6751061700450106,1.0900370292509555e-10,,1.0900370292509555e-10,1.7281330769423064e-10,2.9897281475416433e-10,6.87944391862878e-10,1.2754192171448982e-09,2.195505111214989e-09,3.643169639843911e-09,5.8135367197963416e-09,1.0900370292770369e-10,1.7281330769785296e-10,2.9897281475986836e-10,6.879443918747323e-10,1.2754192171659566e-09,2.1955051112520677e-09,3.643169639911543e-09,5.813536719919567e-09
37,anti,kitaev,79,1.7758743510741486,,,0.297658676103012,0.9427333232305569,1.771272381842536e-06,0.29716698413394016,-1,True,False,True,3.087973230315769,2.2466324215330156,75.753367578467,1.7712725426557801e-06,1.608132441128379e-13,9.07896751292168e-08,False,3.6704730228918664e-13,6.607678311128071e-09,1.0,0.999999995565793,4.4342069835235515e-09,3.023798751312992,3.0237987513129396,3.0206417690878857,0.003156982225053895,0.0031569822251062973,5.131865118364208e-09,5.131538342673121e-09,False,3.2677569108659605e-13,1.0022362024822475e-11,9.671300369796467e-09,3.4469779351179445e-11,-0.0032801420796721302,3.4469779351179445e-11,1.5974805453958713e-11,8.4716204275281e-12,3.4486324175153316e-12,1.7291110669916203e-12,8.654084751470721e-13,3.4634612393438747e-13,2.6336039593093704e-17,3.446977919833331e-11,1.597480538355658e-11,8.471620390362515e-12,3.4486324025955278e-12,1.7291110596680857e-12,8.654084715746682e-13,3.4634612254590625e-13,2.6336150184953924e-17
38,node,kitaev,66,1.7858437050731437,,,0.2670000119945274,0.8727039535415604,3.561222881886773e-10,0.2669602175204902,-1,True,False,True,3.1920277116745854,2.3451224829426316,62.65487751705737,3.561222723681628e-10,1.5820514482515366e-17,4.442438737261368e-08,False,1.7595283414226647e-16,5.698969399914295e-12,1.0,1.000000000003936,3.0491147963085555e-12,3.094702607934803,3.094702607934803,3.0479227492913,0.04677985864350287,0.04677985864350287,0.0006849042661757065,0.0006849041112351446,True,1.5494056189967187e-10,6.746858875644234e-13,0.676765023887753,1.0502142372684593e-08,,1.0502142372684593e-08,1.6617866193020492e-08,2.8674855301652494e-08,6.544058468325982e-08,1.1951519422147544e-07,1.9960336185816098e-07,3.145697327198296e-07,4.690938538256831e-07,1.0502142372725929e-08,1.661786619307122e-08,2.8674855301726226e-08,6.544058468340573e-08,1.1951519422173585e-07,1.9960336185862462e-07,3.1456973272065936e-07,4.690938538271134e-07
38,anti,kitaev,66,1.826239534781587,,,0.2670000119945274,0.8727039535415604,1.7613656048261366e-05,0.2667072221309175,-1,True,False,True,3.191902013990566,2.345367847894888,62.65463215210514,1.7613657137396262e-05,1.0891348959588942e-12,6.183468627834378e-08,False,2.7462263840954502e-12,4.159264588146553e-09,1.0,0.9999999971190463,2.8809536690313617e-09,3.0478331581048064,3.0478331581000173,3.0366587612338427,0.011174396866174607,0.011174396870963665,-1.2201825928476667e-08,-1.2202107017535893e-08,False,2.81089059226416e-13,4.4765753752766256e-13,6.771418842158484e-10,3.331394288958976e-09,-0.0266266949694931,3.331394288958976e-09,1.542325048993997e-09,8.177379876915869e-10,3.3284852382170137e-10,1.6687197607248862e-10,8.35069100514773e-11,3.3415014625075473e-11,1.4888455598858415e-16,3.3313942793613835e-09,1.542325044572148e-09,8.177379853545951e-10,3.328485228790849e-10,1.6687197560569165e-10,8.350690982033687e-11,3.341501453270102e-11,1.4888596187684036e-16
39,node,kitaev,57,1.6897771658180252,,,0.3250534041042089,0.9456035013914751,2.368805909950011e-09,0.3231479801859959,-1,True,False,True,2.8222065588959317,1.9969813431504504,54.003018656849555,2.368805660443868e-09,2.495061430619063e-16,1.0532992256304006e-07,False,3.711834987659803e-16,2.774375972995806e-12,1.0,1.0000000000000626,8.331075192637271e-14,2.9249340278640865,2.9249340278640865,2.9265839032703544,0.001649875406267931,0.001649875406267931,0.0008710474159441813,0.0008710481592904293,True,7.433462479453437e-10,2.965562945011174e-13,0.6783637409943375,1.9622128308045173e-08,,1.9622128308045173e-08,3.103326956341304e-08,5.337225307394623e-08,1.2078447194375261e-07,2.1735781967866523e-07,3.5317095967390123e-07,5.341701342672563e-07,7.587236008230356e-07,1.96221283080464e-08,3.1033269563414394e-08,5.33722530739467e-08,1.207844719437526e-07,2.1735781967866843e-07,3.531709596739134e-07,5.341701342672874e-07,7.587236008230989e-07
39,anti,kitaev,57,1.7400424225816433,,,0.3250534041042089,0.9456035013914751,2.7883033244606423e-05,0.32399092798579726,-1,True,False,True,2.8226017693161793,1.9961125267133626,54.00388747328666,2.7883032511793283e-05,7.32813139461613e-13,2.628168653793666e-08,False,1.5762451500601773e-12,2.6815068982196025e-09,1.0,1.000000002160642,2.160642170948675e-09,2.9791387547723778,2.979138754754569,2.9743981968617077,0.004740557892861208,0.0047405579106700735,8.202158070865927e-08,8.201398561609494e-08,False,7.59509256432535e-12,3.8022988582470346e-13,1.971680454811193e-08,5.986112609011164e-09,-0.027201383782998072,5.986112609011164e-09,2.7816235969521327e-09,1.4759964136573774e-09,6.010898573885032e-10,3.0147919403448435e-10,1.509272024543323e-10,6.040933822355712e-11,6.727539701948242e-15,5.986112621945012e-09,2.7816236029093978e-09,1.4759964167975604e-09,6.010898586432498e-10,3.014791946486631e-10,1.5092720275524068e-10,6.040933834090607e-11,6.727529392165562e-15
40,node,kitaev,53,2.302673614226474,,,0.21488377307205145,1.2221194606649468,3.4960026414318e-07,0.2145292005436203,-1,True,False,True,5.624244877972458,4.7276392881110425,47.272360711888986,3.496002571115823e-07,7.0315977424568305e-15,2.011325065697609e-08,False,1.9230152204141304e-14,2.0900775536030725e-13,0.9999999999999998,0.9999999999998636,1.0707233084437704e-14,3.025240878270314,3.025240878270313,3.0896629350494975,0.06442205677918444,0.06442205677918356,0.08199748797899323,0.08199751234158982,True,2.43625965928862e-08,2.5791506070850702e-15,0.6792477536735299,0.00018676565496925063,,0.00018676565496925063,0.0002949472666852809,0.0005066965578704984,0.0011417291866190832,0.002037879536710051,0.003263836702685109,0.004839486890146934,0.006723588034865138,0.00018676565496922516,0.0002949472666852671,0.0005066965578704879,0.0011417291866190698,0.0020378795367100287,0.003263836702685074,0.004839486890146881,0.006723588034865066
40,anti,kitaev,53,2.37344440443528,,,0.21488377307205145,1.2221194606649468,0.003697553874098547,0.21486099913244153,-1,True,False,True,5.553407563462051,4.701405650664599,47.2985943493354,0.0036975537427554697,1.3134307747311724e-10,3.5521612921769345e-08,False,3.628124413384432e-10,3.845037829115691e-09,1.0,1.000000004116419,4.116418976430969e-09,3.083431633648493,3.0834315670243893,3.1415925760461585,0.05816100902176924,0.05816094239766567,6.797575149529466e-06,6.797568432616307e-06,False,6.7169131593371894e-12,7.674513966081372e-15,1.5801038469932363e-08,5.517553273527336e-05,-1.8226784622783938,5.517553273527336e-05,2.5516510974758583e-05,1.3525627657641434e-05,5.504591470086129e-06,2.7593068507151843e-06,1.380580731614388e-06,5.523588325428398e-07,4.620702791354509e-11,5.517553296239897e-05,2.551651107964375e-05,1.352562771320652e-05,5.504591492669401e-06,2.759306862014269e-06,1.3805807372532987e-06,5.523588347811073e-07,4.6206985414350995e-11
41,node,kitaev,48,2.0637491311895744,,,0.3182910896418733,0.8918235019594778,3.862762648060841e-09,0.31421288940009867,-1,True,False,True,2.7105728192846863,1.8956474484465418,45.104352551553454,3.862762883428869e-09,2.353680278668413e-16,6.093256286015896e-08,True,6.613544566238017e-16,1.884544453838943e-12,0.9999999999999997,0.9999999999995156,4.0582592541735787e-13,2.821020273773776,2.821020273773776,2.821922709562084,0.0009024357883080647,0.0009024357883080647,0.002621658523573672,0.002621655025997754,True,3.4975759181238297e-09,2.0145597679806826e-13,0.6805552815770429,2.1040090350618863e-07,,2.1040090350618863e-07,3.325047221361816e-07,5.692896391348996e-07,1.2733601413088489e-06,2.244985256166298e-06,3.5230094039878495e-06,5.087987066220704e-06,6.873093414226485e-06,2.1040090350608673e-07,3.3250472213604654e-07,5.692896391346934e-07,1.2733601413084313e-06,2.244985256165569e-06,3.523009403986642e-06,5.087987066218806e-06,6.873093414223696e-06
41,anti,kitaev,48,2.1190004512104896,,,0.3182910896418733,0.8918235019594778,9.220280079964739e-05,0.31244011769344815,-1,True,False,True,2.7095439451552643,1.8976593089368685,45.102340691063134,9.220280623051488e-05,5.430867493455387e-12,5.890132887889623e-08,True,1.2252695260679822e-11,1.155991370680876e-08,1.0,0.9999999913268762,8.673123760625522e-09,2.757062651575094,2.7570626510358327,2.7567242415400623,0.0003384094957703532,0.0003384100350314334,2.1601558642316212e-07,2.160238805057942e-07,False,8.294082632077705e-12,1.0244371685015505e-13,1.641599586296474e-08,5.9219086736177375e-08,-0.07460893676600103,5.9219086736177375e-08,2.822121947700949e-08,1.5060070895626966e-08,6.156878445159627e-09,3.0980204388317438e-09,1.5556138617087533e-09,6.239814791828247e-10,4.666273357774328e-14,5.9219086222562906e-08,2.8221219238157384e-08,1.5060070771149608e-08,6.156878397659395e-09,3.0980204166078475e-09,1.5556138507237036e-09,6.239814742314274e-10,4.666222067529397e-14
42,node,kitaev,61,1.6244697262719787,,,0.2563837034952767,0.8122345318001346,6.892301579082505e-10,0.2563837034961331,-1,True,False,True,3.0891279975106603,2.246955655182982,57.75304434481703,6.892300177119273e-10,1.4019632315324986e-16,2.0341002427800415e-07,False,5.317654654266682e-16,2.545460303125055e-12,0.9999999999999998,0.9999999999998999,1.0002984780739578e-13,3.1415918273722196,3.1415918273722196,3.1415925760461585,7.486739388440355e-07,7.486739388440355e-07,0.0010400777413089339,0.0010400776152475009,True,1.260614329937071e-10,1.0300453792643341e-13,0.5081967212037737,3.489553897405001e-08,,3.489553897405001e-08,4.5411549426307634e-08,7.343958510636847e-08,1.6291327834723814e-07,2.941357507343953e-07,4.836808744431098e-07,7.452509230766131e-07,1.0817617079662936e-06,3.489553897404652e-08,4.541154942630288e-08,7.343958510636111e-08,1.6291327834722475e-07,2.9413575073437333e-07,4.836808744430722e-07,7.452509230765481e-07,1.0817617079661854e-06
42,anti,kitaev,61,1.6650961648996976,,,0.2563837034952767,0.8122345318001346,2.6901451460903643e-05,0.25630286413347286,-1,True,False,True,3.0890636331525627,2.2470516069117097,57.7529483930883,2.6901452826364447e-05,1.3654608043214833e-12,5.075788591949887e-08,False,3.616511484040471e-12,1.8613655849472172e-09,1.0,0.9999999991597511,8.402488880695271e-10,3.090933459632632,3.0909334596256794,3.1415925760461585,0.050659116420479045,0.050659116413526384,-2.8025769281396387e-08,-2.802667427022169e-08,False,9.049888253034055e-13,3.200975455853585e-13,1.5019807089852172e-09,8.572764530691603e-09,-0.040203217440201514,8.572764530691603e-09,3.963756458860445e-09,2.1010010740042383e-09,8.550453961613312e-10,4.286131811404037e-10,2.1445298583395466e-10,8.580012263088965e-11,7.854437438163141e-16,8.572764523488347e-09,3.9637564555440714e-09,2.1010010722512747e-09,8.550453954534835e-10,4.286131807892239e-10,2.1445298565990425e-10,8.580012256194907e-11,7.854461154918649e-16
43,node,kitaev,45,2.5802105408005462,,,0.18815279749724198,1.0727005683931394,4.979011946417819e-07,0.18424368174151584,-1,True,False,True,5.597793186773952,4.734709089467273,39.265290910532755,4.979012318025285e-07,3.71607466588154e-14,7.463478107448795e-08,True,1.2056186912206983e-13,1.083275962249601e-12,0.9999999999999994,1.0000000000002702,1.0488049561402591e-13,2.7318230380652375,2.731823038065226,2.7323058154255278,0.0004827773603017782,0.0004827773602902319,-0.14251708992035317,0.14251749477260722,True,4.0485225405451075e-07,1.1250655953479417e-15,0.6814815546061522,0.0006623190893456116,,0.0006623190893456116,0.0010472938234258441,0.0017887537932318215,0.003979974239914478,0.006956045805288174,0.010768237640253269,0.015294920278981185,0.020311120919366033,0.0006623190893457906,0.0010472938234259914,0.001788753793231994,0.003979974239914791,0.006956045805288723,0.01076823764025419,0.015294920278982637,0.020311120919368163
43,anti,kitaev,45,2.6511591612602032,,,0.18815279749724198,1.0727005683931394,0.006446045124797222,0.18281985068899925,-1,True,False,True,5.431179692562814,4.663245584449784,39.33675441555024,0.006446045011584315,1.1321290693117048e-10,1.7563157678752968e-08,True,3.659825008377165e-10,7.281388784300961e-09,1.0,1.0000000068439607,6.843960719844208e-09,2.6637548220892215,2.663752493832556,2.6635288599421463,0.00022363389040958026,0.00022596214707526485,8.841983056294021e-06,8.841967002320983e-06,False,1.6053973038096525e-11,1.7639427372262987e-15,1.2295040380543292e-08,0.00014130478984122235,-3.1766823532009862,0.00014130478984122235,6.842251372747292e-05,3.663155690840578e-05,1.4994953037513056e-05,7.548455807624456e-06,3.790487870211653e-06,1.5201406216083477e-06,7.818066436778698e-11,0.00014130479080830678,6.842251419083557e-05,3.663155715397975e-05,1.4994953134948394e-05,7.548455855231833e-06,3.7904878941509903e-06,1.5201406318163474e-06,7.81811349778659e-11
44,node,kitaev,63,2.135918563099994,,,0.26539410146076725,1.0184127202676831,1.1035481777720685e-08,0.26511814147078694,-1,True,False,True,3.7720336761955844,2.902814807948562,59.09718519205143,1.1035482537895232e-08,7.601745475937879e-16,6.888458183388869e-08,False,1.9149802237773407e-15,6.899694684067431e-13,1.0,0.9999999999993933,2.0060160696036638e-13,3.0434150529162096,3.0434150529162096,3.0926446844424555,0.04922963152624593,0.04922963152624593,0.0038662023362108743,0.0038661974008780578,True,4.9353328164698784e-09,4.8794953962905334e-14,0.6772445275780168,3.50334658412109e-07,,3.50334658412109e-07,5.541912262896206e-07,9.55398028469172e-07,2.174954927172011e-06,3.954626406485627e-06,6.548978703684429e-06,1.018593112288014e-05,1.4947520504522415e-05,3.5033465841189645e-07,5.541912262894556e-07,9.553980284689895e-07,2.174954927171703e-06,3.954626406485089e-06,6.548978703683461e-06,1.0185931122878399e-05,1.4947520504519417e-05
44,anti,kitaev,63,2.1853489068527145,,,0.26539410146076725,1.0184127202676831,0.00012167034944160452,0.2646821775789732,-1,True,False,True,3.7716081151327403,2.903155998093578,59.09684400190646,0.00012167033863373701,1.0807867513278058e-11,8.882909897834455e-08,False,2.630616144367684e-11,1.1526299042483228e-08,1.0,1.0000000105601887,1.056018861475839e-08,2.9943675598628943,2.9943675595983406,2.989990111325849,0.004377448272491424,0.004377448537045137,2.8237033728247565e-07,2.8237290435571827e-07,False,2.5670732426157257e-12,7.342261867274959e-14,1.2304242661782279e-08,1.0285909718196273e-07,-0.12285336869226263,1.0285909718196273e-07,4.774954014234947e-08,2.5331222462729703e-08,1.0314308288044733e-08,5.172719220105721e-09,2.589605938633572e-09,1.036661070219071e-09,7.973300737700328e-14,1.028590982681742e-07,4.774954064400991e-08,2.5331222728022613e-08,1.0314308395116926e-08,5.172719273216753e-09,2.589605965096628e-09,1.0366610810781198e-09,7.973344647269345e-14
45,node,kitaev,81,2.70195517566845,,,0.20508497515490517,1.2552131306767782,1.8327589917994953e-10,0.20452504302836533,-1,True,False,True,6.078556181041323,5.161657955439075,74.83834204456092,1.8327603397523533e-10,1.3479528580748335e-16,7.354774218029319e-07,False,2.9074904838639174e-16,9.840477079024557e-14,1.0,0.9999999999999373,6.732172638633527e-14,2.9883442404363825,2.9883442404363825,2.9894841448969554,0.0011399044605728825,0.0011399044605728825,-0.016375125355225964,0.016375129060450286,True,3.7052243218038683e-09,4.09908046899864e-14,0.6748971222316777,4.905086510690621e-06,,4.905086510690621e-06,7.777721251551773e-06,1.3460758996676098e-05,3.100608460148148e-05,5.7591008658496986e-05,9.952274408745825e-05,0.0001663393802403477,0.0002681447303993644,4.9050865106903135e-06,7.777721251551246e-06,1.3460758996675136e-05,3.1006084601479096e-05,5.759100865849245e-05,9.952274408745054e-05,0.00016633938024033547,0.00026814473039934636
45,anti,kitaev,81,2.7496689389924174,,,0.20508497515490517,1.2552131306767782,0.0004973777674416539,0.20419670305179738,-1,True,False,True,6.073346589121217,5.160663725449062,74.83933627455094,0.0004973777941472196,2.670556571021665e-11,5.369272102285797e-08,True,7.678004713339621e-11,1.2609696503396573e-08,0.9999999999999996,0.9999999887666111,1.1233388891900969e-08,2.950061572981573,2.950061569176352,2.9496300587691318,0.00043151040722033684,0.000431514212441364,8.439788386849299e-07,8.439776872162795e-07,False,1.151468650352544e-12,2.815661090268854e-14,6.799058101066149e-09,1.2933895384320526e-06,-0.5390621917651683,1.2933895384320526e-06,6.022325444498772e-07,3.1967493741247886e-07,1.301954891329373e-07,6.53068671959606e-08,3.2706734758842693e-08,1.3099728343080945e-08,7.123002801479746e-13,1.293389523902905e-06,6.02232537709635e-07,3.1967493384199697e-07,1.3019548768802242e-07,6.530686647847028e-08,3.2706734402842104e-08,1.3099728198893825e-08,7.122968275522001e-13
46,node,kitaev,72,2.1882149548449243,,,0.28050658653628885,1.3531158131389915,2.653296445474326e-08,0.27527532019810047,-1,True,False,True,4.76993426210859,3.879578839712464,67.12042116028753,2.6532967352398895e-08,2.8976556337564797e-15,1.0920964518303079e-07,True,6.3780734364427415e-15,1.453282268187736e-12,1.0,0.9999999999997612,3.138178786069204e-14,2.7542704041979205,2.7542704041979214,2.754352433526501,8.202932857948042e-05,8.20293285803686e-05,-0.007705887263613812,0.007705863094107287,True,2.416950652464611e-08,5.1635480713121115e-14,0.6759258305662205,1.2201515115814182e-06,,1.2201515115814182e-06,1.9379492413894817e-06,3.3427536649563794e-06,7.654162068104916e-06,1.4084092935001694e-05,2.38797014701715e-05,3.8580686863956174e-05,5.938069851952556e-05,1.2201515115811268e-06,1.9379492413893352e-06,3.342753664956311e-06,7.65416206810489e-06,1.40840929350016e-05,2.3879701470171205e-05,3.858068686395536e-05,5.9380698519523694e-05
46,anti,kitaev,72,2.2452508517268703,,,0.28050658653628885,1.3531158131389915,0.0002799089361467678,0.2763630962981135,-1,True,False,True,4.769300040149924,3.8785070740611887,67.12149292593882,0.0002799089301075101,6.039257689858385e-12,2.1575794517298844e-08,True,1.337610300057162e-11,5.340374002234316e-09,1.0,1.0000000038530301,3.8530300851417735e-09,2.7973697988941297,2.7973697969789075,2.7973012564365964,6.854054231109075e-05,6.85424575332938e-05,7.103197528445616e-07,7.103329128241644e-07,False,1.315997960279769e-11,9.637058683110349e-14,2.1362110813187246e-08,3.280432634609154e-07,-0.21209481350470774,3.280432634609154e-07,1.552909862562889e-07,8.272194902604427e-08,3.375971270386379e-08,1.6964526006029506e-08,8.513830138473007e-09,3.4155630331207798e-09,5.045541512811484e-13,3.2804326472487597e-07,1.55290986848926e-07,8.272194933899823e-08,3.375971282771522e-08,1.6964526065323513e-08,8.51383016675329e-09,3.4155630441771534e-09,5.045530401306854e-13
47,node,kitaev,92,1.8080604800165012,,,0.3347746923011235,1.3156657922814463,1.7688916872525806e-10,0.3176928760279724,-1,True,False,True,3.859733828539908,3.0074223919932064,87.99257760800681,1.7688857674563366e-10,5.91979624401712e-16,3.3466131853509187e-06,True,2.589071632664764e-16,1.1345005759999672e-11,0.9999999999999993,0.9999999999995667,1.6322586987822605e-14,2.499761026453814,2.4997610264538137,2.4997638114432736,2.7849894599363267e-06,2.7849894594922375e-06,-0.00016419559194304163,0.0001641953407654213,True,2.511776203424198e-10,1.9375733441179725e-12,0.6739130345310913,4.3484181889453806e-10,,4.3484181889453806e-10,6.956790513051931e-10,1.2001416412001053e-09,2.77116892805621e-09,5.189805396823681e-09,9.134746291529421e-09,1.5834619231104777e-08,2.696019241352585e-08,4.348418188943496e-10,6.956790513050531e-10,1.2001416411999126e-09,2.7711689280559813e-09,5.189805396823575e-09,9.134746291529464e-09,1.5834619231104814e-08,2.696019241352541e-08
47,anti,kitaev,92,1.8500974647264081,,,0.3347746923011235,1.3156657922814463,4.3958213911577215e-06,0.3194792689211276,-1,True,False,True,3.8604577775447986,3.0059156448932995,87.99408435510676,4.395821299939106e-06,9.121861540450265e-14,2.075121059012785e-08,True,1.8286530895271945e-13,4.290412887030712e-09,1.0,1.000000002085746,2.0857460163376858e-09,2.5336133390044235,2.5336133390034634,2.5335940786743536,1.92603291098159e-05,1.926033006993677e-05,-6.938529341399163e-09,-6.937135781146083e-09,False,1.3935602530799098e-12,2.510126206476116e-12,4.129019207903826e-09,1.2673603847326538e-10,-0.006128644134618914,1.2673603847326538e-10,6.308353111605122e-11,3.3974330332790055e-11,1.3945256978019022e-11,7.041724151124705e-12,3.5609461241790845e-12,1.4428060668439827e-12,4.814318942146287e-17,1.2673603873760457e-10,6.308353124403925e-11,3.397433039902074e-11,1.3945257001116328e-11,7.041724159522074e-12,3.5609461265547177e-12,1.442806067814266e-12,4.814351189714282e-17
48,node,kitaev,49,1.8309734656449286,,,0.31044592836914287,1.215226616007919,3.491114179006974e-08,0.3007334290141734,-1,True,False,True,3.8457368249586485,2.9864629885600773,45.01353701143993,3.4911141688682106e-08,1.0138763355974301e-16,2.904162635797323e-09,True,6.458415354064345e-16,1.3108327294199398e-13,1.0,0.9999999999998799,1.1370600014294908e-13,2.6389364141221456,2.6389364141221456,2.6390820990828088,0.0001456849606631394,0.0001456849606631394,-0.021135778206817564,0.02113574046182063,True,3.774499693354194e-08,5.6426698515142886e-15,0.6802720751948957,1.3401634275125309e-05,,1.3401634275125309e-05,2.1251964131505816e-05,3.6335017077029654e-05,8.131181561813696e-05,0.0001437080230963429,0.0002264738173847405,0.0003288391783808393,0.00044672112040778413,1.34016342751237e-05,2.1251964131503485e-05,3.633501707702601e-05,8.13118156181295e-05,0.00014370802309632977,0.00022647381738471862,0.00032883917838080474,0.00044672112040773334
48,anti,kitaev,49,1.9048160223655455,,,0.31044592836914287,1.215226616007919,0.0009942141691237864,0.3030035452806725,-1,True,False,True,3.8416578291380317,2.9831433970379075,45.0168566029621,0.0009942141699373092,8.135228601879874e-13,8.182571577157822e-10,True,1.7205498929249668e-12,2.290416002595047e-10,1.0,0.99999999982047,1.7952999055605222e-10,2.7019455337909304,2.701945494568112,2.701788322650092,0.00015717191802000485,0.00015721114083833143,-1.6880748614879547e-06,-1.6880557065016009e-06,False,1.9154986353797765e-11,1.0080708122038612e-14,1.6895407462775085e-08,3.4420617317022206e-06,-0.4492524732996675,3.4420617317022206e-06,1.6551915218997016e-06,8.84945948012986e-07,3.621550783268342e-07,1.8238360902404574e-07,9.165637740090804e-08,3.6786541918237726e-08,2.849596737987452e-12,3.4420617310842673e-06,1.6551915216076738e-06,8.849459478595604e-07,3.621550782673859e-07,1.8238360899584725e-07,9.165637738692453e-08,3.6786541912055147e-08,2.8495962270951473e-12
49,node,kitaev,60,1.987410175646268,,,0.34797596086848864,0.8453873907752726,9.212718540198913e-11,0.3423417378216372,-1,True,False,True,2.3235659838339577,1.5388822782024545,57.461117721797535,9.212709534110572e-11,9.006088341432052e-17,9.775712024778302e-07,True,1.174699142982531e-16,5.721525161032952e-11,0.9999999999999997,0.9999999999875441,8.60244229810052e-12,2.7810805561161462,2.7810805561161445,2.781309629079305,0.00022907296316043713,0.00022907296315866077,7.726061264853278e-05,7.72605141298752e-05,True,9.851865757383709e-11,1.95123828689073e-12,0.6777775629380082,1.467837088260323e-10,,1.467837088260323e-10,2.3266167106420572e-10,4.001321140563675e-10,9.077582208200248e-10,1.6422703931095711e-09,2.6948029497524178e-09,4.134266232353556e-09,5.969202266826623e-09,1.4678370882420398e-10,2.3266167106203877e-10,4.001321140531939e-10,9.077582208137599e-10,1.6422703930986383e-09,2.6948029497336465e-09,4.134266232321766e-09,5.969202266775274e-09
49,anti,kitaev,60,2.029137140927262,,,0.34797596086848864,0.8453873907752726,2.052243011925778e-06,0.3406265292509419,-1,True,False,True,2.322636726944514,1.5409325297710095,57.45906747022904,2.052243048038013e-06,3.6112234960716284e-14,1.7596471154178464e-08,True,7.843331825585518e-14,2.705137516202663e-09,1.0,0.9999999983300036,1.6699963109004609e-09,2.729685737878368,2.7296857378780475,2.7295830063507442,0.00010273152730322366,0.00010273152762385607,6.7313180015091725e-09,6.7341052130023385e-09,False,2.7872114931659827e-12,4.492527932144018e-12,1.7257747645337515e-08,4.375874435124882e-11,-0.002910553873385054,4.375874435124882e-11,2.0940217709429953e-11,1.118403317071946e-11,4.573474756619514e-12,2.3021439286048785e-12,1.1572479024764396e-12,4.648629800707394e-13,4.5310642037439253e-17,4.375874427817188e-11,2.0940217675571735e-11,1.1184033153235417e-11,4.573474750181018e-12,2.3021439257853478e-12,1.157247901176991e-12,4.648629794533833e-13,4.531053045565389e-17
50,node,kitaev,63,1.2792446357567837,,,0.3132586618747397,1.0286989535008524,1.1460880457334948e-09,0.28941391715960735,-1,True,False,True,3.19570553111209,2.3854109680164495,59.61458903198353,1.1460881019023358e-09,5.616884108873267e-17,4.9009185025383184e-08,True,5.158720654094558e-16,2.759865425345935e-12,0.9999999999999999,1.0000000000025118,2.4575320751637635e-12,2.3561933684273884,2.356193368427389,2.3561948607060974,1.4922787086035783e-06,1.4922787090476675e-06,-0.0010876917319890798,0.0010876893618666473,True,2.3701224325170522e-09,3.1099896558621116e-13,0.6772486702798282,2.7728280844011546e-08,,2.7728280844011546e-08,4.4439778744980176e-08,7.601699641884037e-08,1.7234612433738063e-07,3.131290095296013e-07,5.184274935094367e-07,8.0625174043103e-07,1.1830733038374043e-06,2.772828084408119e-08,4.4439778745086955e-08,7.601699641901168e-08,1.7234612433772974e-07,3.131290095302079e-07,5.184274935104753e-07,8.062517404328027e-07,1.1830733038403117e-06
50,anti,kitaev,63,1.3257559070999718,,,0.3132586618747397,1.0286989535008524,3.222610107024169e-05,0.29228287066749814,-1,True,False,True,3.1972735153031326,2.382033440956334,59.6179665590437,3.2226103631498964e-05,2.5612572772306524e-12,7.947772743739625e-08,True,5.865669850159265e-12,1.8635141321498978e-08,1.0,0.9999999901106286,9.889371417677221e-09,2.405463271785128,2.4054632716768154,2.4053994302563866,6.38414204288118e-05,6.38415287412819e-05,-1.0759691963557793e-07,-1.0758829943483329e-07,False,8.620200744632929e-12,2.7737163077418494e-13,2.3463927090781703e-08,7.83174297976184e-09,-0.036668596625730354,7.83174297976184e-09,4.040074827271023e-09,2.195235337875424e-09,9.06852398919032e-10,4.6042880735806645e-10,2.3374490725980583e-10,9.469488669235966e-11,1.1577097115064804e-14,7.831742902310824e-09,4.040074789164347e-09,2.1952353186031697e-09,9.068523929174529e-10,4.604288055646013e-10,2.3374490674531324e-10,9.469488625099788e-11,1.1576878883415895e-14
51,node,kitaev,75,1.1083517332965027,,,0.3449199253618137,0.9152343751923883,3.0327347471153896e-11,0.3158953396882438,-1,True,False,True,2.5433523516624854,1.782416087231031,72.21758391276894,3.0327312491524226e-11,3.497962967010675e-17,1.1534022124215745e-06,True,2.7734009001716277e-16,3.3123925438434263e-10,1.0,1.0000000000005118,4.4965910060805365e-12,2.3148601736251733,2.3148601736251737,2.31485991788464,2.5574053363897065e-07,2.5574053319488144e-07,1.5169106873156033e-05,1.5169165669449333e-05,True,5.879629330065791e-11,4.0512803374246094e-11,0.6755555706240598,4.541482859145949e-12,,4.541482859145949e-12,7.29972310137128e-12,1.251217541891011e-11,2.859892957061699e-11,5.276426367883802e-11,9.005286823902657e-11,1.4719728781142764e-10,2.301018033292296e-10,4.541482859148274e-12,7.29972310135914e-12,1.2512175418886454e-11,2.859892957053452e-11,5.276426367864473e-11,9.00528682386593e-11,1.4719728781079299e-10,2.3010180332819492e-10
51,anti,kitaev,75,1.1426385924028528,,,0.3449199253618137,0.9152343751923883,3.3125291424360306e-07,0.31869535786363445,-1,True,False,True,2.5450507734930623,1.7786669003046458,72.22133309969537,3.3125292341724887e-07,9.173645810241075e-15,2.7693781445481215e-08,True,1.9993951643060815e-14,5.054119752137654e-09,1.0,0.9999999978747653,2.125234705560705e-09,2.356328659945558,2.356328659945543,2.356305038218813,2.362172673020524e-05,2.3621726745304272e-05,-1.5148250974678673e-09,-1.5118843726760968e-09,False,2.940724791770532e-12,4.89667487992533e-11,2.255052243446437e-08,1.3567727503652035e-12,-0.0006932579459392085,1.3567727503652035e-12,7.105275002543049e-13,3.8743346047819193e-13,1.6024241953724374e-13,8.140358432307303e-14,4.142265055634122e-14,1.685461114814131e-14,2.2946950759189358e-18,1.356772747481743e-12,7.105274988530514e-13,3.874334597979636e-13,1.6024241936791375e-13,8.140358431363677e-14,4.142265058493609e-14,1.6854611151784883e-14,2.294683142663963e-18
52,node,kitaev,59,2.3981625393432027,,,0.2656404285610539,1.2649152459879573,2.778830200807267e-08,0.26527739068216966,-1,True,False,True,4.7078863529061,3.814351086447249,54.18564891355276,2.7788303418152473e-08,1.4100798017064468e-15,5.0743647499469744e-08,False,2.4374877676806492e-15,1.0032789445027124e-13,0.9999999999999998,1.0000000000000084,3.8819570515939203e-14,3.036873866420525,3.036873866420525,3.0912654157396444,0.05439154931911938,0.05439154931911938,0.022853387141621453,0.02285339120044903,True,4.058827576119972e-09,1.29515681139115e-14,0.6779671468606826,1.305691246732976e-05,,1.305691246732976e-05,2.0642162790341384e-05,3.5541379546840074e-05,8.061367334929082e-05,0.0001456087124621259,0.00023817546574927937,0.000363699350285707,0.0005222773038448287,1.3056912467329871e-05,2.064216279034093e-05,3.554137954683911e-05,8.061367334928877e-05,0.00014560871246212232,0.0002381754657492728,0.00036369935028569524,0.0005222773038448084
52,anti,kitaev,59,2.463987805891175,,,0.2656404285610539,1.2649152459879573,0.0009579427293966529,0.2655496729058283,-1,True,False,True,4.700943184806329,3.8122643634420013,54.187735636557996,0.0009579427284128501,9.838027744887845e-13,1.0269953978443149e-09,False,2.274835063872849e-12,7.258064567212968e-11,0.9999999999999996,1.0000000000581097,5.8109715194780785e-11,3.0892442797258015,3.0892442759694783,3.1415925760461585,0.05234830007668023,0.05234829632035698,1.8668115911298034e-06,1.8668069883985212e-06,False,4.602731282259947e-12,2.3985756869733143e-14,1.4405324489475685e-08,4.100397125726703e-06,-0.5453023819945139,4.100397125726703e-06,1.895978289630587e-06,1.0049768113857038e-06,4.089952031179959e-07,2.0501785366430175e-07,1.0257799464651227e-07,4.104070536153392e-08,3.484985516778632e-12,4.100397125964976e-06,1.8959782897405601e-06,1.0049768114439448e-06,4.0899520314164295e-07,2.0501785367611386e-07,1.0257799465239433e-07,4.10407053638554e-08,3.4849854390934575e-12
53,node,kitaev,82,2.291045466551431,,,0.29472646576021033,1.2641534328420232,3.1019393776487303e-09,0.29341923176386114,-1,True,False,True,4.2304512497928135,3.3485637319067987,77.6514362680932,3.101939851344231e-09,4.736955007566539e-16,1.527094643337985e-07,True,4.870338461342634e-16,2.1063246324171885e-12,1.0,1.0000000000014817,1.3809167353397719e-12,2.9523379793124507,2.9523379793124507,2.952880535903096,0.0005425565906453933,0.0005425565906453933,-0.0011790826993617269,0.001179080902447566,True,1.7969141608703554e-09,2.499216125195065e-13,0.674796066554827,2.5124772574732165e-08,,2.5124772574732165e-08,3.985230607331301e-08,6.897313449823958e-08,1.5894342355278206e-07,2.9548295258073443e-07,5.115791234315445e-07,8.580631048052061e-07,1.3902360119341364e-06,2.5124772574769395e-08,3.985230607336689e-08,6.897313449832441e-08,1.589434235529515e-07,2.954829525810278e-07,5.115791234320646e-07,8.580631048061969e-07,1.3902360119360562e-06
53,anti,kitaev,82,2.338424171380447,,,0.29472646576021033,1.2641534328420232,3.55680799136585e-05,0.2939404418062607,-1,True,False,True,4.2306032167638605,3.348184323222242,77.65181567677776,3.556807940140009e-05,5.122584078925616e-13,1.4402194583909749e-08,False,1.093473357532696e-12,1.9131396866967336e-09,1.0,1.0000000016013069,1.6013068301358852e-09,2.9902116622498918,2.9902116622347985,2.9889380202852265,0.0012736419495720241,0.0012736419646652841,1.7143785795048125e-08,1.7147011587036794e-08,False,3.2257919886690203e-12,3.1670430019331844e-13,4.830745033132197e-10,7.419685464631129e-09,-0.0390744099289368,7.419685464631129e-09,3.445053634532667e-09,1.8276496624786026e-09,7.441498771256529e-10,3.7317896632973346e-10,1.8682551440847936e-10,7.479309598449567e-11,2.93909391386169e-16,7.419685476512322e-09,3.4450536400240493e-09,1.827649665383479e-09,7.441498782979779e-10,3.7317896690957895e-10,1.8682551469441492e-10,7.479309609864275e-11,2.9390829280585083e-16
54,node,kitaev,66,1.570372058604101,,,0.339593518242733,0.989313128120294,1.2747593547734114e-10,0.3320629331769977,-1,True,False,True,2.823835614776881,2.0066745742419227,62.99332542575808,1.2747564297026927e-10,2.925070718619226e-16,2.2946061997239923e-06,True,9.508022457578955e-17,1.020793319455738e-11,1.0,0.9999999999999795,5.520925726137819e-13,2.7195882940754164,2.7195882940754164,2.719673195914193,8.490183877674085e-05,8.490183877674085e-05,0.00021442652818529353,0.00021442668952848892,True,1.613431953957547e-10,1.7315969228168848e-12,0.6767677200814117,1.0293746204534005e-09,,1.0293746204534005e-09,1.6346959496816522e-09,2.8145749136410314e-09,6.416217135701032e-09,1.1715645295884788e-08,1.9565172260843967e-08,3.0833386475873525e-08,4.597873598959849e-08,1.0293746204533794e-09,1.6346959496812142e-09,2.8145749136409218e-09,6.416217135704028e-09,1.1715645295892094e-08,1.956517226085294e-08,3.0833386475874326e-08,4.5978735989573103e-08
54,anti,kitaev,66,1.6152397233795068,,,0.339593518242733,0.989313128120294,6.127260964804566e-06,0.33365981229367353,-1,True,False,True,2.82460221729477,2.005033825318181,62.99496617468185,6.1272606002415806e-06,3.6456298558044855e-13,5.949852432832956e-08,True,7.602978915190865e-13,1.0015519946713756e-08,1.0,1.0000000063945012,6.394501244380591e-09,2.766554100706899,2.766554100705016,2.766461767039052,9.23336659641727e-05,9.233366784711095e-05,1.7212576805343793e-08,1.721248583625519e-08,False,9.096908860384571e-14,9.013544401355484e-13,1.486332313274006e-08,3.0201737406448773e-10,-0.007498162892730624,3.0201737406448773e-10,1.436487625504698e-10,7.661043242231661e-11,3.129544479806157e-11,1.573915156937274e-11,7.904957201623114e-12,3.1729249573463027e-12,2.9627280027986474e-16,3.020173759957382e-10,1.436487634483757e-10,7.661043289018746e-11,3.129544497522036e-11,1.5739151649126586e-11,7.904957237651722e-12,3.1729249714852415e-12,2.9627037624570545e-16
55,node,kitaev,99,1.7584112948602024,,,0.3338539941203418,0.9690374344189517,1.0596935712738144e-12,0.3323835118719236,-1,True,False,True,2.8157475928011513,1.9902020247645114,96.00979797523549,1.0600755717499887e-12,3.820004761743025e-16,0.0003604820171883418,True,2.252113671761225e-16,5.079906927757468e-09,1.0,0.9999999986812397,1.0952230996895585e-09,2.953095963039479,2.953095963039479,2.953345257028161,0.0002492939886820089,0.0002492939886820089,-9.860184975202483e-07,9.860288610509657e-07,True,1.0363530717391579e-11,3.2422772787848304e-10,0.6734000641234766,1.458350035659173e-14,,1.458350035659173e-14,2.316059141627914e-14,4.01814051167911e-14,9.323989052608669e-14,1.7547531425079206e-13,3.1190728346058074e-13,5.52043170416058e-13,9.722324774520879e-13,1.4583500337359588e-14,2.3160591390427097e-14,4.0181405075472524e-14,9.323989043480214e-14,1.7547531408056165e-13,3.119072831541972e-13,5.520431698513183e-13,9.722324763872764e-13
55,anti,kitaev,99,1.7883023364587294,,,0.3338539941203418,0.9690374344189517,1.8764563708997685e-08,0.33283269159809614,-1,True,False,True,2.8159625457323356,1.9897437701026837,96.0102562298973,1.8764564130308193e-08,4.2131050866492435e-16,2.2452454274910972e-08,True,8.406638527021459e-16,6.144071284443899e-09,1.0,0.9999999989426336,1.0573664236570435e-09,2.9845277247461905,2.98452772474619,2.9840212127163324,0.0005065120298577419,0.000506512029858186,4.7004249490108555e-12,3.175251316266575e-12,False,1.5251736327442803e-12,6.78207449573868e-10,4.8189440295079723e-11,4.631132096218117e-15,-5.1760974119526354e-05,4.631132096218117e-15,2.1509248311655646e-15,1.1411704172881738e-15,4.646527427879486e-16,2.330157340520931e-16,1.166618901798314e-16,4.6713928557535165e-17,2.2093994701417823e-23,4.631132091321313e-15,2.1509248289039967e-15,1.1411704160834252e-15,4.646527422887311e-16,2.3301573379589555e-16,1.1666189004836589e-16,4.671392850467487e-17,2.2093766760780347e-23
56,node,kitaev,69,1.415142912776774,,,0.2828156382993807,1.1601355119833847,1.0077508044859872e-08,0.2600706072546119,-1,True,False,True,4.030561420336715,3.184910797381506,64.8150892026185,1.0077507484128422e-08,5.607314501861574e-16,5.5641875718686604e-08,True,1.2516823524713697e-15,5.482848727663164e-13,1.0,0.9999999999997254,2.596468920794375e-13,2.3337516401297793,2.3337516401297793,2.3337520478078426,4.0767806330777034e-07,4.0767806330777034e-07,-0.0032790813340101135,0.003279059825079828,True,2.1508930285289718e-08,5.087657900385631e-14,0.6763284907886516,2.3040802671210676e-07,,2.3040802671210676e-07,3.698509199073088e-07,6.333607448318571e-07,1.4423325419942713e-06,2.642587879735226e-06,4.447092893587443e-06,7.097164795323364e-06,1.0752374395053542e-05,2.304080267120435e-07,3.6985091990721177e-07,6.333607448316983e-07,1.4423325419939334e-06,2.6425878797346343e-06,4.447092893586442e-06,7.097164795321669e-06,1.075237439505075e-05
56,anti,kitaev,69,1.4630614895077545,,,0.2828156382993807,1.1601355119833847,0.00010009473609814302,0.2625354188544605,-1,True,False,True,4.031628805981879,3.1822635379203548,64.81773646207968,0.000100094726211074,9.887069014522486e-12,9.87771125629244e-08,True,2.3825140206433274e-11,2.559999967049253e-08,1.0,1.0000000142739447,1.4273944768566784e-08,2.3787951552053097,2.37879515434102,2.378720484111774,7.467022924600997e-05,7.46710935355388e-05,-3.0553687703892426e-07,-3.0554260903596815e-07,False,5.731997043895501e-12,9.725602793490353e-14,2.135073316293205e-08,6.336732687710826e-08,-0.10733863905433622,6.336732687710826e-08,3.2934285163317234e-08,1.7920702879141617e-08,7.403555477393611e-09,3.759278480671708e-09,1.9105267275594658e-09,7.754489906557254e-10,9.335278323071494e-14,6.336732778160998e-08,3.29342856179311e-08,1.7920703113680004e-08,7.4035555553190355e-09,3.7592785069491685e-09,1.9105267358957593e-09,7.754489961381147e-10,9.335501131823196e-14
57,node,kitaev,75,1.4066474394559518,,,0.20838601660420092,1.0389800215446021,1.0312321420648188e-08,0.19715894815631332,-1,True,False,True,4.929853922829812,4.047654260461877,69.95234573953813,1.0312320973047994e-08,4.476001945036562e-16,4.3404406849405784e-08,True,4.835703430484489e-16,1.1022524202769969e-12,1.0,0.9999999999996891,2.945677498904794e-13,2.480203293238061,2.480203293238061,2.4802087382504108,5.445012349891698e-06,5.445012349891698e-06,-0.007358779263092325,0.007358760280841131,True,1.8982251193642996e-08,2.0855196402390677e-14,0.6755555470500502,1.0687822287771237e-06,,1.0687822287771237e-06,1.7084641867886806e-06,2.9379839869610912e-06,6.7271140645939705e-06,1.2415409032695976e-05,2.1191497821233896e-05,3.4640268780556596e-05,5.4151632242917644e-05,1.0687822287767914e-06,1.7084641867881935e-06,2.9379839869603323e-06,6.727114064592454e-06,1.241540903269334e-05,2.1191497821229234e-05,3.464026878054795e-05,5.415163224290169e-05
57,anti,kitaev,75,1.447312121182085,,,0.20838601660420092,1.0389800215446021,0.00019061572036206242,0.1985189199272961,-1,True,False,True,4.929595843628377,4.045927834697355,69.95407216530266,0.00019061573032848442,9.966422001919661e-12,5.2285414775806934e-08,True,3.052189624567942e-11,1.4381260672040392e-08,1.0,0.9999999912233193,8.776680753808708e-09,2.5216496974329363,2.5216496944642746,2.521589412520292,6.02819439827762e-05,6.028491264453706e-05,6.291034212954638e-08,6.291077007209919e-08,False,4.279425528134692e-13,6.941811606477478e-14,1.841992681010986e-10,2.8648041060144137e-07,-0.28391618158278586,2.8648041060144137e-07,1.4302598661232433e-07,7.70815850020032e-08,3.1657793779406586e-08,1.5994918035004817e-08,8.08429403154625e-09,3.2660366942802084e-09,3.957711146859447e-15,2.8648040808709426e-07,1.430259853792229e-07,7.708158435413034e-08,3.1657793539214744e-08,1.5994917933509408e-08,8.084293989523209e-09,3.266036676341327e-09,3.95811467156744e-15
58,node,kitaev,87,3.110409894311459,,,0.29029264005128264,1.3624162593646618,3.317295249449828e-10,0.28740128976607887,-1,True,False,True,4.638914522396268,3.748695341607561,82.25130465839246,3.3172938006783567e-10,1.4487714710926716e-16,4.367327482631972e-07,True,1.4125968539150933e-16,1.4667429740228904e-12,1.0,0.9999999999999432,5.044285380912459e-14,2.8559931620704315,2.8559931620704315,2.8561023562265784,0.00010919415614685235,0.00010919415614685235,0.0015523022174529799,0.001552301310269292,True,9.071836877625611e-10,1.1056859528559732e-13,0.6743294871407415,4.1073447052945866e-08,,4.1073447052945866e-08,6.523669018621649e-08,1.129337349800557e-07,2.6078157563831093e-07,4.867906194684995e-07,8.502067143805312e-07,1.4504949926124181e-06,2.409642174309438e-06,4.107344705294353e-08,6.523669018621713e-08,1.1293373498005918e-07,2.607815756383247e-07,4.867906194685281e-07,8.502067143805803e-07,1.4504949926124973e-06,2.4096421743095597e-06
58,anti,kitaev,87,3.158161584369619,,,0.29029264005128264,1.3624162593646618,4.717963063986256e-05,0.2865628094289866,-1,True,False,True,4.638573039491527,3.749273377154246,82.25072662284576,4.71796282877855e-05,2.3520770563428134e-12,4.985365558066746e-08,True,5.051693875480804e-12,1.0537437849409185e-08,1.0,1.0000000069045039,6.904503914870073e-09,2.820333204201984,2.820333204152149,2.820292747951646,4.045620050296961e-05,4.045625033777256e-05,-7.320044635654975e-08,-7.32052239600699e-08,False,4.777603520150764e-12,2.339472605047314e-13,5.321197011288684e-09,1.1574410137268657e-08,-0.05106844633267761,1.1574410137268657e-08,5.461684125001153e-09,2.907303844213784e-09,1.185893925980374e-09,5.95653461539872e-10,2.9887783280405455e-10,1.199485328286128e-10,5.3583053467975964e-15,1.1574410217184217e-08,5.4616841623647295e-09,2.90730386393832e-09,1.1858939337893666e-09,5.956534652688558e-10,2.988778345612339e-10,1.1994853351538474e-10,5.3582641262965336e-15
59,node,kitaev,48,2.349986840891401,,,0.29119997410008835,1.2136115302842592,5.832331085403905e-08,0.2910579862601059,-1,True,False,True,4.105414132815222,3.227367687740519,43.77263231225949,5.83233108609165e-08,6.877444310561889e-18,1.17919305503309e-10,False,8.092538632467532e-16,2.467572527663773e-13,1.0,0.9999999999998944,8.4438497935146e-14,3.077477025207011,3.077477025207011,3.012135158239405,0.06534186696760624,0.06534186696760624,-0.032448289885946585,0.03244827924344439,True,1.0642502192015346e-08,5.736261158672223e-15,0.68055144716941,3.2231567530691235e-05,,3.2231567530691235e-05,5.0832365784715956e-05,8.71380021639729e-05,0.00019502908039848078,0.0003438857307002666,0.000539674205825247,0.000779420880304231,0.0010528915165224232,3.2231567530687834e-05,5.083236578471141e-05,8.71380021639657e-05,0.00019502908039846576,0.0003438857307002407,0.0005396742058252052,0.0007794208803041678,0.0010528915165223343
59,anti,kitaev,48,2.427219520961173,,,0.29119997410008835,1.2136115302842592,0.0015958152904286176,0.2911999741216007,-1,True,False,True,4.094228796257923,3.2240271614913727,43.775972838508665,0.0015958153439856997,5.3557082163244174e-11,3.356095312814014e-08,False,1.16168273269524e-10,1.747670284714894e-09,1.0,1.0000000014348343,3.5186633877861574e-10,3.14158971578056,3.1415897157799257,3.0162573142387386,0.1253324015411872,0.12533240154182135,2.3369333353994234e-06,2.3369248918804486e-06,False,8.443518974785306e-12,9.72980883945544e-11,0.7435667562992211,1.5301409747441783e-13,-0.6601327427734625,1.5301409747441783e-13,2.571090051583852e-13,4.484757918593707e-13,1.010048843554448e-12,1.782732300603062e-12,2.7985618812001864e-12,4.042398680716916e-12,5.461257414101073e-12,1.530140976939677e-13,2.571090053244375e-13,4.4847579205015103e-13,1.0100488438809333e-12,1.7827323011427306e-12,2.798561882066925e-12,4.0423986820473695e-12,5.461257416022706e-12
60,node,kitaev,62,1.6076177323592156,,,0.29233701210150276,1.0987477076403263,1.1105927239724198e-08,0.2814148358253087,-1,True,False,True,3.68698740737584,2.8353397399279237,58.16466026007211,1.1105928410125171e-08,1.1704009733624834e-15,1.0538525492730933e-07,True,2.433182642549645e-15,1.1950896074952888e-12,1.0,1.0000000000003126,2.2412131135367944e-13,2.593063446883838,2.593063446883838,2.5930988812474705,3.5434363632624866e-05,3.5434363632624866e-05,0.0037252884899835782,0.003725299957059027,True,1.1467075448912123e-08,9.356890048370629e-14,0.6774194074242614,3.3042317276962063e-07,,3.3042317276962063e-07,5.257979056281816e-07,9.028721793516407e-07,2.049753076089472e-06,3.7198223356351766e-06,6.141219280775178e-06,9.50833502481539e-06,1.3877774333604123e-05,3.3042317276972397e-07,5.257979056282948e-07,9.028721793517851e-07,2.049753076089744e-06,3.7198223356356895e-06,6.1412192807761424e-06,9.508335024817175e-06,1.3877774333607233e-05
60,anti,kitaev,62,1.6601957523141446,,,0.29233701210150276,1.0987477076403263,0.00012477335724312788,0.28330197279901453,-1,True,False,True,3.6876675031763306,2.833426478351447,58.166573521648566,0.00012477336748930053,1.0246172644058985e-11,8.211827324717842e-08,True,2.339570923974657e-11,1.9848222980419823e-08,1.0,0.9999999872945239,1.2705476068879478e-08,2.6430493457052124,2.6430493448323205,2.642990614361631,5.8730470689383196e-05,5.8731343581364115e-05,1.4730242962589517e-07,1.4729919893411228e-07,False,3.2306917828895526e-12,9.999966792994528e-14,3.855456661862777e-09,9.07720837641207e-08,-0.11116321960810314,9.07720837641207e-08,4.412274583617943e-08,2.364417534743271e-08,9.686710310094642e-09,4.88409688413735e-09,2.459685973471752e-09,9.893169832485484e-10,2.169800577368902e-14,9.077208261081816e-08,4.4122745287821285e-08,2.3644175061136425e-08,9.686710203096527e-09,4.884096836986457e-09,2.4596859521909704e-09,9.893169742818305e-10,2.169872023297457e-14
61,node,kitaev,63,1.782359776135637,,,0.28142333204757985,1.2524418309947754,1.9126977948372458e-08,0.269347216491877,-1,True,False,True,4.38900079922897,3.5167204444662885,58.483279555533734,1.9126977817839797e-08,1.305326608462242e-16,6.824531360811832e-09,True,7.60943971470738e-16,6.571372794841425e-13,1.0,0.9999999999997862,2.2617948909242326e-13,2.552545537458365,2.552545537458365,2.5525683974563056,2.285999794038318e-05,2.285999794038318e-05,0.01066147269965729,0.01066149380521747,True,2.11055601797433e-08,1.3993024189968362e-14,0.6772486929713216,2.664070253594655e-06,,2.664070253594655e-06,4.244126566260408e-06,7.285624363090393e-06,1.6549513482425105e-05,3.0079010010376115e-05,4.980545035239031e-05,7.746053137223364e-05,0.00011366700012553769,2.6640702535940852e-06,4.244126566259507e-06,7.285624363088949e-06,1.654951348242215e-05,3.0079010010370897e-05,4.980545035238126e-05,7.746053137221806e-05,0.00011366700012551198
61,anti,kitaev,63,1.8411839578675642,,,0.28142333204757985,1.2524418309947754,0.00039954405396695,0.2712376319026895,-1,True,False,True,4.388108618518783,3.514613194463531,58.485386805536486,0.00039954403485256235,1.9114387644295766e-11,4.78405008271676e-08,True,4.3833355935369824e-11,1.3257277963429682e-08,0.9999999999999998,1.0000000087928256,8.792825521875e-09,2.6017605508276995,2.601760543257182,2.6016859084849804,7.463477220159831e-05,7.46423427191445e-05,7.825834900537798e-07,7.825771972179255e-07,False,6.292835854290113e-12,5.843224134568978e-14,1.3800748252097347e-08,7.0439810635041e-07,-0.2843933208135537,7.0439810635041e-07,3.453003141862213e-07,1.8536767005595194e-07,7.60057784627861e-08,3.834681799631378e-08,1.9325941639809293e-08,7.777526881617262e-09,6.124369189047381e-13,7.043981125440597e-07,3.453003171673266e-07,1.8536767162013674e-07,7.600577905224563e-08,3.8346818258055345e-08,1.9325941757977513e-08,7.777526929962128e-09,6.124301121499593e-13
62,node,kitaev,72,2.3050367042925886,,,0.17090474760441932,1.3555157237093987,9.340925661331825e-08,0.1689875128163351,-1,True,False,True,7.86555837729016,6.957118528216316,64.0428814717837,9.340925887138592e-08,2.258067666112213e-15,2.4173917532175913e-08,True,9.392766843861924e-15,1.6684335908646461e-13,1.0,1.0000000000000002,2.430655369685278e-14,2.840344800795731,2.84034480079573,2.8405450285949208,0.00020022779919059985,0.00020022779918971167,0.09215670006805658,0.09215674635536668,True,4.6287310095927126e-08,1.8902972701189512e-15,0.6759259485114941,0.0001745107619928321,,0.0001745107619928321,0.00027683617785000656,0.0004778660923597834,0.0010946151964429057,0.0020142920760122802,0.003415320608255245,0.005517930948167246,0.008492857367433744,0.00017451076199283212,0.0002768361778500018,0.00047786609235977333,0.001094615196442883,0.0020142920760122395,0.0034153206082551757,0.005517930948167128,0.008492857367433538
62,anti,kitaev,72,2.362753080712613,,,0.17090474760441932,1.3555157237093987,0.0033895904110362975,0.1695345616932076,-1,True,False,True,7.746662231822242,6.911355495248855,64.08864450475116,0.0033895904829652026,7.192890510640537e-11,2.1220530029884816e-08,True,2.398650302294183e-10,7.622194343243786e-09,0.9999999999999999,0.9999999928399831,7.160016960256654e-09,2.883430051767676,2.8834298454492475,2.8832864994835057,0.00014334596574183678,0.00014355228417040067,-6.858470654919004e-06,-6.858463460785585e-06,False,7.194133419174064e-12,3.903072841887132e-15,1.6478056163341743e-08,3.9647526162223635e-05,-2.5125317250004886,3.9647526162223635e-05,1.8572817234429313e-05,9.870959732531493e-06,4.022588999953255e-06,2.0186466236907984e-06,1.0114586948272768e-06,4.0526841370793896e-07,4.703861972438883e-11,3.9647525878346676e-05,1.8572817101907367e-05,9.870959662246793e-06,4.022588971505518e-06,2.0186466095605834e-06,1.01145868779422e-06,4.052684108337331e-07,4.703852425486373e-11
63,node,kitaev,68,1.8623782527785013,,,0.27854842513720246,1.1051594106253346,6.135527942740166e-09,0.275042875307519,-1,True,False,True,3.902991659884324,3.0337778555488635,63.96622214445116,6.135527473091055e-09,4.696491114574665e-16,7.654583531204948e-08,True,1.6912536287463809e-15,1.45815305071694e-12,0.9999999999999998,1.0000000000002163,3.4136927031067855e-13,2.82288236255155,2.8228823625515513,2.8230918158606997,0.00020945330914834415,0.00020945330914967641,0.00282397518450778,0.0028239784041206102,True,3.219612830247104e-09,1.295420612281253e-13,0.6764707706893492,1.7336594982143372e-07,,1.7336594982143372e-07,2.7494947826801946e-07,4.7409837250126924e-07,1.0829287937087184e-06,1.9829210491512785e-06,3.329173352679467e-06,5.291422974949457e-06,7.974835842715752e-06,1.7336594982147123e-07,2.7494947826809823e-07,4.740983725014048e-07,1.0829287937090055e-06,1.982921049151791e-06,3.329173352680368e-06,5.29142297495105e-06,7.974835842718474e-06
63,anti,kitaev,68,1.9118098284821385,,,0.27854842513720246,1.1051594106253346,8.889543886671399e-05,0.27597514280852253,-1,True,False,True,3.9032687945982882,3.0328911972373622,63.967108802762645,8.889544368764139e-05,4.820927402941766e-12,5.423143711760125e-08,True,1.1160683484081334e-11,1.0546673070493159e-08,0.9999999999999999,0.9999999918617304,8.138269586726982e-09,2.868468878934375,2.8684688787079704,2.8682006307236443,0.00026824798432611985,0.00026824821073079264,-2.2761831877892886e-07,-2.2762118931244146e-07,False,2.8705335126039577e-12,2.890370459517638e-13,1.566162567269729e-08,4.864841218621343e-08,-0.08967898718775531,4.864841218621343e-08,2.28288226407889e-08,1.213854860735342e-08,4.949292522275393e-09,2.485236848942087e-09,1.246163098083755e-09,4.996314832098997e-10,5.181009904374765e-14,4.8648411790299536e-08,2.2828822456796453e-08,1.2138548510272076e-08,4.949292483648152e-09,2.4852368301928465e-09,1.2461630888988233e-09,4.996314793543893e-10,5.1809825840719746e-14
64,node,kitaev,86,2.765495003668769,,,0.321726593457131,1.012676021937505,3.7615552623466694e-11,0.2989008551113068,-1,True,False,True,3.056672468918085,2.251537422004096,82.74846257799592,3.7376817569750195e-11,2.387350537164989e-13,0.006346711321943002,True,5.415714862421332e-13,4.652845472411471e-08,0.9999999999999961,1.0000000100176223,7.900400707987895e-09,2.383275577605188,2.383275577605188,2.3832762963287,7.18723512260766e-07,7.18723512260766e-07,2.518795462615604e-05,2.5187881582357274e-05,True,7.304379876556938e-11,7.913919519182502e-12,0.6744185913371588,1.093850122024012e-11,,1.093850122024012e-11,1.7555144317135263e-11,3.019376187103935e-11,6.946415189372801e-11,1.2948700680585427e-10,2.2573753674200537e-10,3.8381791499309464e-10,6.344330582492954e-10,1.0938501329817894e-11,1.7555144449092695e-11,3.0193762055132585e-11,6.946415225688744e-11,1.2948700746521257e-10,2.257375379680583e-10,3.838179174451414e-10,6.344330632615708e-10
64,anti,kitaev,86,2.7988153849640764,,,0.321726593457131,1.012676021937505,5.34091181936617e-07,0.2966863931449095,-1,True,False,True,3.0554386198434926,2.2541763251495346,82.74582367485051,5.340912162216082e-07,3.4284991134702074e-14,6.41931420967943e-08,True,7.802885310460852e-14,1.2394586765986143e-08,0.9999999999999998,0.9999999947222716,5.277728401182962e-09,2.347270124874126,2.3472701248740915,2.3472482415719575,2.1883302133929305e-05,2.1883302168568264e-05,-1.1893618274088193e-09,-1.1822135274235359e-09,False,7.14829998528342e-12,2.587757158023851e-11,5.047075387979399e-09,3.2590404314434466e-12,-0.0011881900578749802,3.2590404314434466e-12,1.7106271555958998e-12,9.329355839189063e-13,3.8561813842056045e-13,1.957657801597591e-13,9.964601357791043e-14,4.0615182131931267e-14,1.4145815564963787e-18,3.2590404142431164e-12,1.710627147071725e-12,9.329355796919457e-13,3.856181372852433e-13,1.9576578004527083e-13,9.964601377176372e-14,4.061518222646868e-14,1.4146167702991586e-18
65,node,kitaev,59,1.7100241616546825,,,0.3347825953815606,0.9530892004252134,7.439602153451708e-10,0.3329630122576758,-1,True,False,True,2.7581949097789766,1.9365847363314255,56.06341526366856,7.439603970654876e-10,1.8172031675610147e-16,2.4426079917699604e-07,False,1.9470505629835822e-16,5.278391489953132e-12,0.9999999999999999,1.000000000002394,1.926862084576816e-12,2.9321515997635568,2.932151599763557,2.933743680016189,0.001592080252631689,0.0015920802526321332,-0.000516504916518044,0.000516504477653391,True,4.388646529518425e-10,7.807399082876339e-13,0.6779654208812637,6.669439917135261e-09,,6.669439917135261e-09,1.0551014247108704e-08,1.8159198358477318e-08,4.117959517082682e-08,7.4377930015003e-08,1.2166020318135464e-07,1.8577691101070203e-07,2.667773287873114e-07,6.669439917151228e-09,1.0551014247129108e-08,1.8159198358507483e-08,4.117959517088593e-08,7.437793001510698e-08,1.2166020318153646e-07,1.8577691101101572e-07,2.6677732878782546e-07
65,anti,kitaev,59,1.7589869147238337,,,0.3347825953815606,0.9530892004252134,1.6101920193235382e-05,0.3337589554917901,-1,True,False,True,2.7585771239544825,1.9357578963064548,56.06424210369354,1.6101921709968834e-05,1.5167334517518245e-12,9.419581227268926e-08,False,3.1896442707902947e-12,8.888003394032717e-09,1.0,0.9999999931241084,6.875891594830039e-09,2.984556706989572,2.9845567069839243,2.9800395709048617,0.004517136079062567,0.0045171360847104935,-4.164360344105306e-08,-4.1641266918467604e-08,False,2.3365225854572513e-12,2.1350237946393737e-12,1.4304292056696938e-08,2.0548410067601495e-09,-0.016561741598413532,2.0548410067601495e-09,9.54484778639378e-10,5.064314356307793e-10,2.0623258901295673e-10,1.0343802466065603e-10,5.178842427944528e-11,2.0732857530222385e-11,1.7341897075551973e-15,2.0548409926312855e-09,9.544847721340798e-10,5.064314322016847e-10,2.0623258764164221e-10,1.0343802398715068e-10,5.178842394466419e-11,2.0732857389613246e-11,1.734179403839582e-15
66,node,kitaev,66,1.528564108795875,,,0.28045480428716785,1.022633456692321,6.61113581279457e-10,0.2711937899178123,-1,True,False,True,3.5732861811385144,2.7242492670499523,62.27575073295005,6.611130832930435e-10,4.979864135227995e-16,7.532539455006254e-07,True,2.5576021222656627e-16,3.045817489481386e-12,0.9999999999999998,1.0000000000003881,4.374635090475587e-13,2.6258091579443423,2.6258091579443423,2.6258457422214545,3.6584277112172714e-05,3.6584277112172714e-05,0.0018102709170743476,0.001810273001382158,True,2.0843078105473034e-09,8.607049008332196e-14,0.6767676859511691,7.336747944932239e-08,,7.336747944932239e-08,1.1672686345908496e-07,2.0075316478761108e-07,4.5738244110954793e-07,8.35065017388231e-07,1.3945159921662759e-06,2.1976322371637593e-06,3.277080793205199e-06,7.336747944935087e-08,1.1672686345913378e-07,2.0075316478769356e-07,4.573824411097179e-07,8.35065017388522e-07,1.3945159921667714e-06,2.1976322371646144e-06,3.2770807932066324e-06
66,anti,kitaev,66,1.574727015752023,,,0.28045480428716785,1.022633456692321,5.322929507954729e-05,0.27279355409867656,-1,True,False,True,3.5740369863156523,2.7225545219131018,62.27744547808694,5.3229294684429e-05,3.951182913838891e-13,7.422948036291175e-09,True,9.447511505570923e-13,1.6621046223688263e-09,0.9999999999999998,1.000000001035996,1.0359959152623021e-09,2.6727981774908507,2.672798177320074,2.6727513742021127,4.680311796123604e-05,4.6803288737962134e-05,1.3417024759717907e-07,1.3416950181617017e-07,False,7.457810089021031e-13,4.112525568744002e-13,1.3270151668498232e-08,2.0553823381552913e-08,-0.06152652289857536,2.0553823381552913e-08,9.932367502234693e-09,5.31536443753908e-09,2.175688055019871e-09,1.0961644542176548e-09,5.517060867625583e-10,2.2184076762939e-10,1.8001655340288743e-14,2.055382340284659e-08,9.932367512304299e-09,5.315364442795187e-09,2.17568805698957e-09,1.0961644550848226e-09,5.517060871465432e-10,2.218407677834811e-10,1.800162981377058e-14
67,node,kitaev,99,1.4163589133954553,,,0.18298833833792946,0.9805500850370042,1.9991421096621454e-09,0.17573877447909392,-1,True,False,True,5.308049266631198,4.412993910084754,93.58700608991528,1.9991423720807077e-09,2.6241856229121524e-16,1.3126558688494833e-07,True,9.12050574154251e-16,2.580176518749403e-12,1.0,1.0000000000007487,6.73026179303656e-13,2.5761072880832754,2.576107288083275,2.5761115195651625,4.2314818875510696e-06,4.23148188710698e-06,0.001625132066345533,0.0016251345132137977,True,2.4468682646456436e-09,1.0361630581229171e-13,0.6734006838252534,3.961581288269489e-08,,3.961581288269489e-08,6.328243999657123e-08,1.093977749876e-07,2.5340243184740454e-07,4.767453500915876e-07,8.473357909431043e-07,1.4996436634927855e-06,2.6410542330645023e-06,3.9615812882724555e-08,6.328243999661232e-08,1.0939777498766284e-07,2.534024318475303e-07,4.767453500918076e-07,8.473357909435014e-07,1.4996436634935923e-06,2.64105423306628e-06
67,anti,kitaev,99,1.44592835061516,,,0.18298833833792946,0.9805500850370042,3.060434079411324e-05,0.17651787038157013,-1,True,False,True,5.308414988334637,4.412097108813057,93.58790289118691,3.060434181852279e-05,1.0244095475326828e-12,3.3472687891703533e-08,True,3.4819581467131845e-12,8.057592425694087e-09,0.9999999999999999,0.9999999955688236,4.431176416946793e-09,2.607577116410291,2.607577116338736,2.6075544823117696,2.263402696645045e-05,2.2634098521656654e-05,-1.242621050848277e-07,-1.2426275557576166e-07,False,6.504909339720118e-13,3.07017953554571e-13,1.4059463871510475e-08,1.1093624418663844e-08,-0.08621033321798925,1.1093624418663844e-08,5.427663810260641e-09,2.9114755177874257e-09,1.1920866950584132e-09,6.006446333155176e-10,3.0292796149390025e-10,1.2244814437460566e-10,1.5441070760112105e-14,1.1093624369506037e-08,5.4276637865242594e-09,2.911475505277544e-09,1.192086690297497e-09,6.006446312286661e-10,3.0292796063382494e-10,1.2244814402319085e-10,1.5440997557263566e-14
68,node,kitaev,44,2.0334709377531497,,,0.29644974887394526,1.3385769786023793,2.623942129183262e-07,0.2876442832081521,-1,True,False,True,4.4464284963736525,3.575490717733461,39.42450928226657,2.6239419557970356e-07,1.733862265815598e-14,6.607852538101846e-08,True,3.7219105683441795e-14,7.540166945706344e-13,0.9999999999999998,1.0000000000001805,7.717209602197976e-14,2.6528974648753367,2.6528974648753345,2.653159394424096,0.0002619295487615858,0.00026192954875936536,-0.0678003032100437,0.06780004050657917,True,2.6270346452361704e-07,3.314192848314711e-15,0.68181812181912,0.00015322938399643698,,0.00015322938399643698,0.00024259452762068095,0.0004137311192568215,0.000918485991136074,0.0016001337030765424,0.0024651618835734475,0.003481529787035415,0.004596881115373861,0.00015322938399646465,0.00024259452762070415,0.0004137311192568483,0.0009184859911361227,0.0016001337030766296,0.002465161883573597,0.0034815297870356534,0.004596881115374216
68,anti,kitaev,44,2.1242294986619097,,,0.29644974887394526,1.3385769786023793,0.003921843736307606,0.28999505169665385,-1,True,False,True,4.405871011566207,3.5593042984458783,39.44069570155413,0.003921843809826032,7.351842572222989e-11,1.874588348373285e-08,True,1.571469880272567e-10,6.313488777718748e-09,0.9999999999999998,0.9999999943205329,5.679467137377816e-09,2.722916571869903,2.722916095631242,2.7226524272501242,0.0002636683811179097,0.00026414461977886106,2.8064923674252056e-06,2.806485729575647e-06,False,6.637849558628861e-12,2.244069864831815e-15,4.965115813536622e-09,3.605335387665236e-05,-1.1738158534327012,3.605335387665236e-05,1.7275876664932688e-05,9.228943691523983e-06,3.774333570151753e-06,1.898975368389204e-06,9.530456301094017e-07,3.8201067983942065e-07,7.87639940841567e-12,3.6053353671888524e-05,1.727587656810755e-05,9.228943640421892e-06,3.774333549996083e-06,1.8989753586100462e-06,9.530456252515105e-07,3.820106778495172e-07,7.876466065132271e-12
69,node,kitaev,40,1.5506308710505818,,,0.1883905229971795,0.956547927250136,1.599935409713163e-07,0.1849587117100439,-1,True,False,True,4.975452074051484,4.117942630207167,34.88205736979284,1.5999352728782188e-07,1.368349441099142e-14,8.552529263318575e-08,True,4.347738990235555e-14,3.692725660266834e-13,1.0,0.9999999999998943,3.609454893182467e-14,2.758472803338389,2.7584728033383876,2.759512393575406,0.001039590237018384,0.0010395902370170518,0.14207542494201197,0.14207557436778234,True,1.4942577036825e-07,8.773455125434743e-16,0.6833333743579936,0.00073849116441217,,0.00073849116441217,0.0011653552490923538,0.001984538363101188,0.004373269916867044,0.007514014893222216,0.011341237502197978,0.015645226659530054,0.02018542637245328,0.000738491164412092,0.0011653552490922927,0.0019845383631011205,0.004373269916866926,0.007514014893222011,0.011341237502197642,0.01564522665952954,0.02018542637245255
69,anti,kitaev,40,1.6226529430781065,,,0.1883905229971795,0.956547927250136,0.006531204987446281,0.18622593400718213,-1,True,False,True,4.8291841756436025,4.052238625428022,34.94776137457198,0.006531205100367971,1.1292169022764087e-10,1.7289564551210566e-08,False,3.6602166788024405e-10,6.363704931089195e-09,1.0,0.9999999930110128,6.988987117568519e-09,2.835276949775945,2.835275108164019,2.833784978560956,0.0014901296030629396,0.0014919712149890074,1.046675524472504e-07,1.0468626833459725e-07,False,1.87158873468519e-11,2.1917429866971307e-15,1.7149275194829907e-12,0.0001597049497841266,-3.1143911506806634,0.0001597049497841266,7.528161697426756e-05,4.006958976799083e-05,1.6347943972270283e-05,8.208815407090888e-06,4.1125210026085506e-06,1.6465876549507317e-06,1.0955296535238388e-14,0.00015970494866795077,7.528161645248112e-05,4.0069589491764984e-05,1.634794386112308e-05,8.20881535191107e-06,4.11252097495177e-06,1.646587643707742e-06,1.095917684805287e-14
70,node,kitaev,43,1.5645715233299733,,,0.31769812343874954,0.9097696013020079,1.353998155182294e-08,0.3144767126025983,-1,True,False,True,2.774627258585493,1.954420112137874,40.04557988786213,1.3539982661199504e-08,1.1093765640868861e-15,8.193338815424948e-08,False,2.3811672705739126e-15,4.4231180436338433e-13,0.9999999999999998,1.000000000000175,2.0829206607571057e-14,2.8559955841612377,2.8559955841612377,2.8581869772089816,0.0021913930477439614,0.0021913930477439614,0.006748741588533809,0.0067487499190809295,True,8.33054712018333e-09,3.8058121257429586e-14,0.6821710184010875,1.5526868612751973e-06,,1.5526868612751973e-06,2.4492391719441615e-06,4.18277880712508e-06,9.27830522641556e-06,1.611473329322385e-05,2.470611728427159e-05,3.469288154402035e-05,4.5545513028805844e-05,1.552686861275469e-06,2.449239171944304e-06,4.182778807125168e-06,9.278305226415626e-06,1.611473329322397e-05,2.4706117284271864e-05,3.469288154402091e-05,4.554551302880679e-05
70,anti,kitaev,43,1.6281205632278568,,,0.31769812343874954,0.9097696013020079,0.0002731457919551353,0.3158872089236436,-1,True,False,True,2.774863538123067,1.9527755264646751,40.04722447353534,0.00027314577795999897,1.3995136321533208e-11,5.123687325130726e-08,False,3.10295743074995e-11,7.515493970243688e-09,1.0,1.0000000070743156,7.0743155343342645e-09,2.9274981038359718,2.927498101387256,2.9208308166955033,0.006667284691752595,0.006667287140468492,-1.1601683439251941e-07,-1.1601199330617955e-07,False,4.841086339866257e-12,9.373836292219197e-14,7.013454035036515e-10,4.463151323230097e-07,-0.1667009142741695,4.463151323230097e-07,2.0827204590103053e-07,1.1062099969263425e-07,4.508144344614521e-08,2.2622451682159447e-08,1.1329120093830717e-08,4.535210215489032e-09,1.3459905862462456e-14,4.4631513548038375e-07,2.0827204735734548e-07,1.1062100045946825e-07,4.508144375179147e-08,2.2622451832485233e-08,1.1329120168913506e-08,4.535210246354222e-09,1.3460285723305358e-14
71,node,kitaev,71,1.7745590171141772,,,0.17230758918109967,0.8165128185635843,2.405921734343739e-09,0.17166388846743974,-1,True,False,True,4.685414211092484,3.792231900637592,66.20776809936243,2.405921510733926e-09,2.236098130373067e-16,9.29414327346357e-08,False,8.750071474542232e-16,2.342370313746152e-13,0.9999999999999998,1.0000000000001108,4.376238724425013e-14,2.967059331649059,2.967059331649059,2.968370156268799,0.0013108246197397477,0.0013108246197397477,0.007497180300678373,0.007497175378573729,True,4.92210464400622e-09,5.4273880750080807e-14,0.676056202267431,1.1709942447522478e-06,,1.1709942447522478e-06,1.8551304990186392e-06,3.203937267056227e-06,7.336955575924904e-06,1.3486314260081392e-05,2.2812928257222666e-05,3.671018580865716e-05,5.620771246087986e-05,1.1709942447523776e-06,1.8551304990187514e-06,3.203937267056365e-06,7.33695557592515e-06,1.348631426008182e-05,2.2812928257223428e-05,3.6710185808658545e-05,5.620771246088232e-05
71,anti,kitaev,71,1.809782709820949,,,0.17230758918109967,0.8165128185635843,0.00016809747546919817,0.17128442279679854,-1,True,False,True,4.68421409651628,3.792472918497096,66.20752708150292,0.00016809747872810425,3.25890608444436e-12,1.9387001948411267e-08,True,1.1690111989048656e-11,3.9777484699204615e-09,1.0,0.9999999965887514,3.4112486391908874e-09,2.9234672652020635,2.9234672640280923,2.922932833104695,0.0005344309233974442,0.0005344320973685868,-1.4177672322435067e-07,-1.417778695551701e-07,False,1.1463308194391633e-12,4.62164645781405e-14,8.831991448005762e-10,3.205478591235231e-07,-0.33425424358530537,3.205478591235231e-07,1.4959365746229942e-07,7.944659691119818e-08,3.236786564982417e-08,1.624098824112396e-08,8.135913317942206e-09,3.258709989391631e-09,2.010063924823232e-14,3.2054785803005464e-07,1.4959365695501163e-07,7.944659664284542e-08,3.236786554183818e-08,1.6240988187928992e-08,8.135913291742765e-09,3.258709978883243e-09,2.0100763207090884e-14
72,node,kitaev,99,2.035548932685346,,,0.16699038515530656,1.1231837357611847,1.4044283762168497e-08,0.16625029924384127,-1,True,False,True,6.688288811201689,5.763833918758555,92.23616608124149,1.4044282980344022e-08,7.818244748063139e-16,5.566851881135709e-08,True,3.85656975801087e-15,1.6965592056560095e-12,1.0,1.0000000000005707,3.9902623740257537e-13,2.953095649139314,2.953095649139314,2.953345071112564,0.0002494219732498415,0.0002494219732498415,-0.008714557026154611,0.00871454772042258,True,9.305732030437386e-09,2.566013190809872e-14,0.6734004442819613,1.1391529500183768e-06,,1.1391529500183768e-06,1.8091312731244465e-06,3.1386696248743185e-06,7.283200358610083e-06,1.3706814489998908e-05,2.4363856000355332e-05,4.312146921617354e-05,7.594350416210066e-05,1.139152950019027e-06,1.809131273125236e-06,3.1386696248755242e-06,7.283200358612607e-06,1.3706814490003431e-05,2.4363856000363328e-05,4.312146921618867e-05,7.594350416213096e-05
72,anti,kitaev,99,2.070622830820657,,,0.16699038515530656,1.1231837357611847,0.00019461550744625793,0.1664763703909914,-1,True,False,True,6.686564935674618,5.763225850495846,92.23677414950419,0.00019461550338354975,4.062708177689223e-12,2.0875562441040927e-08,True,1.4123528688465904e-11,4.370412479013107e-09,1.0,1.0000000037972896,3.797289631135764e-09,2.9845270456054482,2.984527045011149,2.984134323584783,0.00039272142636592733,0.0003927220206652038,6.708745361415347e-07,6.708747300092701e-07,False,1.9386773534434972e-13,9.970358305402658e-14,1.4674002647606304e-08,3.098124230152474e-07,-0.3899964217090853,3.098124230152474e-07,1.438972796856383e-07,7.634303811408856e-08,3.108276029353779e-08,1.5586380090460277e-08,7.802652229858832e-09,3.1237612781965257e-09,4.5007264324309573e-13,3.098124241916949e-07,1.4389728023060468e-07,7.634303840282214e-08,3.108276041059165e-08,1.558638014869612e-08,7.80265225867143e-09,3.1237612895616196e-09,4.5007226172597005e-13
73,node,kitaev,65,2.1269025613598167,,,0.28840335527950556,0.8960786003801885,1.022013698627205e-09,0.28319489583438373,-1,True,False,True,3.0238198592182433,2.1933124301631772,61.806687569836825,1.0220134747703475e-09,2.2385685755828087e-16,2.190350852038198e-07,True,9.641303211397991e-17,9.438783506689105e-12,0.9999999999999997,0.9999999999971997,2.9246488206976036e-12,2.7607959697596485,2.7607959697596485,2.760929616680711,0.0001336469210624358,0.0001336469210624358,-0.0004851675862121408,0.0004851683644595903,True,7.782474495030521e-10,3.8796779148118035e-13,0.6769232793069866,5.349716280355518e-09,,5.349716280355518e-09,8.488616600418477e-09,1.4617614172439343e-08,3.330368433561275e-08,6.072647452598251e-08,1.0113610656717907e-07,1.5869502257775702e-07,2.3538758671091504e-07,5.349716280340537e-09,8.48861660039439e-09,1.4617614172399656e-08,3.330368433553205e-08,6.072647452584324e-08,1.011361065669402e-07,1.5869502257734447e-07,2.3538758671022661e-07
73,anti,kitaev,65,2.1680591317316087,,,0.28840335527950556,0.8960786003801885,1.270874267365494e-05,0.28184460647518844,-1,True,False,True,3.023066502454208,2.194900099845583,61.80509990015442,1.270874432848042e-05,1.6548254804763136e-12,1.3021158134759828e-07,True,4.0049678068001605e-12,2.4876834410315318e-08,0.9999999999999993,0.9999999845501414,1.544985862936429e-08,2.7132901648298278,2.713290164818387,2.7132345739892805,5.559082910666646e-05,5.5590840547292686e-05,3.3051127485395625e-08,3.3054898506128683e-08,False,3.771020733058081e-12,1.106227966410199e-12,1.0877406068578619e-08,1.5450191273244332e-09,-0.018526610802374492,1.5450191273244332e-09,7.412489092399908e-10,3.9607728034306775e-10,1.6199389593101727e-10,8.156539421347699e-11,4.10265360809745e-11,1.6492572476572905e-11,1.092377028055811e-15,1.545019103454106e-09,7.412488980646564e-10,3.9607727452770396e-10,1.6199389375356205e-10,8.156539324722322e-11,4.1026535639048376e-11,1.649257227513581e-11,1.0923502112970734e-15
74,node,kitaev,41,2.520311625142541,,,0.16866993692596213,1.2601565889592465,5.271480363039141e-07,0.16866993693310955,-1,True,False,True,6.9959577148325565,6.35334567460366,33.64665432539635,5.271481171254748e-07,8.082156062738926e-14,1.5331852736105725e-07,False,2.711575078339542e-13,1.488996868725e-14,1.0,1.0000000000000002,1.8061919778476467e-16,3.1415914186123195,3.1415914186123195,3.1415925760461585,1.1574338389941374e-06,1.1574338389941374e-06,-0.33948750650274173,0.339487490379209,True,1.6123532731171508e-08,4.2922572752044023e-16,0.5121951218748799,0.0054881793851727,,0.0054881793851727,0.007111559368978228,0.011394943386983289,0.024582965727554244,0.04223628429469658,0.06402546958026036,0.08882301009378551,0.11525176707144906,0.005488179385172701,0.007111559368978228,0.011394943386983283,0.02458296572755423,0.04223628429469656,0.06402546958026034,0.08882301009378551,0.11525176707144906
74,anti,kitaev,41,2.6142831534450828,,,0.16866993692596213,1.2601565889592465,0.020592045654747135,0.16856440688198293,-1,True,False,True,6.308430376670122,5.913214076212794,34.086785923787225,0.02059204488850378,7.662433534894042e-10,3.721064756442788e-08,False,2.503358388992717e-09,8.068660664379158e-09,1.0,1.0000000113253376,1.1325337510527596e-08,3.066837612953144,3.0668351130181124,3.1415925760461585,0.07475746302804609,0.07475496309301466,1.0579999502127041e-05,1.0579994692838655e-05,False,4.809288385893983e-12,6.924453099295222e-16,2.7203150851317226e-09,0.0010036175057558682,-5.9175729403941615,0.0010036175057558682,0.0004643913605305468,0.0002461889608354533,0.00010019710808563367,5.022675747134892e-05,2.5130320985436468e-05,1.0054271439392648e-05,1.1193638946515618e-10,0.0010036175171221752,0.00046439136578178836,0.00024618896361805134,0.00010019710921745327,5.0226758038559186e-05,2.513032126944605e-05,1.0054271553393303e-05,1.1193690083937195e-10
75,node,kitaev,52,2.003405016394241,,,0.2632597941803956,0.8324016422493731,8.952629061424508e-09,0.2576170181500616,-1,True,False,True,3.07958377842205,2.2477895442551494,48.752210455744844,8.952628860774626e-09,2.0064988278381267e-16,2.2412397677502572e-08,True,7.444548483063433e-16,7.989326371530745e-13,1.0,1.0000000000005413,4.930337720425658e-13,2.7266622925394204,2.7266622925394195,2.726910846336248,0.00024855379682842127,0.0002485537968275331,0.003674242612124032,0.0036742303075376357,True,1.230458639622442e-08,2.8371231180233937e-14,0.6794869856423886,3.820772440771576e-07,,3.820772440771576e-07,6.052546938712881e-07,1.037288687212841e-06,2.3320092892699837e-06,4.152240794183976e-06,6.624183452342533e-06,9.771549089861981e-06,1.3500058772748029e-05,3.8207724407736444e-07,6.052546938715816e-07,1.0372886872133002e-06,2.332009289270903e-06,4.15224079418557e-06,6.624183452345216e-06,9.771549089866337e-06,1.3500058772754685e-05
75,anti,kitaev,52,2.050794571548958,,,0.2632597941803956,0.8324016422493731,0.00011081272153506256,0.2559023293414015,-1,True,False,True,3.0783849032550963,2.2499152721730287,48.750084727826994,0.00011081272309277767,1.5577151114137822e-12,1.4057186664447198e-08,True,4.128657392305743e-12,3.2182190249197116e-09,0.9999999999999997,0.9999999978033133,2.1966866922564798e-09,2.6675497887900708,2.667549787659028,2.66744906109315,0.00010072656587789552,0.00010072769692071049,-3.0206616101830565e-07,-3.020711231063039e-07,False,4.962087998253064e-12,1.505341887579177e-13,1.6634070637419856e-08,1.054878078266887e-07,-0.12191216311852429,1.054878078266887e-07,5.1053681205176343e-08,2.7337449044711414e-08,1.1199025468796441e-08,5.644838415271048e-09,2.8394101744950454e-09,1.1402224488535554e-09,9.124396563234152e-14,1.0548780759496503e-07,5.105368109603001e-08,2.733744898799955e-08,1.1199025447716339e-08,5.644838405876013e-09,2.8394101701161324e-09,1.1402224470496196e-09,9.124424276327274e-14
76,node,kitaev,75,2.212832891959142,,,0.2125249313253796,0.9190743016442657,5.900559792117579e-09,0.20801557990672134,-1,True,False,True,4.264288116602399,3.387368246968639,70.61263175303138,5.900560353279796e-09,5.611622168978536e-16,9.510321675707739e-08,True,2.7173506908340584e-15,2.6422918641556488e-12,1.0,1.0000000000010045,7.864753164882254e-13,2.7282277234787937,2.7282277234787937,2.7282814740600436,5.375058124990062e-05,5.375058124990062e-05,-0.0026161665033669805,0.0026161711814935303,True,4.678126549768208e-09,1.3661490451066497e-13,0.6755556449833751,1.3508538685480351e-07,,1.3508538685480351e-07,2.14716019451564e-07,3.705024357705498e-07,8.498390953343772e-07,1.5689538964292811e-06,2.678264325116271e-06,4.378146840441538e-06,6.844327173339416e-06,1.350853868549392e-07,2.1471601945174222e-07,3.7050243577082686e-07,8.498390953349406e-07,1.5689538964302614e-06,2.678264325117969e-06,4.378146840444577e-06,6.844327173344799e-06
76,anti,kitaev,75,2.2496167027612732,,,0.2125249313253796,0.9190743016442657,6.124142568853206e-05,0.20707518488202037,-1,True,False,True,4.263628622927206,3.388430955526888,70.61156904447311,6.124142967119746e-05,3.982665393764857e-12,6.503221224829589e-08,True,1.2042866612146978e-11,1.53631234594696e-08,0.9999999999999997,0.9999999904868749,9.51312502543923e-09,2.68696646664435,2.686966466374046,2.6869299940602183,3.647231382775118e-05,3.647258413153054e-05,1.7243186262773526e-08,1.7229114998833922e-08,False,1.407126393960438e-11,2.22669377834258e-13,1.0578223651705509e-10,3.7476673120477285e-08,-0.1117400826638634,3.7476673120477285e-08,1.8057510184629086e-08,9.65607928481368e-09,3.9494778849049295e-09,1.9886539133741235e-09,1.0007992016232066e-09,4.026891607243116e-10,2.97327472492678e-16,3.747667276395701e-08,1.8057510015517112e-08,9.656079195981566e-09,3.949477850886629e-09,1.9886538979765096e-09,1.0007991946771284e-09,4.0268915782902003e-10,2.972922721539639e-16
77,node,kitaev,53,1.884985299735441,,,0.2859438659035817,1.0650128973225688,2.0946099598242982e-08,0.28404893516316665,-1,True,False,True,3.6563788797698926,2.7934500081267646,49.20654999187326,2.094609690549565e-08,2.6927473325350155e-15,1.285560263812023e-07,False,5.577797949373906e-15,6.604910899558041e-13,1.0,0.9999999999997278,3.210529812517554e-14,2.908884076061666,2.908884076061666,2.9106622873407213,0.0017782112790554194,0.0017782112790554194,0.010044324617855493,0.010044333209794108,True,8.591938615437611e-09,2.7978509731133482e-14,0.6792457565557629,2.8024551859545488e-06,,2.8024551859545488e-06,4.429424586519249e-06,7.605580407526091e-06,1.713311465297964e-05,3.057952109637171e-05,4.8974934450286724e-05,7.26175640857033e-05,0.00010088845702885789,2.802455185953786e-06,4.429424586518828e-06,7.605580407525791e-06,1.7133114652979334e-05,3.057952109637121e-05,4.897493445028577e-05,7.261756408570146e-05,0.00010088845702885465
77,anti,kitaev,53,1.9461266552162757,,,0.2859438659035817,1.0650128973225688,0.00039107772464211284,0.28486393400217086,-1,True,False,True,3.6554653603633245,2.792365495502478,49.207634504497484,0.0003910777270066933,2.3645804281616223e-12,6.046318363761378e-09,False,5.388051322926425e-12,9.513479770490325e-10,1.0,0.9999999990636869,9.36313160322231e-10,2.967121021034603,2.967121018064276,2.961780512930118,0.005340505134157958,0.005340508104485053,-9.447442662496603e-07,-9.447531678415804e-07,False,8.90159192006538e-12,2.4118502604131268e-14,2.1261742599279188e-08,7.920521986930115e-07,-0.25795466352852175,7.920521986930115e-07,3.683849099706111e-07,1.9551070053277147e-07,7.963087165188422e-08,3.994514624783489e-08,2.000120316763833e-08,8.007514697052973e-09,8.925417286117119e-13,7.920521979514026e-07,3.6838490962788026e-07,1.9551070035160682e-07,7.963087157888797e-08,3.994514621163302e-08,2.0001203149526908e-08,8.00751468955466e-09,8.925413621049284e-13
78,node,kitaev,44,2.364687780192563,,,0.25893024504926593,1.2248515814798673,7.241694914218362e-08,0.2587999553462376,-1,True,False,True,4.662056564611008,3.7801985081631386,39.21980149183687,7.241694531564593e-08,3.8265376857238734e-15,5.284036031690371e-08,False,8.685647601376284e-15,7.585595409675236e-14,0.9999999999999994,1.0000000000000482,3.679435810224859e-15,3.071778751237845,3.071778751237845,3.0001235515091036,0.07165519972874135,0.07165519972874135,-0.08124348234764592,0.08124346917439057,True,1.3173255347664892e-08,1.0822710041464223e-15,0.6818165223122599,0.00022001731630846616,,0.00022001731630846616,0.00034661024956068995,0.000592862703581609,0.0013181870512993063,0.0022971585720845135,0.003539351710497672,0.004998846060865033,0.006600503423972252,0.00022001731630847678,0.00034661024956069396,0.0005928627035816098,0.0013181870512993042,0.0022971585720845083,0.003539351710497661,0.0049988460608650165,0.006600503423972228
78,anti,kitaev,44,2.4497045107678947,,,0.25893024504926593,1.2248515814798673,0.0044002720672153585,0.25893024505277373,-1,True,False,True,4.604042777202186,3.758894725463926,39.241105274536075,0.004400271891830546,1.7538481257572958e-10,3.985772013563676e-08,False,4.158719719991646e-10,2.1006689608173647e-09,1.0,0.9999999974980044,7.898160525306812e-10,3.1415915470060645,3.1415915470042792,3.0043590663648443,0.13723248063943494,0.13723248064122018,-2.027063603154872e-06,-2.0270639333741514e-06,False,3.30219279180634e-13,5.667668294697245e-11,0.7372441236996259,1.2666912057863812e-13,-1.503797592791647,1.2666912057863812e-13,2.110093277179092e-13,3.6652363070189067e-13,8.194636463180639e-13,1.4293114624784226e-12,2.202827856371728e-12,3.1116253700097227e-12,4.108986851235213e-12,1.2666912026171253e-13,2.1100932745241658e-13,3.665236303657844e-13,8.194636456892696e-13,1.4293114614252518e-12,2.2028278547338272e-12,3.111625367629176e-12,4.1089868479898696e-12
79,node,kitaev,40,2.1426872029227186,,,0.18517463750122198,1.0319733595523541,8.351070952342761e-07,0.18507640192648603,-1,True,False,True,5.431975038992219,4.592297233501006,34.40770276649899,8.351071112283118e-07,1.599403567554181e-14,1.9152077340517545e-08,False,5.2715002032384304e-14,1.3456546263775703e-13,1.0,0.9999999999998715,2.3561290982705525e-14,3.064964062175015,3.064964062175009,2.9856538116888425,0.07931025048616647,0.07931025048617268,0.18562587465118455,0.1856256166129881,True,2.580381964489842e-07,1.1511565210409905e-15,0.6833258085310112,0.0012606345651604905,,0.0012606345651604905,0.0019833669729114253,0.0033835132542637566,0.007463045701694208,0.012825107882932524,0.01935871811046816,0.02670617921199607,0.03445696534001727,0.0012606345651603285,0.001983366972911383,0.0033835132542637857,0.007463045701694346,0.01282510788293278,0.019358718110468565,0.026706179211996663,0.03445696534001808
79,anti,kitaev,40,2.221205826644193,,,0.18517463750122198,1.0319733595523541,0.009311521239769957,0.18466302498811518,-1,True,False,True,5.194845461018213,4.477697315391324,34.52230268460867,0.009311521416943778,1.7717382075344013e-10,1.902737653614773e-08,False,5.67422073564257e-10,5.468216358972778e-09,1.0,0.9999999923168986,7.683101348655296e-09,2.988439183319982,2.988437612499384,2.9619204621182456,0.026517150381138332,0.026518721201736373,1.610878160905843e-05,1.6108773169543067e-05,False,8.439515362598793e-12,1.8377561111533533e-15,2.2995588176107676e-08,0.0002821115543349649,-3.7534408420612095,0.0002821115543349649,0.00013105230791634264,6.953322588050567e-05,2.831357355600409e-05,1.4198010884685182e-05,7.105911290558569e-06,2.8436475515761247e-06,2.5949284492838545e-10,0.00028211155216747324,0.00013105230691318748,6.95332253490567e-05,2.8313573340218412e-05,1.4198010776652173e-05,7.105911236338474e-06,2.8436475295777266e-06,2.594924135517842e-10
80,node,kitaev,98,1.6207751189250261,,,0.2755408457556684,0.9431748015105696,2.280512489257317e-11,0.27276790619572433,-1,True,False,True,3.348547525301669,2.49898381218842,94.50101618781159,2.2805277263490333e-11,1.523709171640391e-16,6.681433137586587e-06,True,1.1543281246073154e-16,2.825034893444745e-10,1.0,0.9999999999309405,6.250747721432597e-11,2.855995088993863,2.855995088993863,2.856061725823993,6.663683012986255e-05,6.663683012986255e-05,1.397002139693792e-05,1.3970024685718103e-05,True,3.2887801826346963e-12,2.1815730339690694e-11,0.6734696651051257,2.956991173621049e-12,,2.956991173621049e-12,4.700144196714122e-12,8.148702691202889e-12,1.8897150457635706e-11,3.554104599103e-11,6.30911939591112e-11,1.1134566869956168e-10,1.951614978309033e-10,2.9569911734168403e-12,4.7001441964370364e-12,8.148702690789075e-12,1.889715045682523e-11,3.55410459896111e-11,6.309119395651754e-11,1.1134566869415786e-10,1.9516149781870424e-10
80,anti,kitaev,98,1.6501360645337453,,,0.2755408457556684,0.9431748015105696,2.611874212351114e-07,0.2733666858467752,-1,True,False,True,3.3488469002967536,2.498356954691122,94.50164304530891,2.6118741351071244e-07,7.724398960208128e-15,2.9574161434271005e-08,True,1.811009697185247e-14,3.5514939210744218e-09,0.9999999999999998,1.0000000022787299,2.2787297755055583e-09,2.8877511833552614,2.887751183355259,2.887665132330895,8.605102436431977e-05,8.605102436654022e-05,2.1284773928774e-10,2.056532058180813e-10,False,7.1945334696587046e-12,2.2850764024985115e-11,5.146809207117807e-10,8.982018364367187e-13,-0.0007464306042744663,8.982018364367187e-13,4.205439215060203e-13,2.2349498087365013e-13,9.108353405332591e-14,4.5712916253634085e-14,2.2913546352807393e-14,9.188277627005666e-15,4.530416011991999e-20,8.98201838483478e-13,4.205439224578887e-13,2.2349498137854332e-13,9.108353425839525e-14,4.571291635596968e-14,2.2913546403615443e-14,9.188277647128943e-15,4.530414475950052e-20
81,node,kitaev,81,1.8277107294482802,,,0.2028536631568718,0.9891769921151518,1.903372099769963e-10,0.202280112790838,-1,True,False,True,4.824714668325008,3.9281706943089763,76.07182930569105,1.9033702466065783e-10,1.8531633847179764e-16,9.736211773525236e-07,False,1.2132823587613847e-15,1.1366050881739966e-12,0.9999999999999998,1.0000000000017648,1.865956512741324e-12,2.988344284175315,2.988344284175314,2.9894841860870582,0.0011399019117441789,0.0011399019117432907,0.0036805553712923327,0.003680556324101413,True,9.528090803324896e-10,9.8674022205019e-13,0.6748971430997028,2.47801598127021e-07,,2.47801598127021e-07,3.9292513878332755e-07,6.800283087899156e-07,1.5664061231491255e-06,2.909458249188167e-06,5.027820757984292e-06,8.403351382347372e-06,1.3546487841148837e-05,2.4780159812745835e-07,3.929251387840419e-07,6.800283087911501e-07,1.5664061231519518e-06,2.9094582491934195e-06,5.02782075799342e-06,8.403351382362803e-06,1.3546487841174114e-05
81,anti,kitaev,81,1.8653384651186782,,,0.2028536631568718,0.9891769921151518,8.818189947158752e-05,0.20251914831085535,-1,True,False,True,4.824565138781702,3.927854748121276,76.07214525187874,8.818189955631383e-05,8.472630691654104e-14,9.608129040568027e-10,False,2.5517773564069275e-13,1.2211892231665544e-10,0.9999999999999994,0.9999999998876884,1.1231163379303196e-10,3.026671968292944,3.0266719681782828,3.023332611356487,0.003339356821795647,0.0033393569364568165,1.6867292461677488e-07,1.6867436673740838e-07,False,1.4421206334957353e-12,1.389693095490539e-13,4.8203657936147475e-09,7.286613525805163e-08,-0.15354514097848415,7.286613525805163e-08,3.3765583755185646e-08,1.790566929324011e-08,7.2887819825609845e-09,3.654410510596216e-09,1.8289551119258415e-09,7.319504803888347e-10,2.8450555498783456e-14,7.286613524986792e-08,3.376558375140407e-08,1.7905669291237537e-08,7.288781981748985e-09,3.6544105101916387e-09,1.828955111724887e-09,7.319504803089517e-10,2.8450556910498816e-14
82,node,kitaev,66,1.9335075691639314,,,0.3447520603452155,1.1530138242600168,1.2216822566194692e-09,0.3401377945015283,-1,True,False,True,3.2678117776278848,2.4232285660492145,62.57677143395078,1.2216822149853673e-09,4.163410188893523e-17,3.4079321086434885e-08,True,1.7791029691111345e-16,4.2379244557959684e-12,1.0,0.999999999997262,2.327295332445058e-12,2.8133652759246326,2.813365275924633,2.8135796738553114,0.000214397930678345,0.0002143979306787891,-0.0008489009070763239,0.000848899986103267,True,9.209730568232252e-10,3.937107248248496e-13,0.6767675321880782,1.613357247729054e-08,,1.613357247729054e-08,2.5583578080115126e-08,4.408797806496379e-08,1.0054981171417627e-07,1.8361348017213294e-07,3.066430466440428e-07,4.832538865879783e-07,7.206327500350057e-07,1.6133572477246364e-08,2.5583578080056013e-08,4.408797806487411e-08,1.0054981171399672e-07,1.8361348017181583e-07,3.0664304664348583e-07,4.832538865869943e-07,7.206327500333286e-07
82,anti,kitaev,66,1.9864147232690703,,,0.3447520603452155,1.1530138242600168,2.8599383702944507e-05,0.3413539863997177,-1,True,False,True,3.268312468496457,2.422148799415636,62.57785120058437,2.8599384552147038e-05,8.492025306691339e-13,2.9693036027965264e-08,True,1.6617887100265553e-12,4.96188674145238e-09,1.0,0.9999999963244287,3.6755712878620327e-09,2.8603178777070895,2.860317877684888,2.8600102463150288,0.00030763136985934025,0.0003076313920606921,-4.7750708013356136e-08,-4.776746260974737e-08,False,1.675459639123328e-11,5.596019296924093e-13,7.3994368106050345e-09,4.668926417089469e-09,-0.025187244702389457,4.668926417089469e-09,2.1930423243387986e-09,1.1663613391137102e-09,4.756560285055339e-10,2.3888261935931397e-10,1.1979556339512915e-10,4.803028596712845e-11,2.2801301157767127e-15,4.668926399928497e-09,2.193042316380206e-09,1.1663613349263116e-09,4.75656026854225e-10,2.3888261856695115e-10,1.1979556301035686e-10,4.803028580529298e-11,2.280120258566685e-15
83,node,kitaev,80,2.640933968493254,,,0.33031358915191733,1.029134263290979,7.7992693966781e-11,0.3164524269112086,-1,True,False,True,3.02879149550217,2.2098495558369535,76.79015044416305,7.799258662219171e-11,1.0734458929425254e-16,1.3763416011757874e-06,True,1.9366206176340313e-16,5.179647266187825e-11,0.9999999999999997,0.9999999999998949,3.0046593676935604e-12,2.5598177195541894,2.5598177195541894,2.5598266688878257,8.949333636376622e-06,8.949333636376622e-06,-5.403285156153136e-05,5.403293485006433e-05,True,8.328853297150107e-11,5.092505601860422e-12,0.6750000320854314,5.4065720538754157e-11,,5.4065720538754157e-11,8.628096891257674e-11,1.487077281351197e-10,3.4167831421825036e-10,6.338232605397898e-10,1.0930879929311268e-09,1.820351102154722e-09,2.919549047870482e-09,5.406572053874847e-11,8.628096891236765e-11,1.4870772813464417e-10,3.4167831421720367e-10,6.33823260538101e-10,1.093087992928381e-09,1.8203511021498755e-09,2.9195490478617096e-09
83,anti,kitaev,80,2.6784781619429836,,,0.33031358915191733,1.029134263290979,1.2909492524226357e-06,0.3145454948728863,-1,True,False,True,3.027830622607761,2.2118950499886663,76.78810495001134,1.2909491420304641e-06,1.1039217157140537e-13,8.551240210584573e-08,True,2.3890729396904443e-13,1.636282325162425e-08,0.9999999999999994,1.0000000078235824,7.8235823846128e-09,2.5211220486096693,2.5211220486095307,2.5211021263044904,1.9922305040331878e-05,1.992230517888771e-05,-2.8051143115575852e-09,-2.81360177110311e-09,False,8.487459545524736e-12,8.98828178846551e-12,6.1485180324476695e-09,1.599707901029921e-11,-0.002262112510124276,1.599707901029921e-11,7.990784235505789e-12,4.308046113963139e-12,1.7702145155720831e-12,8.946902077164411e-13,4.525173564100059e-13,1.830531845218211e-13,7.868666300904392e-18,1.5997079135453675e-11,7.990784295510025e-12,4.308046144499702e-12,1.7702145255803142e-12,8.946902109093705e-13,4.525173570673528e-13,1.8305318474638873e-13,7.868468608241298e-18
84,node,kitaev,57,1.6279444708971487,,,0.27376630253157774,1.0343760172271907,1.2025525175930835e-08,0.267378457226445,-1,True,False,True,3.7090305246321025,2.850767209426612,53.149232790573414,1.2025525301686734e-08,1.257558996038836e-16,1.045741435522374e-08,True,9.156551194351226e-16,6.71468499396049e-13,1.0,1.0000000000001548,1.0295364696643842e-13,2.7082712603798593,2.7082712603798593,2.7084130765445327,0.00014181616467334734,0.00014181616467334734,0.006936381416507392,0.006936392325569783,True,1.0909062391276092e-08,4.1929252175249716e-14,0.6783626424244139,1.244311609612261e-06,,1.244311609612261e-06,1.9737000854510845e-06,3.3884716104733504e-06,7.661388148768503e-06,1.3784715978684376e-05,2.2396712012657906e-05,3.387415704796788e-05,4.8113387155269105e-05,1.2443116096124535e-06,1.9737000854512886e-06,3.388471610473611e-06,7.661388148768974e-06,1.3784715978685226e-05,2.2396712012659495e-05,3.387415704797079e-05,4.811338715527406e-05
84,anti,kitaev,57,1.682445063503732,,,0.27376630253157774,1.0343760172271907,0.00024079105948480287,0.26891154973050974,-1,True,False,True,3.709081540031184,2.849110905909085,53.150889094090914,0.0002407910649040304,5.419227539589164e-12,2.250593336473603e-08,True,1.302856209377296e-11,5.309073939784733e-09,1.0,0.9999999960448053,3.95519469886252e-09,2.7625452009834888,2.7625451982908036,2.7624059872164293,0.00013921107437431246,0.0001392137670594984,-7.48356363914154e-08,-7.483548015215641e-08,False,1.5623925899788463e-13,3.764159508543851e-14,2.9171274053101234e-10,3.3681130446929694e-07,-0.19973834223091763,3.3681130446929694e-07,1.6030891394985085e-07,8.550797846069622e-08,3.493653936300043e-08,1.757334416330793e-08,8.82491260017967e-09,3.54079702650204e-09,5.6003724741075075e-15,3.3681130313714265e-07,1.6030891332553992e-07,8.550797813258026e-08,3.493653923518266e-08,1.757334410283952e-08,8.824912570886202e-09,3.540797014171721e-09,5.600220731897474e-15
85,node,kitaev,71,2.269601073922293,,,0.2728459867861911,1.1861976247334596,6.530099609740499e-09,0.2726284664828006,-1,True,False,True,4.2898532648250525,3.4052152496228203,66.59478475037717,6.530098911785167e-09,6.979553321716395e-16,1.0688280024558089e-07,False,1.8342335193743126e-15,2.1462853206404963e-12,0.9999999999999998,0.9999999999999135,5.767350284915206e-14,3.0543275442856297,3.0543275442856297,3.095717516612306,0.04138997232667618,0.04138997232667618,0.004098972449183547,0.004098972845055619,True,3.958720712349262e-10,8.403350940506554e-14,0.6760585540448484,3.500316680451818e-07,,3.500316680451818e-07,5.542791836307122e-07,9.575479048013824e-07,2.1930736965486517e-06,4.031268748052341e-06,6.819191596221362e-06,1.0973365306443195e-05,1.6801575139165772e-05,3.500316680451515e-07,5.54279183630724e-07,9.575479048014372e-07,2.193073696548808e-06,4.03126874805262e-06,6.819191596221806e-06,1.0973365306443869e-05,1.680157513916674e-05
85,anti,kitaev,71,2.3209973019302335,,,0.2728459867861911,1.1861976247334596,0.00013413032899033177,0.2727915334677175,-1,True,False,True,4.289631141897255,3.4049939545660046,66.59500604543398,0.00013413033108851483,2.0981830639241195e-12,1.5642868244029716e-08,False,4.813142042554939e-12,7.312496711576113e-10,1.0,0.9999999995820893,4.17910703302788e-10,3.097969753806911,3.0979697537371464,3.1415925871332444,0.04362283339609796,0.04362283332633332,-3.154792549294968e-07,-3.1547575966503483e-07,False,3.4952644619758166e-12,1.1559516736112015e-13,1.2359143799374398e-08,1.1342136743187795e-07,-0.12524328168390444,1.1342136743187795e-07,5.243496754238807e-08,2.779245392252852e-08,1.1310486247680366e-08,5.669619754717394e-09,2.8367840704252283e-09,1.1350455945016847e-09,9.95271602907979e-14,1.1342136738447794e-07,5.243496752051911e-08,2.7792453910948337e-08,1.1310486242978934e-08,5.669619752367085e-09,2.8367840692481246e-09,1.1350455940198506e-09,9.952713673023894e-14
86,node,kitaev,49,1.7543052678108153,,,0.34752152154522425,1.0761589288225202,1.6578853118475209e-09,0.3414069700945376,-1,True,False,True,3.0132002992935885,2.183113139320753,45.81688686067926,1.6578858703710475e-09,5.585235266670363e-16,3.3688912174788894e-07,True,4.441773945071211e-16,5.834558415962419e-13,0.9999999999999998,0.9999999999998583,4.7145336411013155e-14,2.764601205311007,2.764601205311007,2.765060977022404,0.00045977171139677253,0.00045977171139677253,-0.004817947231329356,0.004817943148818088,True,4.082511268280187e-09,5.5069157203885114e-14,0.6802720800236514,6.963784952184631e-07,,6.963784952184631e-07,1.1016967496369139e-06,1.8862388238090526e-06,4.224197016682943e-06,7.46677322171149e-06,1.176765634876883e-05,1.7086967352989977e-05,2.321261552387421e-05,6.963784952183644e-07,1.101696749636846e-06,1.8862388238089973e-06,4.224197016682866e-06,7.466773221711332e-06,1.1767656348768498e-05,1.708696735298934e-05,2.3212615523873116e-05
86,anti,kitaev,49,1.8201672682076981,,,0.34752152154522425,1.0761589288225202,0.00020209553892144334,0.34327305919304457,-1,True,False,True,3.013753407736532,2.1812784438681403,45.81872155613186,0.00020209553942647637,5.050330271171022e-13,2.4989815698673775e-09,True,1.0044361456132456e-12,4.842117607056478e-10,1.0,0.9999999996000187,3.99981271415956e-10,2.827555585117188,2.8275555836872748,2.826806872336145,0.0007487113511297494,0.0007487127810428262,-2.7741601779022844e-07,-2.7741951802180004e-07,False,3.500231571598733e-12,8.355615248301672e-14,8.105778620314737e-09,1.9376362381546818e-07,-0.11481510643122331,1.9376362381546818e-07,9.140494555077064e-08,4.866417383469615e-08,1.9863146926189633e-08,9.981650095667257e-09,5.006083413973713e-09,2.0063054131246635e-09,7.695964692659349e-14,1.9376362373796636e-07,9.14049455148023e-08,4.8664173815813355e-08,1.9863146918785403e-08,9.981650092101562e-09,5.006083412205257e-09,2.0063054123693893e-09,7.695960585093163e-14
87,node,kitaev,56,2.044928344156897,,,0.21364490725717508,1.3537522539034668,4.4194320916669523e-07,0.20721204521204042,-1,True,False,True,6.263041074706335,5.374004881094767,49.62599511890526,4.419431753885301e-07,3.377816510612464e-14,7.643100834112818e-08,True,9.587125500870547e-14,1.3688816957472166e-12,0.9999999999999997,0.9999999999997379,1.2586222077126285e-13,2.6455550900534393,2.6455550900534313,2.6456415236588335,8.643360540228073e-05,8.643360539428713e-05,0.09989338175421039,0.09989372309781303,True,3.413436026333816e-07,2.61618177480731e-15,0.6785714599967853,0.00026259703305707655,,0.00026259703305707655,0.00041696622899539866,0.0007150643634158741,0.0016144164280801798,0.002898888561533003,0.00469356559934013,0.007064275935640658,0.009978687718292408,0.0002625970330570077,0.0004169662289953361,0.0007150643634157962,0.0016144164280800324,0.00289888856153274,0.004693565599339669,0.007064275935639874,0.009978687718291152
87,anti,kitaev,56,2.117453088649745,,,0.21364490725717508,1.3537522539034668,0.004619259620062808,0.20850043177992675,-1,True,False,True,6.155817682076743,5.330888267077412,49.66911173292256,0.0046192595151736075,1.0488920062362572e-10,2.270692908622433e-08,True,2.9307661704465864e-10,8.726902900662659e-09,0.9999999999999998,1.0000000076827074,7.68270733106677e-09,2.700805907173573,2.700805222551553,2.700674703828735,0.00013051872281799604,0.00013120334483796015,-5.66216203841017e-06,-5.662146966567415e-06,False,1.507184275472605e-11,3.360238334899786e-15,9.724787139210741e-09,5.887032812255907e-05,-2.1676457457879725,5.887032812255907e-05,2.8298988740973728e-05,1.5124211398853348e-05,6.183421197414926e-06,3.1109819632805986e-06,1.5624572490518584e-06,6.269588718587815e-07,3.206007894921586e-11,5.887032857484257e-05,2.8298988956663353e-05,1.5124211513246814e-05,6.183421242965307e-06,3.110981985448547e-06,1.5624572600455452e-06,6.269588765003131e-07,3.2060280682228684e-11
88,node,kitaev,56,2.1061840570735075,,,0.25821162278699644,0.973417630497071,5.637418046782779e-09,0.25733063941300416,-1,True,False,True,3.7029886302145414,2.837040509030784,52.16295949096921,5.637418356267228e-09,3.0948444886326134e-16,5.489826127758632e-08,False,9.890396469379165e-16,4.77644786070418e-13,0.9999999999999997,0.9999999999998824,6.929218946675028e-14,2.976244907052463,2.976244907052463,2.980844378222852,0.004599471170389169,0.004599471170389169,0.0076663781816960425,0.007666374619345743,True,3.562350299295136e-09,2.0291138019911857e-14,0.6785710216741919,1.5466681491459183e-06,,1.5466681491459183e-06,2.444689992600668e-06,4.20397228778123e-06,9.50480808682563e-06,1.7071634019293006e-05,2.76428677225591e-05,4.160679826426483e-05,5.8773354424785115e-05,1.5466681491457364e-06,2.444689992600464e-06,4.203972287780926e-06,9.504808086825017e-06,1.7071634019291955e-05,2.764286772255738e-05,4.1606798264262113e-05,5.877335442478104e-05
88,anti,kitaev,56,2.1590476383028565,,,0.25821162278699644,0.973417630497071,0.00025798244975320806,0.25665621198932975,-1,True,False,True,3.7018424375537737,2.83756652482089,52.16243347517914,0.0002579824416895443,8.06366377750084e-12,3.1256636973618656e-08,False,2.032775797750537e-11,5.699044029592064e-09,1.0,1.0000000052132623,5.213262350622924e-09,2.9211961486359863,2.921196146669682,2.919469421141994,0.0017267255276878224,0.001726727493992275,9.832301288041157e-08,9.832566347494491e-08,False,2.6505945333432136e-12,2.113317859135201e-14,4.0162901666254896e-10,4.2983051793026225e-07,-0.22786660303024506,4.2983051793026225e-07,2.006622493646648e-07,1.0658135178494679e-07,4.343131904492526e-08,2.1795433181995597e-08,1.0917988228332073e-08,4.3721295232990715e-09,9.667414861888495e-15,4.298305201710815e-07,2.006622504022931e-07,1.0658135233294967e-07,4.3431319264588085e-08,2.179543329005523e-08,1.0917988281897695e-08,4.372129545134128e-09,9.667594767100956e-15
89,node,kitaev,95,2.108452190479717,,,0.2510323708194775,1.089640279863505,3.5325478763843464e-10,0.25091974650135696,-1,True,False,True,4.282981789081358,3.3983535558333005,90.60164644416669,3.5325520420870085e-10,4.1657026620585705e-16,1.179234594358074e-06,False,2.306068994990299e-16,1.9307548251562435e-11,1.0,0.9999999999967988,3.013161521935465e-12,3.0761437779950334,3.076143777995034,3.1040007143706285,0.02785693637559472,0.027856936375595165,0.0003361711283301701,0.00033617113081157985,True,2.481409771670079e-12,1.697073732991207e-12,0.6736867295553111,1.7657907024276824e-09,,1.7657907024276824e-09,2.801880496551406e-09,4.860482490205916e-09,1.1264920665920197e-08,2.1148858189873126e-08,3.739133025885906e-08,6.541304235100423e-08,1.1301102752277968e-07,1.7657907024220297e-09,2.801880496543143e-09,4.86048249019275e-09,1.1264920665893247e-08,2.114885818982569e-08,3.7391330258774554e-08,6.541304235083944e-08,1.1301102752243916e-07
89,anti,kitaev,95,2.1438658893197298,,,0.2510323708194775,1.089640279863505,7.579472351376657e-06,0.2510041941798767,-1,True,False,True,4.283023329089939,3.3982617609450965,90.60173823905491,7.579472114022522e-06,2.3735413506468855e-13,3.1315390314944285e-08,False,5.921164445914857e-13,9.442820474974372e-10,1.0,1.000000000368069,3.6806897033429e-10,3.1088721477471393,3.108872147746941,3.141592569090777,0.03272042134383568,0.03272042134363762,-1.5509415296968964e-08,-1.549766299703347e-08,False,1.1752299935492315e-11,2.0148751238035887e-12,4.3558394957947945e-09,5.812933796261279e-10,-0.014901625312201442,5.812933796261279e-10,2.6868521935261597e-10,1.4240764737203094e-10,5.7953218326205674e-11,2.9049580104650415e-11,1.4534432984108888e-11,5.815205968917143e-12,2.405419628533958e-16,5.81293379840084e-10,2.686852194513263e-10,1.4240764742430456e-10,5.795321834743187e-11,2.904958011525656e-11,1.4534432989404667e-11,5.815205971066706e-12,2.405420520675779e-16
90,node,kitaev,58,2.4962183307878463,,,0.28859944707053153,1.21596950797123,3.378297432980717e-08,0.28850121438713394,-1,True,False,True,4.153646023344269,3.2727190793038266,53.727280920696174,3.378297355759647e-08,7.722107021401755e-16,2.285798445694711e-08,False,2.257600849165276e-15,1.289013903044476e-13,1.0,0.9999999999998933,1.8185740135009255e-14,3.0883475579345463,3.0883475579345454,3.0348028102346802,0.05354474769986517,0.05354474769986606,-0.012509913304528757,0.012509912639304639,True,6.652241188453978e-10,8.570985222218639e-15,0.6781688272359183,3.978714560946987e-06,,3.978714560946987e-06,6.288022452534931e-06,1.082408215499819e-05,2.452759794416632e-05,4.4223591996133436e-05,7.210024520990446e-05,0.00010957767533932084,0.00015649793088682562,3.978714560946563e-06,6.288022452534667e-06,1.0824082154997964e-05,2.452759794416613e-05,4.422359199613325e-05,7.210024520990402e-05,0.0001095776753393196,0.00015649793088682277
90,anti,kitaev,58,2.5604195961897998,,,0.28859944707053153,1.21596950797123,0.0005113008841840954,0.2882064411430974,-1,True,False,True,4.15135742278615,3.2724578784121165,53.72754212158789,0.0005113008529199263,3.126416909648294e-11,6.114632316032958e-08,False,6.835870386489287e-11,7.167792660395222e-09,1.0,1.0000000070965047,7.09650470730265e-09,3.0351294129535713,3.0351294105917788,3.0209447246450836,0.014184685946695197,0.014184688308487736,6.183395220531315e-07,6.183359271653976e-07,False,3.594887733847363e-12,2.3793083197850994e-14,5.6137413629780636e-09,1.1742852840943344e-06,-0.30613242396279344,1.1742852840943344e-06,5.439670719220326e-07,2.884446441794727e-07,1.1741559345195272e-07,5.8869468316740823e-08,2.9461660570300613e-08,1.1789823240993081e-08,3.8234376453294036e-13,1.1742852924276554e-06,5.439670757693523e-07,2.884446462159447e-07,1.174155942771252e-07,5.886946872826783e-08,2.946166077596036e-08,1.1789823324411546e-08,3.823454488489503e-13
91,node,kitaev,67,3.1028820700517703,,,0.3289640891390192,1.264413691358696,5.013935309420666e-09,0.3202892259270348,-1,True,False,True,3.7751608701109394,2.9157314225414175,63.08426857745858,5.013936284480147e-09,9.750594808006992e-16,1.9446989652392666e-07,True,1.4145157621227026e-15,1.5086314163588123e-12,1.0,1.0000000000005762,3.9695462549129554e-13,2.679595399983226,2.679595399983226,2.6796507218503542,5.532186712819964e-05,5.532186712819964e-05,-0.002466051535961826,0.002466055417729742,True,3.8817679157837626e-09,1.5807656838693169e-13,0.6766169679399133,1.341487435146713e-07,,1.341487435146713e-07,2.1322006691790253e-07,3.6704841695620974e-07,8.371867593519719e-07,1.5306999619115832e-06,2.5631084395172177e-06,4.056587080999882e-06,6.081410178019683e-06,1.3414874351474858e-07,2.132200669179916e-07,3.6704841695633823e-07,8.371867593522294e-07,1.530699961912036e-06,2.5631084395180105e-06,4.056587081001287e-06,6.081410178022097e-06
91,anti,kitaev,67,3.158976989898292,,,0.3289640891390192,1.264413691358696,8.802873385482335e-05,0.31840628773915475,-1,True,False,True,3.7743125872637684,2.9172570310255788,63.08274296897442,8.80287311904711e-05,2.66435224577366e-12,3.026684730201504e-08,True,5.382705743354373e-12,7.14084990994479e-09,0.9999999999999999,1.000000004373114,4.373114001666935e-09,2.6335008919001925,2.6335008915647258,2.6334541952746373,4.6696290088465986e-05,4.6696625555231464e-05,-1.0107167971058954e-07,-1.010760102866789e-07,False,4.330576089365746e-12,1.6946632452985898e-13,4.0895198571427945e-09,3.728308513808919e-08,-0.06910993551037044,3.728308513808919e-08,1.8155191785930555e-08,9.732140051986692e-09,3.987274962715716e-09,2.0105533751711433e-09,1.013015989053236e-09,4.077639527960441e-10,1.0215484439519816e-14,3.728308530113237e-08,1.81551918636066e-08,9.732140092533877e-09,3.98727497780081e-09,2.010553381714758e-09,1.0130159919129294e-09,4.077639539876073e-10,1.0215371244857843e-14
92,node,kitaev,59,1.699051315045558,,,0.34472294369602824,1.0688412907222737,1.0956150651782026e-09,0.33722676977235644,-1,True,False,True,3.0166003395388765,2.188298468376347,55.81170153162366,1.095615258289073e-09,1.9311087037947398e-16,1.7625795456551555e-07,True,5.928127049289509e-16,2.238818085942205e-12,1.0,0.9999999999998861,7.097232901564867e-14,2.722714558804351,2.722714558804351,2.722854650720421,0.00014009191606989546,0.00014009191606989546,0.0011470832080090782,0.0011470841848826485,True,9.768735703165332e-10,3.0836558900504135e-13,0.677966160660056,3.289499429141445e-08,,3.289499429141445e-08,5.218170935113155e-08,8.966168317411988e-08,2.0315522650655264e-07,3.6687803089029877e-07,6.000739393687696e-07,9.163018223396552e-07,1.3157998860963983e-06,3.28949942914107e-08,5.218170935112839e-08,8.966168317411731e-08,2.031552265065494e-07,3.6687803089029136e-07,6.000739393687503e-07,9.163018223396091e-07,1.3157998860963049e-06
92,anti,kitaev,59,1.7533225011923537,,,0.34472294369602824,1.0688412907222737,3.964706799074156e-05,0.33899043660111944,-1,True,False,True,3.0173819049930426,2.1865946912566367,55.813405308743384,3.9647071605690603e-05,3.6149490451292503e-12,9.117821892840647e-08,True,7.279219528182297e-12,1.7193334609989187e-08,1.0,0.9999999879777963,1.2022203677799065e-08,2.7751728371408184,2.7751728370749533,2.775014469955022,0.0001583671199312242,0.00015836718579631537,-6.611237472333764e-08,-6.611304436717055e-08,False,6.696438329111551e-13,2.2079152712552475e-13,7.88935084898932e-09,9.390143569867787e-09,-0.03316884949219299,9.390143569867787e-09,4.4609668206182555e-09,2.3785789125563047e-09,9.716554745386594e-10,4.886959515022321e-10,2.4541992469191084e-10,9.849195129859846e-11,4.370846091559242e-15,9.390143456977568e-09,4.46096676804511e-09,2.3785788850613757e-09,9.716554639692084e-10,4.886959465872381e-10,2.4541992233326363e-10,9.849195026588745e-11,4.370762956035675e-15
93,node,kitaev,94,1.699672386706363,,,0.34913880561073585,0.8105878992965435,4.5903043968954145e-14,0.34871812851091816,-1,True,False,True,2.2137689231559836,1.429864870904345,91.57013512909566,4.591862922321443e-14,1.558525426028512e-17,0.0003395255066488832,False,8.355589464370195e-17,1.3132230646662247e-06,0.9999999999999921,1.0000026224122665,2.620848168309282e-06,3.042385902263449,3.042385902263449,3.0449816521990223,0.0025957499355730995,0.0025957499355730995,-4.0354633762071677e-08,4.034795014029322e-08,True,6.6836217784542585e-12,1.3842947108739708e-06,0.6737615519858562,2.5712999560532972e-17,,2.5712999560532972e-17,4.080205562977329e-17,7.076626555923222e-17,1.6394566561338e-16,3.075908771084367e-16,5.430546009294379e-16,9.471813359723881e-16,1.6284964660709353e-15,2.5713066990618424e-17,4.080216257169964e-17,7.076645099708498e-17,1.6394609518666672e-16,3.075916830728508e-16,5.430560239243427e-16,9.471838181071407e-16,1.6285007341129155e-15
93,anti,kitaev,94,1.7257922227920068,,,0.34913880561073585,0.8105878992965435,6.71083363096853e-10,0.34837608938625403,-1,True,False,True,2.213590967337967,1.4302593546532951,91.56974064534667,6.710831619845559e-10,2.0111229701215482e-16,2.996830320514586e-07,False,2.434011265385866e-16,1.7335757730407483e-07,0.9999999999999851,1.0000000036959815,3.695981627905359e-09,3.009332569015009,3.009332569015008,3.00830809036118,0.0010244786538282646,0.0010244786538291528,8.035161766771506e-12,3.4391187521955115e-12,False,4.596043014575994e-12,3.364045281239782e-08,8.209600236802853e-08,8.366414663977615e-18,-2.4245649661991724e-06,8.366414663977615e-18,3.8800915666315e-18,2.057964600639023e-18,8.378300231169088e-19,4.201276787746448e-19,2.1033874117819708e-19,8.425689087726221e-20,6.456382461819105e-23,8.36641469489973e-18,3.880091572802335e-18,2.0579645981953745e-18,8.378300152568728e-19,4.2012767044749945e-19,2.1033873571543038e-19,8.425689243034474e-20,6.45746149026958e-23
94,node,kitaev,100,1.5836279441457592,,,0.15365017125446812,1.2171034121323774,3.7871274927507016e-08,0.14402859324953848,-1,True,False,True,7.883506641877828,6.96131453155519,92.03868546844484,3.787127845752422e-08,3.5300172059856953e-15,9.321094187462225e-08,True,1.215185728899777e-14,1.021567730643657e-12,1.0,1.0000000000001417,1.141166812106123e-13,2.426182003884194,2.4261820038841946,2.4261825814625126,5.775783180617111e-07,5.775783185058003e-07,0.021631353149516103,0.021631404198956292,True,5.1049440188966067e-08,1.4937412135537637e-14,0.6733333347682932,6.9492391794340445e-06,,6.9492391794340445e-06,1.1147255629938458e-05,1.9224743284348164e-05,4.4488473914750764e-05,8.372891539418413e-05,0.00014899388454774277,0.0002644329267548726,0.0004679154390790804,6.949239179435029e-06,1.1147255629939688e-05,1.9224743284349977e-05,4.4488473914754484e-05,8.372891539419074e-05,0.00014899388454775475,0.0002644329267548968,0.0004679154390791338
94,anti,kitaev,100,1.6191967824132079,,,0.15365017125446812,1.2171034121323774,0.0004901322060525589,0.144857833089195,-1,True,False,True,7.873219235432433,6.957684152968551,92.04231584703143,0.0004901321949235227,1.1129036169184314e-11,2.2706192394120907e-08,True,4.351380513921311e-11,7.185693355207284e-09,1.0,1.0000000046928854,4.6928853644678655e-09,2.4573537889763397,2.457353772715291,2.4573014661590453,5.230655624588465e-05,5.2322817294392365e-05,8.305369994848679e-07,8.305501929652472e-07,False,1.3193480379277847e-11,2.1991108991447314e-14,3.891425606530017e-09,1.7725938441578343e-06,-0.9541753153727383,1.7725938441578343e-06,8.99356994573357e-07,4.862292890681132e-07,1.9971538399583498e-07,1.0081871491272638e-07,5.0985177850768796e-08,2.0666245430574826e-08,6.897917075133217e-13,1.772593852476414e-06,8.993569987584139e-07,4.862292913001327e-07,1.9971538485714422e-07,1.0081871529523947e-07,5.098517800911467e-08,2.066624548940293e-08,6.897859824602423e-13
95,node,kitaev,43,1.7213219428079574,,,0.25653196893979446,1.0909484386932613,2.2291751765512557e-07,0.2506792075261199,-1,True,False,True,4.18415798481246,3.315603479966243,38.68439652003375,2.2291750397132363e-07,1.3683801936890833e-14,6.138504537835812e-08,True,3.4060267290414275e-14,7.646911938015071e-13,0.9999999999999999,0.9999999999997727,9.784960378964104e-14,2.713197281181394,2.713197281181391,2.7136916620537765,0.0004943808723854026,0.0004943808723827381,0.058076164258434336,0.058076350959746025,True,1.8670131168851967e-07,2.2999755112286315e-15,0.6821706637539406,0.00011498319054989618,,0.00011498319054989618,0.00018177069885399436,0.00031002772367505737,0.0006872445006488021,0.0011934616512635997,0.0018296607525503095,0.0025691941969277665,0.003372840854972646,0.00011498319054987005,0.00018177069885397175,0.00031002772367503027,0.000687244500648753,0.0011934616512635145,0.001829660752550166,0.0025691941969275406,0.003372840854972316
95,anti,kitaev,43,1.7973736298461969,,,0.25653196893979446,1.0909484386932613,0.0028146749848534237,0.25248446915965805,-1,True,False,True,4.154647401389495,3.303853175112027,38.696146824888,0.0028146748557053504,1.2914807331204647e-10,4.588383170598006e-08,True,3.213614581203207e-10,1.4188218937965553e-08,0.9999999999999998,1.000000013388472,1.3388472110844163e-08,2.784774123851852,2.7847738141450677,2.784207867858196,0.000565946286871899,0.0005662559936561173,7.040345341874387e-07,7.040302585706314e-07,False,4.275616807323793e-12,6.540467158564068e-15,4.1730919512406764e-10,2.762240670622804e-05,-1.1995086003583484,2.762240670622804e-05,1.3108746274814125e-05,6.988034804170754e-06,2.8542846778336567e-06,1.4347237531932661e-06,7.194741632569774e-07,2.8824759455669357e-07,4.956646253284603e-13,2.762240707604986e-05,1.3108746448200214e-05,6.988034895690183e-06,2.854284714184183e-06,1.4347237709866045e-06,7.194741721354869e-07,2.882475982022515e-07,4.956342582281719e-13
96,node,kitaev,81,1.800535223629464,,,0.18399643201598612,1.287844307147612,1.7150883505808383e-08,0.1754661015762432,-1,True,False,True,6.9561858936584535,6.041465433032953,73.95853456696705,1.7150884859462876e-08,1.3536544934755872e-15,7.892622517184922e-08,True,6.536802563515165e-15,3.3774008626146266e-13,1.0,0.9999999999999695,1.6783084704489226e-14,2.528598544960841,2.52859854496084,2.5286049570748528,6.412114012643855e-06,6.412114011755676e-06,-0.03333369572559627,0.03333365097062084,True,4.4754975427052646e-08,3.3338852231228375e-15,0.6748971176978091,2.0325645245723327e-05,,2.0325645245723327e-05,3.246550306323064e-05,5.5938281356152324e-05,0.00012856088033901293,0.0002386923172061775,0.0004124325428423234,0.0006892942955455483,0.0011111352707266345,2.0325645245722707e-05,3.246550306323007e-05,5.5938281356151714e-05,0.0001285608803390121,0.0002386923172061762,0.0004124325428423207,0.000689294295545541,0.001111135270726616
96,anti,kitaev,81,1.8477027065092395,,,0.18399643201598612,1.287844307147612,0.00100156556107146,0.1764551075311399,-1,True,False,True,6.936796941699659,6.0348008425886706,73.9651991574114,0.0010015655354704968,2.5600963189653658e-11,2.5560945967696942e-08,True,8.343803343308979e-11,8.444741345061292e-09,1.0,1.0000000059617493,5.961749323680746e-09,2.5669980869313074,2.5669980383750244,2.5669289919171594,6.90464578649852e-05,6.909501414797958e-05,-9.695730108415452e-08,-9.694575329143028e-08,False,1.1547792724236945e-11,1.4935476973288208e-14,2.2995105143027153e-11,5.047084980682404e-06,-1.1093672647117039,5.047084980682404e-06,2.491675920397384e-06,1.3391696260167843e-06,5.488294785434556e-07,2.7670030817282346e-07,1.3952436775333007e-07,5.626805423987508e-08,9.400718233526263e-15,5.04708501077186e-06,2.491675935124381e-06,1.3391696338396492e-06,5.488294815955286e-07,2.767003095825413e-07,1.395243683977146e-07,5.6268054505375176e-08,9.401902824540929e-15
97,node,kitaev,80,2.794389562201802,,,0.3105824010910887,1.191974588166358,7.540601895853944e-11,0.30589845819812095,-1,True,False,True,3.770808678502344,2.906989061200426,76.09301093879957,7.540628562012267e-11,2.6666158322705325e-16,3.53634347642291e-06,True,9.499120740972077e-17,8.471043781603872e-12,0.9999999999999998,1.000000000004776,5.044774468329712e-12,2.792526680549326,2.792526680549326,2.7926037555586536,7.70750093277428e-05,7.70750093277428e-05,0.0005282862169513437,0.0005282858281077432,True,3.888436005475282e-10,3.6861393366054756e-12,0.6749999908698504,5.1682653851060206e-09,,5.1682653851060206e-09,8.210587049801175e-09,1.4190083548957426e-08,3.264943395263121e-08,6.058111318827116e-08,1.0448581433561869e-07,1.740085046279154e-07,2.790863270207621e-07,5.168265385130704e-09,8.210587049841692e-09,1.4190083549027948e-08,3.264943395279416e-08,6.05811131885742e-08,1.0448581433614262e-07,1.7400850462879044e-07,2.7908632702217004e-07
97,anti,kitaev,80,2.8393838515336176,,,0.3105824010910887,1.191974588166358,1.5128723443261666e-05,0.3047926498236897,-1,True,False,True,3.7703424026222168,2.9079434011084113,76.0920565988916,1.5128724027159775e-05,5.838981082900664e-13,3.859533228166284e-08,True,1.2332741242402152e-12,7.621772808751853e-09,1.0,0.9999999953692373,4.630762626431531e-09,2.7537986459663273,2.7537986459581187,2.7537659835348873,3.2662423231411e-05,3.266243143995595e-05,-1.7368682119687806e-08,-1.7379325661765984e-08,False,1.064354207817789e-11,7.857277535799473e-13,2.5358885975089915e-09,1.4870089269255314e-09,-0.018447431859345744,1.4870089269255314e-09,7.084410966914447e-10,3.779067694440491e-10,1.5435229374645827e-10,7.762146580770162e-11,3.9004644574334686e-11,1.567416284065115e-11,3.016711185747585e-16,1.487008920039546e-09,7.084410934618732e-10,3.779067677490981e-10,1.5435229309314515e-10,7.76214655088094e-11,3.9004644439631464e-11,1.5674162787293638e-11,3.0167449161604626e-16
98,node,kitaev,49,1.656918342159715,,,0.31316514808668616,0.8830246707552699,6.54787886407708e-09,0.31255214445541873,-1,True,False,True,2.730689451150945,1.909018849098725,46.090981150901264,6.547878112312521e-09,7.517645592925694e-16,1.1481039507570827e-07,False,1.5298586439008452e-15,9.824674694088745e-13,1.0,0.9999999999993245,3.650138392441653e-13,3.015932160593242,3.015932160593242,3.089319193300087,0.0733870327068451,0.0733870327068451,0.0023495933665905093,0.002349594278158915,True,9.115684058286222e-10,2.0354878578236457e-13,0.6802759636077044,1.656167311820257e-07,,1.656167311820257e-07,2.613240521714757e-07,4.4812420781779917e-07,1.0043816159744178e-06,1.7756408808726674e-06,2.7985570413093658e-06,4.063680595957537e-06,5.5205889883261225e-06,1.6561673118191385e-07,2.61324052171362e-07,4.481242078176458e-07,1.004381615974133e-06,1.7756408808721772e-06,2.7985570413085395e-06,4.063680595956204e-06,5.520588988324107e-06
98,anti,kitaev,49,1.7114735420419556,,,0.31316514808668616,0.8830246707552699,8.162685940212505e-05,0.3130119056947143,-1,True,False,True,2.7308578920294244,1.9084961419894797,46.09150385801052,8.162686597515218e-05,6.573027129638982e-12,8.052529740557263e-08,False,1.4787584307554818e-11,3.4376192805613037e-09,1.0,0.9999999982458116,1.7541883746066291e-09,3.078781560742184,3.078781560675006,3.1415925760461585,0.0628110153711523,0.06281101530397448,1.6389595292601788e-07,1.638943118048054e-07,False,1.6411212124764117e-12,2.277538325107135e-13,1.0163053742996905e-08,5.39406477234473e-08,-0.06762612803103943,5.39406477234473e-08,2.4947766480938754e-08,1.3224518403669484e-08,5.382226437687265e-09,2.6980554532874807e-09,1.3499698012067928e-09,5.401135722387489e-10,2.6861883385530553e-14,5.3940647628825246e-08,2.494776643742917e-08,1.3224518380698465e-08,5.382226428439871e-09,2.6980554487124254e-09,1.3499697989476982e-09,5.401135713638456e-10,2.6861959033630547e-14
99,node,kitaev,91,2.009329466304162,,,0.21964648549232405,1.2600564006277217,1.2554155007487441e-08,0.21508301030449162,-1,True,False,True,5.691253849212886,4.784050342654778,85.21594965734532,1.255415596591509e-08,9.584276480829486e-16,7.634346138878574e-08,True,2.680725844964701e-15,1.0265067021587838e-12,1.0,0.999999999999931,4.234162797207821e-14,2.7318177403912687,2.7318177403912687,2.7318428313829455,2.509099167680162e-05,2.509099167680162e-05,-0.005215978948825674,0.005215965428719497,True,1.3520106176972968e-08,4.911242510767972e-14,0.6739926301124256,4.435832309652055e-07,,4.435832309652055e-07,7.059872195792438e-07,1.2215572192808698e-06,2.8239824790375905e-06,5.286543344737363e-06,9.291814699784397e-06,1.605729724340056e-05,2.7206436394592595e-05,4.435832309651749e-07,7.059872195792669e-07,1.22155721928097e-06,2.8239824790378933e-06,5.286543344737924e-06,9.291814699785275e-06,1.6057297243401712e-05,2.720643639459364e-05
99,anti,kitaev,91,2.05142640851118,,,0.21964648549232405,1.2600564006277217,0.00013982520419253029,0.21578491035258193,-1,True,False,True,5.690937722617066,4.783313295662297,85.2166867043377,0.00013982520078287473,3.4096555602807638e-12,2.4385128417805762e-08,True,9.369466336168472e-12,6.160615641843505e-09,1.0,1.0000000039804433,3.98044328180582e-09,2.7660114992522917,2.7660114986463378,2.7659852137774674,2.6284868870352085e-05,2.6285474824305766e-05,3.420456754787168e-08,3.419911719809189e-08,False,5.450349779790795e-12,8.331516954241124e-14,1.0669433192560028e-10,1.2049956169404521e-07,-0.19448813147980842,1.2049956169404521e-07,5.7287021943222914e-08,3.054113995479519e-08,1.246638354457993e-08,6.265153004344056e-09,3.1465839912502503e-09,1.2644197265822805e-09,1.169952441137053e-15,1.2049956217368688e-07,5.728702216944963e-08,3.0541140074454474e-08,1.2466383591958051e-08,6.265153026901678e-09,3.146584001829957e-09,1.2644197307848634e-09,1.1699167664054788e-15
100,node,kitaev,96,2.226480034890931,,,0.3050685370694711,0.9475349327192161,1.5816506098472639e-12,0.3002761787849015,-1,True,False,True,3.023083039364401,2.191542597981961,92.80845740201805,1.5454765443547991e-12,3.6174065492464765e-14,0.022871084971135318,True,8.203503695405538e-14,3.43927833662418e-08,0.9999999999999982,1.0000000249756504,1.917851674759836e-08,2.785329197768448,2.7853291977684487,2.785362842682884,3.364491443536011e-05,3.3644914436248285e-05,4.626947574506785e-06,4.626935943241658e-06,True,1.1631265126763816e-11,8.239937167413798e-09,0.6736110735049264,3.310615214293368e-13,,3.310615214293368e-13,5.266387745374664e-13,9.12302699930304e-13,2.113590603918211e-12,3.9700703085974645e-12,7.0285513176967775e-12,1.2332194377005597e-11,2.140864385723422e-11,3.3106152969781364e-13,5.266387853067571e-13,9.123027171455116e-13,2.1135906422610356e-12,3.970070380097699e-12,7.028551444976055e-12,1.2332194605092238e-11,2.1408644267820254e-11
100,anti,kitaev,96,2.2562068315312604,,,0.3050685370694711,0.9475349327192161,8.75520547051644e-08,0.29935164122314534,-1,True,False,True,3.022616826623919,2.1925304087352444,92.80746959126475,8.755204018211674e-08,1.452304766027477e-14,1.6587900431556754e-07,True,3.280061744223752e-14,2.4338676811740343e-08,0.9999999999999996,1.0000000126655326,1.2665532530267194e-08,2.752982264876681,2.752982264876681,2.7529662482282147,1.601664846617723e-05,1.601664846617723e-05,1.5012115930905696e-10,1.40412675489147e-10,False,9.708483819909948e-12,1.576224658753806e-10,2.3362997952934935e-09,1.0048101541847932e-13,-0.0002444023893200408,1.0048101541847932e-13,4.7873385298160826e-14,2.55370768429514e-14,1.0428845525360725e-14,5.243279534011924e-15,2.6350559277632518e-15,1.0601279951190609e-15,2.2536362472293168e-20,1.0048101669112489e-13,4.787338589165975e-14,2.5537077152627413e-14,1.0428845642530346e-14,5.24327958570598e-15,2.6350559494456578e-15,1.060128003649961e-15,2.253719565027675e-20
101,node,kitaev,98,2.4433263046456557,,,0.21990312200215978,0.9434437165917671,2.8403890940126686e-10,0.20998599323379988,-1,True,False,True,4.226612024407835,3.3596416098458435,93.64035839015416,2.8403893378222775e-10,2.4380960888399018e-17,8.583669378182127e-08,True,4.526122224542283e-16,1.1342519710807398e-11,1.0,1.0000000000033564,4.095909983565476e-12,2.5386592657720586,2.5386592657720577,2.5386624351228435,3.1693507858143732e-06,3.169350784926195e-06,0.00021677638271733738,0.0002167758332085421,True,5.495087952917845e-10,1.7576319942205757e-12,0.6734693713169274,7.120000189546006e-10,,7.120000189546006e-10,1.1383381118483879e-09,1.966530230507899e-09,4.552289587489801e-09,8.559020663181401e-09,1.5192240481424346e-08,2.6810886722191088e-08,4.699200010401353e-08,7.120000189569903e-10,1.1383381118527904e-09,1.9665302305154723e-09,4.5522895875057426e-09,8.55902066320913e-09,1.5192240481472716e-08,2.681088672228413e-08,4.6992000104206005e-08
101,anti,kitaev,98,2.4715883012422077,,,0.21990312200215978,0.9434437165917671,3.899218134367856e-06,0.20892606940059175,-1,True,False,True,4.225991558778046,3.360920494911155,93.63907950508887,3.8992180606903155e-06,7.367754054288722e-14,1.889546519428872e-08,True,2.2017160862806391e-13,4.003068750127441e-09,0.9999999999999999,1.0000000019369362,1.9369361089422854e-09,2.5069937835858678,2.506993783584317,2.506974466400518,1.9317183799216764e-05,1.9317185349976285e-05,1.4101427641388371e-08,1.4101248037728409e-08,False,1.7960365996253931e-13,1.8381104592697345e-12,9.811454969310227e-09,2.0680768628359148e-10,-0.012044190814078336,2.0680768628359148e-10,1.036091743185873e-10,5.5876043523068664e-11,2.294575064292098e-11,1.1589725606666293e-11,5.865535398780951e-12,2.3808893685412316e-12,1.9885026152530838e-16,2.0680768668416476e-10,1.0360917451439012e-10,5.587604362483968e-11,2.294575067872292e-11,1.1589725619789558e-11,5.865535402414326e-12,2.3808893699692022e-12,1.9885102133588534e-16
102,node,kitaev,93,2.5711512551047195,,,0.20157659847937062,0.9693342464835351,1.92210731550714e-09,0.1904319631825001,-1,True,False,True,4.750727631171451,3.8731370671472445,88.12686293285275,1.9221075725894796e-09,2.5708233950952593e-16,1.3375025287893242e-07,True,9.46697293806644e-16,5.9274582236930826e-12,0.9999999999999993,0.9999999999977613,2.2020234503085637e-12,2.473170626150999,2.473170626150999,2.4731725049487405,1.8787977413836643e-06,1.8787977413836643e-06,-0.0010870949002150642,0.001087097687691269,True,2.787476204718642e-09,3.9081989293954736e-13,0.6738351349518594,1.885811657562345e-08,,1.885811657562345e-08,3.019474049386122e-08,5.2073463385845455e-08,1.202577312949201e-07,2.253609470526358e-07,3.9724488500015375e-07,6.907229342088144e-07,1.1817753220736007e-06,1.8858116575581235e-08,3.0194740493798334e-08,5.2073463385747795e-08,1.2025773129472564e-07,2.2536094705229613e-07,3.972448849995415e-07,6.907229342075877e-07,1.1817753220709984e-06
102,anti,kitaev,93,2.601427164618874,,,0.20157659847937062,0.9693342464835351,2.094306542702304e-05,0.18933147499947142,-1,True,False,True,4.75002915235067,3.874507078758345,88.12549292124167,2.0943068359549106e-05,2.932526065106385e-12,1.4002372648478279e-07,True,9.478255038519557e-12,3.3465199478002916e-08,0.9999999999999998,0.9999999827561852,1.724381484378469e-08,2.439829278353997,2.439829278305629,2.4397968545112456,3.2423794383174e-05,3.242384275159438e-05,4.9650868153205175e-08,4.965759689567767e-08,False,6.728742472494351e-12,8.110526123006613e-13,4.974680077994264e-09,5.328507583298192e-09,-0.05640062516888063,5.328507583298192e-09,2.717985587990638e-09,1.4717663537124317e-09,6.056328979146165e-10,3.0641322326404596e-10,1.5540453278739114e-10,6.318502328810762e-11,2.4652087083678877e-15,5.328507491414394e-09,2.717985542177255e-09,1.47176632979043e-09,6.056328894991797e-10,3.064132201957501e-10,1.5540453192776786e-10,6.318502293844681e-11,2.4650923591403408e-15
103,node,kitaev,45,1.6820030269554107,,,0.20000600330070964,0.9021913112511334,1.8275742682990839e-07,0.19954314516384278,-1,True,False,True,4.446657501016711,3.5651124562976784,40.434887543702345,1.8275744665196002e-07,1.9822051632281988e-14,1.0846099103118962e-07,False,6.257787612106068e-14,8.016666459853286e-13,0.9999999999999998,0.9999999999994209,5.750639485529732e-14,3.004998358088727,3.004998358088727,3.0901584865633467,0.08516012847461951,0.08516012847461951,-0.06171244459236908,0.06171235101937678,True,9.357299230600136e-08,4.546847899098324e-15,0.6814793043373784,0.00012418819514569817,,0.00012418819514569817,0.00019575685082957078,0.0003349725663299402,0.000746037983635685,0.0013041421554479845,0.0020189907452297057,0.0028678083548346303,0.0038084258175662255,0.00012418819514562626,0.00019575685082953094,0.00033497256632990935,0.0007460379836356477,0.001304142155447926,0.0020189907452296102,0.0028678083548344807,0.0038084258175660065
103,anti,kitaev,45,1.7431851708458068,,,0.20000600330070964,0.9021913112511334,0.002405005473766268,0.1999322684914131,-1,True,False,True,4.411273526517851,3.5527470255687654,40.447252974431244,0.0024050053813201937,9.244607423325446e-11,3.843902861829365e-08,False,2.869221342138438e-10,3.745214660472932e-09,0.9999999999999996,1.0000000037427774,3.7427773284182616e-09,3.073326797714353,3.073326736982361,3.1415925760461585,0.06826583906379735,0.06826577833180547,2.6785735208412686e-06,2.6785744954536945e-06,False,9.746124259299774e-13,3.1847447325907226e-15,4.263741793344614e-09,3.739415572465405e-05,-1.5856695024783243,3.739415572465405e-05,1.729813512162801e-05,9.169846212244375e-06,3.7320512833244033e-06,1.8708325136261315e-06,9.360607112907627e-07,3.7450528605072746e-07,7.1747561065506284e-12,3.739415586461205e-05,1.7298135186223004e-05,9.169846246450784e-06,3.732051297212597e-06,1.87083252057011e-06,9.360607147583269e-07,3.745052874319685e-07,7.174737434367003e-12
104,node,kitaev,47,2.425605488820449,,,0.20677742551215392,1.1386416013674467,4.341981833689398e-07,0.20640310743226228,-1,True,False,True,5.427165485705158,4.544714792818608,41.45528520718139,4.3419819172095105e-07,8.352011251789313e-15,1.9235481795400738e-08,False,2.4387012662753714e-14,1.849958043498722e-13,1.0,1.0000000000001297,1.74057364512056e-14,3.0106964115231083,3.0106964115231065,3.0895519426790075,0.07885553115590094,0.07885553115589916,-0.11116799395327048,0.11116805584077892,True,6.1887508437386e-08,1.1235257375979267e-15,0.6808529973348143,0.0003861964932528097,,0.0003861964932528097,0.0006090789075843213,0.0010433962700593959,0.0023315071704977704,0.0040996698895426455,0.006405443976853242,0.00920051096175442,0.01235832287959438,0.0003861964932528598,0.0006090789075843516,0.001043396270059424,0.002331507170497815,0.004099669889542721,0.006405443976853357,0.009200510961754583,0.012358322879594595
104,anti,kitaev,47,2.499477055833979,,,0.20677742551215392,1.1386416013674467,0.005233034011941488,0.205793622180881,-1,True,False,True,5.316578198643276,4.500711449771924,41.49928855022811,0.0052330341368905225,1.2494903462584306e-10,2.387697735973365e-08,False,3.617970631296981e-10,7.1494126557683225e-09,1.0,0.9999999914394716,8.560528370794392e-09,2.945328957562941,2.94532843271171,2.939668148852322,0.005660283859387771,0.005660808710618692,3.930519708507862e-06,3.930511493534239e-06,False,8.214973623230093e-12,3.858880628071141e-15,3.699567948690741e-09,8.884870257209618e-05,-2.372767039132348,8.884870257209618e-05,4.1399464440895174e-05,2.1979674645198675e-05,8.953491526543097e-06,4.491316771345127e-06,2.2485961724871664e-06,9.000244079354875e-07,1.544898517896703e-11,8.884870181150434e-05,4.1399464088126e-05,2.1979674458339575e-05,8.953491450855321e-06,4.491316733584885e-06,2.2485961535841146e-06,9.000244002788292e-07,1.5448899687744816e-11
105,node,kitaev,57,1.400888359586274,,,0.24451843655150962,0.8338941488454695,8.396201581051882e-09,0.24131865110134226,-1,True,False,True,3.3351879645921905,2.487510427846748,53.51248957215326,8.39620308500248e-09,1.503950598540098e-15,1.79122735920745e-07,True,3.7845734271479e-15,1.917456738834259e-12,1.0,1.0000000000006533,2.6608185461075706e-13,2.816603421628713,2.816603421628713,2.8170153822229467,0.0004119605942336513,0.0004119605942336513,0.003314957125826718,0.003314962771010108,True,5.645183390190489e-09,3.103523569248588e-14,0.6783629212834911,2.8419659756285536e-07,,2.8419659756285536e-07,4.5001307640710604e-07,7.733855543265472e-07,1.7495654796583792e-06,3.148212354796369e-06,5.115218301621847e-06,7.736678100901844e-06,1.0988940746069334e-05,2.84196597563041e-07,4.50013076407262e-07,7.733855543267222e-07,1.749565479658662e-06,3.148212354796867e-06,5.1152183016227725e-06,7.736678100903547e-06,1.0988940746072258e-05
105,anti,kitaev,57,1.4451310807000102,,,0.24451843655150962,0.8338941488454695,9.341185048057044e-05,0.242284177899017,-1,True,False,True,3.3355975409750824,2.486287364217742,53.51371263578225,9.341185294900631e-05,2.4684358696609385e-12,2.6425296757977943e-08,True,6.7677316347667966e-12,4.805985884632716e-09,0.9999999999999998,0.9999999960547322,3.945267758975157e-09,2.870840632012042,2.8708406315769923,2.8701474325217915,0.0006931990552008216,0.0006931994902505956,2.407528338434938e-07,2.4075767082547793e-07,False,4.836981984108861e-12,7.813927485387266e-14,1.2692657615307416e-08,8.011528737045435e-08,-0.11758247115071765,8.011528737045435e-08,3.759092423384823e-08,1.9988521894456526e-08,8.150976991688187e-09,4.0929042263105505e-09,2.051491791385159e-09,8.218597570166121e-10,5.79619270036805e-14,8.01152870543781e-08,3.759092408730186e-08,1.998852181728419e-08,8.150976961128583e-09,4.0929042115334065e-09,2.0514917841845607e-09,8.21859754153794e-10,5.796212104041554e-14
106,node,kitaev,53,2.2701269615979838,,,0.22885102067047647,1.073028964042416,5.828536493824731e-08,0.22847216611892446,-1,True,False,True,4.632273438829335,3.7419281473516723,48.258071852648335,5.828536940524079e-08,4.4669934783272715e-15,7.664005334889815e-08,False,1.2798520418761983e-14,3.5796561326744875e-13,0.9999999999999998,1.0000000000002909,8.531450776573867e-14,3.0252388915442623,3.0252388915442623,3.089649246562287,0.06441035501802483,0.06441035501802483,-0.03596810694765572,0.035968117473229276,True,1.0525573558572976e-08,1.0126255521301833e-14,0.6792466305645953,3.593617085665067e-05,,3.593617085665067e-05,5.675167097462951e-05,9.749494259843259e-05,0.0002196833726102193,0.0003921142134520513,0.0006280041229721748,0.0009311794592040082,0.0012937047173979992,3.5936170856661125e-05,5.675167097463743e-05,9.74949425984415e-05,0.00021968337261023445,0.00039211421345207697,0.0006280041229722182,0.0009311794592040794,0.0012937047173981096
106,anti,kitaev,53,2.3319667174298124,,,0.22885102067047647,1.073028964042416,0.0014160789142068611,0.22799689351100133,-1,True,False,True,4.616968950173433,3.737943948721006,48.26205605127898,0.0014160788782039704,3.6002890772823815e-11,2.5424353411115408e-08,False,9.72250776662389e-11,5.399631982469628e-09,1.0,1.0000000059024303,5.902430384662135e-09,2.9671217881389245,2.9671217497717226,2.961814835607423,0.005306914164299403,0.005306952531501263,3.3246726957361075e-06,3.3246712999833446e-06,False,1.3957527629229413e-12,8.496916851855342e-15,2.223004628065455e-08,9.3817003383477e-06,-0.9141179166149201,9.3817003383477e-06,4.3636038405796174e-06,2.3158456640890464e-06,9.431945254846918e-07,4.731068609517387e-07,2.3687752411883796e-07,9.482947755837818e-08,1.105344853377467e-11,9.381700393722534e-06,4.363603866213682e-06,2.315845677658556e-06,9.431945309743902e-07,4.731068636859903e-07,2.3687752548788575e-07,9.482947811944634e-08,1.1053468021427179e-11
107,node,kitaev,53,1.3656324055503701,,,0.23737268321180516,0.9544249750300481,4.248060390302177e-08,0.22740044350282174,-1,True,False,True,3.9528090285439683,3.093847982374309,48.9061520176257,4.248060433324977e-08,4.302279987417237e-16,1.0127633771965288e-08,True,9.744556254163502e-16,1.8083164367839325e-13,1.0,1.0000000000001827,1.886150439622389e-13,2.5598133085667314,2.5598133085667314,2.5598651427868537,5.1834220122337626e-05,5.1834220122337626e-05,-0.015993627523472193,0.01599355450566876,True,7.301780343207942e-08,1.5059498587111193e-14,0.6792452418971228,7.105448245709838e-06,,7.105448245709838e-06,1.1298485441501081e-05,1.9330460301580475e-05,4.346416538377974e-05,7.754796636067629e-05,0.00012418348507655327,0.00018412332752010466,0.0002557961213595671,7.105448245711137e-06,1.1298485441503136e-05,1.933046030158384e-05,4.34641653837867e-05,7.754796636068839e-05,0.00012418348507657338,0.00018412332752013673,0.00025579612135961537
107,anti,kitaev,53,1.4187994853623158,,,0.23737268321180516,0.9544249750300481,0.0005417227894001968,0.22931922841544586,-1,True,False,True,3.9506764690140326,3.0908797692554133,48.90912023074459,0.0005417228170380938,2.763789696234864e-11,5.1018523686163754e-08,True,7.669808194752953e-11,1.4475868923702523e-08,0.9999999999999999,0.9999999896836861,1.0316313896903104e-08,2.6181703606442697,2.6181703375491514,2.6180620377286683,0.00010829982048310427,0.00010832291560136653,5.026739856843368e-07,5.026822382826757e-07,False,8.252598338856151e-12,9.120810624238867e-15,2.582324865103247e-09,1.846231148531375e-06,-0.47198969753669545,1.846231148531375e-06,9.022386828799811e-07,4.841064030424322e-07,1.985261531426196e-07,1.0015485647237983e-07,5.042780075893055e-08,2.0266192641090524e-08,2.526811358838137e-13,1.846231129485075e-06,9.022386737636818e-07,4.84106398268708e-07,1.9852615134071006e-07,1.0015485565474416e-07,5.0427800370442e-08,2.026619247469325e-08,2.526891380970139e-13
108,node,kitaev,68,2.359973657952145,,,0.32131499474980496,0.916757134650254,3.003358848392344e-10,0.30737177695119106,-1,True,False,True,2.758179625751426,1.9565103666064028,65.0434896333936,3.003360128949828e-10,1.2805574842826084e-16,4.2637511830065626e-07,True,2.736019060968412e-16,2.5358673991374804e-11,1.0,1.00000000000586,5.51830044208059e-12,2.5497011996963135,2.5497011996963135,2.549717324108542,1.6124412228535334e-05,1.6124412228535334e-05,-0.0001236170392460839,0.00012361740954083022,True,3.702947463360331e-10,1.861999246377017e-12,0.6764706556883777,3.3219936670070807e-10,,3.3219936670070807e-10,5.296139897008398e-10,9.103426581608529e-10,2.076023208938571e-09,3.800205505932386e-09,6.379668397133639e-09,1.0139521521586322e-08,1.5281172391967843e-08,3.321993667026548e-10,5.296139897035305e-10,9.103426581647648e-10,2.076023208946115e-09,3.80020550594587e-09,6.379668397158357e-09,1.013952152163278e-08,1.528117239205217e-08
108,anti,kitaev,68,2.3990350463069845,,,0.32131499474980496,0.916757134650254,3.0726616929192817e-06,0.3051428922067076,-1,True,False,True,2.756938122930843,1.9591884070862475,65.04081159291377,3.072661955716102e-06,2.6279682030223676e-13,8.552741777847926e-08,True,6.016955024412948e-13,1.6836289888135792e-08,0.9999999999999998,0.9999999915379865,8.462013537171278e-09,2.5042952561263245,2.5042952561252996,2.5042651455168556,3.0110608443933984e-05,3.011060946889188e-05,-8.421845718456034e-09,-8.419983888213105e-09,False,1.861830242928797e-12,6.146351684264722e-12,1.0704397333200252e-08,9.744138058638939e-11,-0.0049764768114863205,9.744138058638939e-11,4.8903238430573115e-11,2.6400019413373965e-11,1.0861955581284525e-11,5.4956352603585206e-12,2.779971526872544e-12,1.1229993631736112e-12,7.092748530547594e-17,9.744137976183911e-11,4.8903238036545824e-11,2.6400019214720117e-11,1.0861955518312913e-11,5.495635241102536e-12,2.7799715224409386e-12,1.122999361142154e-12,7.092912260825746e-17
109,node,kitaev,89,1.7836764703414647,,,0.22086564465343103,1.1747867402298091,2.4433014928029365e-09,0.21430983177171126,-1,True,False,True,5.269136383356196,4.371796951454139,83.62820304854586,2.4433016549625797e-09,1.6215964314708044e-16,6.636906809280101e-08,True,1.1736190923614844e-15,7.609724705510435e-13,0.9999999999999999,1.0000000000005973,6.380343548331127e-13,2.6528998525908816,2.652899852590881,2.6529132505326976,1.3397941816428727e-05,1.3397941815984638e-05,-0.0035269387309123184,0.0035269345893345666,True,4.141577751755332e-09,6.665375604469709e-14,0.6741572945307233,2.0732161624538197e-07,,2.0732161624538197e-07,3.304000029083085e-07,5.710115766771847e-07,1.3183830234994903e-06,2.464269362453833e-06,4.317744770934823e-06,7.414252130852417e-06,1.2439296811609393e-05,2.073216162455058e-07,3.304000029085152e-07,5.710115766775408e-07,1.3183830235002645e-06,2.4642693624552e-06,4.3177447709371816e-06,7.4142521308566875e-06,1.243929681161733e-05
109,anti,kitaev,89,1.8234370983885049,,,0.22086564465343103,1.1747867402298091,8.931177384603964e-05,0.2152810388766731,-1,True,False,True,5.269260977453751,4.370916746937888,83.62908325306215,8.931177909833263e-05,5.252292985301679e-12,5.880851716545077e-08,True,1.4664154718911147e-11,1.4679745807935363e-08,0.9999999999999999,0.9999999911131059,8.88689412711513e-09,2.687861681749194,2.6878616813980436,2.687834435292622,2.7246105421596667e-05,2.724645657181668e-05,2.0684764223878293e-07,2.0684008162925174e-07,False,7.560609531183343e-12,1.5908958463258855e-13,8.441045301193827e-09,5.695277794336822e-08,-0.1392033900433665,5.695277794336822e-08,2.742959973018804e-08,1.4664240271477514e-08,5.994723511983021e-09,3.0166097155602586e-09,1.5176736764076219e-09,6.10913862357246e-10,4.2785947099745173e-14,5.695277743723491e-08,2.7429599489108468e-08,1.4664240144249592e-08,5.994723462573512e-09,3.0166096928945933e-09,1.5176736663272989e-09,6.109138585063614e-10,4.2786383110758224e-14
110,node,kitaev,92,2.1605406099104965,,,0.33332527270062223,1.2232109365249326,3.4176282144583304e-11,0.33100838430312685,-1,True,False,True,3.6006893771345587,2.739732936324033,88.26026706367597,3.417600281088128e-11,2.793337020229327e-16,8.173320340732413e-06,True,9.54049784245942e-17,5.109099653398626e-11,0.9999999999999998,0.999999999986751,1.3786141708712397e-11,2.905128311340323,2.905128311340323,2.905290524728006,0.00016221338768307447,0.00016221338768307447,-7.49213065689593e-05,7.49212493460441e-05,True,5.722291520834921e-11,4.930745039430106e-12,0.6739129554312394,9.053553082850478e-11,,9.053553082850478e-11,1.4377587299749792e-10,2.4915414795732224e-10,5.766187336384001e-10,1.0803276514933913e-09,1.9017500749364258e-09,3.296738636691883e-09,5.613202177999984e-09,9.053553082730528e-11,1.4377587299562228e-10,2.4915414795424864e-10,5.766187336317242e-10,1.0803276514809778e-09,1.901750074913976e-09,3.2967386366504463e-09,5.613202177922599e-09
110,anti,kitaev,92,2.2012571136909957,,,0.33332527270062223,1.2232109365249326,1.942319291100791e-06,0.33166730655163107,-1,True,False,True,3.6009315800904504,2.7392288010075743,88.26077119899243,1.942319102760635e-06,1.8834015598457546e-13,9.696662997041825e-08,True,3.7039702892635986e-13,1.2258201371746418e-08,1.0,1.0000000085565766,8.556576518092615e-09,2.9389321201081464,2.9389321201080816,2.9386592246732297,0.00027289543485187195,0.000272895434916709,-8.122128790271773e-10,-8.08861555717051e-10,False,3.3513233101263626e-12,6.612960274403735e-12,2.623479786083935e-10,2.7332175063527322e-11,-0.002888435357607658,2.7332175063527322e-11,1.273713583478744e-11,6.762398676649072e-12,2.7545334477886594e-12,1.3818551786185508e-12,6.9220315359783e-13,2.773345150846776e-13,6.596897608578257e-19,2.733217529739717e-11,1.2737135942932526e-11,6.762398733728493e-12,2.7545334706008984e-12,1.3818551897198323e-12,6.922031589604382e-13,2.7733451722880675e-13,6.597158517231754e-19
111,node,kitaev,76,1.4818961412433147,,,0.34355023088960646,1.3434196231977025,2.2704704644394667e-09,0.3064658016748862,-1,True,False,True,3.8310122083864684,3.0065237576810944,71.9934762423189,2.270470691339301e-09,2.268998341746399e-16,9.993516221786964e-08,True,7.87437759228461e-16,5.3937381173687755e-12,1.0,0.999999999996371,3.5365557803863073e-12,2.203192954328678,2.203192954328678,2.2031917111962165,1.243132461414831e-06,1.243132461414831e-06,-0.001008914492758574,0.0010089096385501582,True,4.854208415869948e-09,3.4845394712690487e-13,0.6754385930768356,1.9829385561894035e-08,,1.9829385561894035e-08,3.202291859605187e-08,5.4753054217775305e-08,1.2503475802476433e-07,2.3086393138061133e-07,3.948328774178377e-07,6.478238142759244e-07,1.0179084536982902e-06,1.9829385561822073e-08,3.202291859594323e-08,5.4753054217604205e-08,1.2503475802441364e-07,2.308639313799946e-07,3.9483287741675345e-07,6.478238142739427e-07,1.0179084536946904e-06
111,anti,kitaev,76,1.5308208320467183,,,0.34355023088960646,1.3434196231977025,3.1446053572739056e-05,0.3095938802586044,-1,True,False,True,3.8324915866387768,3.003377750681999,71.99662224931801,3.144605254904416e-05,1.023694895670689e-12,3.255400215174033e-08,True,2.1123282575507643e-12,7.86603431877128e-09,1.0,1.0000000039031847,3.903184570405361e-09,2.2441516970701283,2.2441516969891944,2.2440904352194377,6.126176975662645e-05,6.126185069055268e-05,-4.072635395911285e-08,-4.073272531849572e-08,False,6.3713593828671275e-12,4.264990137946425e-13,3.892481265001837e-09,5.606746746525325e-09,-0.03233873639883013,5.606746746525325e-09,3.048683209559094e-09,1.677140602988822e-09,6.966554209415437e-10,3.5515080566013607e-10,1.8154351695701745e-10,7.417203436775943e-11,1.6586359068034508e-15,5.606746768409492e-09,3.0486832209135988e-09,1.6771406087378881e-09,6.966554225791603e-10,3.55150805942468e-10,1.815435168500704e-10,7.41720343662826e-11,1.6586686415895319e-15
112,node,kitaev,57,1.6690993564194625,,,0.1952980858965778,1.2241905333966017,8.382483709096122e-08,0.18510473027410568,-1,True,False,True,6.19855114382296,5.311742303242102,50.68825769675791,8.382482695421713e-08,1.0136744082367606e-14,1.209276920081321e-07,True,3.1060401892463844e-14,5.059139668194473e-13,1.0,1.0000000000000695,3.71956313298729e-14,2.4916071642748756,2.491607164274875,2.4916268608436147,1.969656873956893e-05,1.9696568739124842e-05,-0.09034168468935319,0.09034155356049298,True,1.3112886021460213e-07,2.505835339923494e-15,0.6783625699657203,0.00021107638009171823,,0.00021107638009171823,0.0003365055404875134,0.0005759782453964365,0.0013002301634192257,0.0023387281374438835,0.0037994860246368892,0.005746330616228183,0.008161619992510517,0.0002110763800917329,0.0003365055404875266,0.0005759782453964516,0.0013002301634192524,0.002338728137443932,0.003799486024636983,0.005746330616228358,0.00816161999251082
112,anti,kitaev,57,1.7322235177757506,,,0.1952980858965778,1.2241905333966017,0.003636141106505116,0.1867025165855049,-1,True,False,True,6.108173360717085,5.275791161057748,50.72420883894229,0.003636141042996147,6.35089693508395e-11,1.746603541793824e-08,True,1.9850209007640454e-10,6.765003060001674e-09,0.9999999999999999,1.0000000055798361,5.579836107645578e-09,2.5459513500248754,2.545950609677382,2.5457799191330936,0.00017069054428819896,0.000171430891781732,6.427313417434622e-06,6.427336636007085e-06,False,2.3218572463137366e-11,3.0865036731348714e-15,1.5143513484815507e-08,4.785832029187417e-05,-2.2504714215049963,4.785832029187417e-05,2.3757091850352644e-05,1.2787202821266815e-05,5.248080533081702e-06,2.6480470289864586e-06,1.3337442719640141e-06,5.362046722205825e-07,4.1310357765942936e-11,4.785832055891575e-05,2.3757091981457352e-05,1.2787202890852456e-05,5.248080560185616e-06,2.648047041709584e-06,1.3337442780790861e-06,5.362046747323032e-07,4.131014360991435e-11
113,node,kitaev,85,1.6431676588394213,,,0.21541910564966515,0.8524674692503268,5.411868825401704e-10,0.2152755926174027,-1,True,False,True,3.8939951835623274,3.0205921853187045,80.97940781468132,5.411866656918223e-10,2.168483480306236e-16,4.0069032533235454e-07,False,7.357493649530949e-16,1.0227823251885373e-11,0.9999999999999994,1.0000000000017706,1.613122581874361e-12,3.068533969247579,3.0685339692475795,3.1008124219447484,0.03227845269716889,0.032278452697169335,0.000397784228949654,0.00039778418931709183,True,3.96325621518194e-11,3.927808638422786e-13,0.6745135159481528,2.7598503838402552e-09,,2.7598503838402552e-09,4.3760828998743725e-09,7.580373465622836e-09,1.7496665119336742e-08,3.2611073754666876e-08,5.676564779397058e-08,9.62015597431366e-08,1.5823229280107073e-07,2.759850383845142e-09,4.376082899881003e-09,7.580373465632671e-09,1.7496665119355648e-08,3.26110737547004e-08,5.676564779403266e-08,9.620155974326125e-08,1.5823229280132597e-07
113,anti,kitaev,85,1.6740496553661048,,,0.21541910564966515,0.8524674692503268,7.821371790702908e-06,0.21542579351162944,-1,True,False,True,3.894051803081962,3.020467077983293,80.97953292201672,7.821371437952477e-06,3.5275043181056363e-13,4.5100839245344436e-08,False,1.0471094733905493e-12,1.403950384309718e-09,1.0,1.0000000005569762,5.569762683303575e-10,3.1050674613873896,3.105067461387005,3.141592605773082,0.03652514438607701,0.03652514438569243,-2.969789426224658e-09,-2.9683575069510203e-09,False,1.4319192736377489e-12,2.111098739487808e-12,1.1427908089799353e-10,9.079577682379031e-10,-0.020215320456290636,9.079577682379031e-10,4.196990967686915e-10,2.224501166082383e-10,9.052732327944937e-11,4.5377809753763517e-11,2.2703915522759262e-11,9.083541666931906e-12,8.819649236193547e-18,9.07957768743614e-10,4.1969909700189124e-10,2.2245011673167678e-10,9.052732332949585e-11,4.5377809778709106e-11,2.2703915535170112e-11,9.083541671915005e-12,8.819692253457376e-18
114,node,kitaev,53,2.584744121953369,,,0.3299447640338011,1.1029952753930223,1.810891527363128e-08,0.3249479261149121,-1,True,False,True,3.265982437979031,2.422291632363721,49.57770836763628,1.8108915989688317e-08,7.160570367137559e-16,3.9541685732906355e-08,True,1.7504787279582487e-15,5.213516029521534e-13,0.9999999999999998,0.9999999999998601,2.2641268078480433e-13,2.792530291772956,2.7925302917729553,2.792965525878783,0.0004352341058275755,0.0004352341058266873,-0.004833160589469719,0.00483317079448232,True,1.0205012600586483e-08,3.4347741430364016e-14,0.6792456136344137,6.488730531567999e-07,,6.488730531567999e-07,1.0270192959942505e-06,1.7619640264144538e-06,3.967463490751732e-06,7.080625400487246e-06,1.1339747744778877e-05,1.6813804250760383e-05,2.3359441283603288e-05,6.488730531567092e-07,1.027019295994052e-06,1.761964026414106e-06,3.967463490751007e-06,7.080625400485989e-06,1.1339747744776763e-05,1.6813804250756937e-05,2.3359441283598e-05
114,anti,kitaev,53,2.646915040080341,,,0.3299447640338011,1.1029952753930223,0.00019123941316665112,0.3231532647615056,-1,True,False,True,3.2648712249600282,2.423910560715377,49.57608943928462,0.00019123942269037178,9.523720652165543e-12,4.979998889594123e-08,True,1.9677289825446776e-11,1.1236682190855741e-08,1.0,0.9999999918024212,8.197578847852453e-09,2.7344874675426345,2.7344874659268346,2.7343363195286767,0.00015114639815783093,0.00015114801395776922,4.348615989638766e-07,4.3485537436563354e-07,False,6.224598243037591e-12,4.535369939796678e-14,2.0033144541974095e-08,1.781054145912863e-07,-0.1222264688679201,1.781054145912863e-07,8.51657477190876e-08,4.547761295559465e-08,1.85972261628343e-08,9.361395381983673e-09,4.703942663848038e-09,1.888229019242633e-09,1.8910461025341445e-13,1.781054131312531e-07,8.516574703497037e-08,4.547761259760763e-08,1.859722602540317e-08,9.3613953177709e-09,4.7039426324317635e-09,1.8882290051185617e-09,1.891030463513485e-13
115,node,kitaev,90,1.7782021089409406,,,0.23186968206263578,0.9045857152349612,1.1593787997429485e-10,0.2318551230818238,-1,True,False,True,3.8371678013024795,2.9653870537351357,86.03461294626487,1.1593771166466411e-10,1.6830963074453701e-16,1.4517225153837017e-06,False,6.418675440425342e-17,1.9666074999020735e-11,1.0,0.9999999999929191,4.9592913185116215e-12,3.1070703327600966,3.1070703327600966,3.0731491302976335,0.03392120246246311,0.03392120246246311,0.00019138091223833015,0.00019138088642656342,True,2.581176673224425e-11,1.643335420717764e-12,0.6740781727842419,6.037323768463613e-10,,6.037323768463613e-10,9.575859505234553e-10,1.660090643493519e-09,3.8401554386961426e-09,7.185025287856222e-09,1.2609941697301033e-08,2.172320163702242e-08,3.662665356917544e-08,6.037323768420863e-10,9.575859505185518e-10,1.6600906434866806e-09,3.8401554386832055e-09,7.18502528783326e-09,1.260994169725851e-08,2.172320163693619e-08,3.66266535689938e-08
115,anti,kitaev,90,1.8091719759277718,,,0.23186968206263578,0.9045857152349612,3.773447996173665e-06,0.23186968206327735,-1,True,False,True,3.837185049860293,2.965349365306739,86.03465063469326,3.7734481406118143e-06,1.4443814949015006e-13,3.827749836134289e-08,False,4.0017996490423054e-13,6.944654164404151e-07,0.9999999999990333,1.0000000632370445,3.5589912776541034e-08,3.141592045583712,3.141592045583712,3.0752317219470253,0.06636032363668676,0.06636032363668676,-5.295007456503954e-09,-5.300297825422059e-09,False,5.2903689181043e-12,6.384399761993577e-08,0.7513686743845125,4.146078855866184e-19,-0.009699132517707506,4.146078855866184e-19,7.110414297557773e-19,1.2590982693849338e-18,2.934690413092764e-18,5.4973006702956266e-18,9.65093480621814e-18,1.6627637239905924e-17,2.8037103964432485e-17,4.146079118051957e-19,7.110414549714275e-19,1.2590982937993156e-18,2.9346904347776894e-18,5.4973007087327524e-18,9.650934919312837e-18,1.662763759345312e-17,2.803710496227057e-17
116,node,kitaev,85,2.721479286299972,,,0.20258414150714113,1.1883442183254393,1.5595209162706683e-08,0.20042529213936308,-1,True,False,True,5.822144371287652,4.910344971999761,79.0896550280003,1.559520963244483e-08,4.697381450426986e-16,3.01206697609416e-08,True,2.119285628760332e-15,4.974524734529943e-13,1.0,0.9999999999997543,2.0225011744040703e-13,2.8493500762357673,2.8493500762357673,2.8494614618246796,0.0001113855889123272,0.0001113855889123272,0.00950761805477969,0.009507605905599207,True,1.2149180482826094e-08,1.8878508835030837e-14,0.674509722229571,1.5766536980855565e-06,,1.5766536980855565e-06,2.5039840940934538e-06,4.3331858351956695e-06,9.996777488168014e-06,1.863080557457e-05,3.2429541492702034e-05,5.495825275942532e-05,9.039480107557274e-05,1.5766536980851692e-06,2.503984094092928e-06,4.333185835194837e-06,9.996777488166325e-06,1.8630805574567122e-05,3.242954149269705e-05,5.4958252759415934e-05,9.039480107555446e-05
116,anti,kitaev,85,2.7641553474904432,,,0.20258414150714113,1.1883442183254393,0.00025827904597037127,0.19994491278843501,-1,True,False,True,5.820043009296322,4.910421380314979,79.08957861968501,0.00025827902727710975,1.8693261511198295e-11,7.237622177581805e-08,True,5.526955297725217e-11,1.8899455048401847e-08,0.9999999999999994,1.0000000133387983,1.333879818830585e-08,2.8128674615239513,2.81286745951175,2.8128278687354924,3.959077625781404e-05,3.9592788458886474e-05,7.969438308369693e-07,7.96961243743413e-07,False,1.7412906443790262e-11,7.661441071974707e-14,1.7802916811774308e-08,4.197061547795856e-07,-0.349915789881421,4.197061547795856e-07,1.9823263895570077e-07,1.0553837931854072e-07,4.305056102869239e-08,2.162461702508922e-08,1.085222150033758e-08,4.357099119460464e-09,6.351194695090817e-13,4.197061603779613e-07,1.9823264158233335e-07,1.0553838070892297e-07,4.3050561584012497e-08,2.1624617294388488e-08,1.0852221630693021e-08,4.357099173499008e-09,6.351236683230705e-13
117,node,kitaev,85,3.7123670660925674,,,0.2801269787577462,1.369516686248571,7.825623671356619e-09,0.2616510995481479,-1,True,False,True,4.830544093298553,3.9548294949599927,80.04517050504003,7.825622603566314e-09,1.0677903052906052e-15,1.364479497268615e-07,True,2.247802305996788e-15,2.238778320041833e-12,1.0,0.9999999999988411,1.0246181709342068e-12,2.4109920635788207,2.4109920635788207,2.410993155236627,1.0916578063735471e-06,1.0916578063735471e-06,-0.0026140676673203143,0.002614076804185194,True,9.136864879705914e-09,1.016569201731164e-13,0.6745098110082073,1.1918633193376535e-07,,1.1918633193376535e-07,1.910917987462256e-07,3.287937051857717e-07,7.563015790013805e-07,1.4087471761586581e-06,2.451731451322844e-06,4.154684990486569e-06,6.83334976932947e-06,1.1918633193362723e-07,1.9109179874603312e-07,3.287937051854765e-07,7.563015790007907e-07,1.4087471761576256e-06,2.451731451320998e-06,4.154684990483017e-06,6.833349769322469e-06
117,anti,kitaev,85,3.758556109630566,,,0.2801269787577462,1.369516686248571,7.681555684360182e-05,0.2598178777254095,-1,True,False,True,4.8295832295255146,3.9564692789028952,80.04353072109717,7.681555526878327e-05,1.5748185497625397e-12,2.050129706107456e-08,True,3.694958977327521e-12,5.2606983198678225e-09,0.9999999999999994,1.0000000028429916,2.842991691083152e-09,2.3745636946330153,2.3745636942646247,2.374513023241546,5.0671023078763255e-05,5.067139146941457e-05,-2.619924924033288e-07,-2.61990684138555e-07,False,1.8082647738112273e-12,4.1585540955410493e-13,2.4469810942805086e-08,3.300108002523901e-08,-0.08896787530654288,3.300108002523901e-08,1.7163224194359076e-08,9.336450044879582e-09,3.851791661566315e-09,1.952675917097778e-09,9.921067483305334e-10,4.033629799021786e-10,6.864006607567755e-14,3.300108011906081e-08,1.7163224241956085e-08,9.33645006971818e-09,3.851791670112183e-09,1.9526759200399275e-09,9.921067490396518e-10,4.033629800986942e-10,6.863980581475098e-14
118,node,kitaev,42,1.6500961673507948,,,0.1790611644508987,1.0072838893597347,2.5533255012078766e-08,0.1760827740985,-1,True,False,True,5.50104853844355,4.652620194440242,36.34737980555978,2.553325623901067e-08,1.226931905940121e-15,4.805231081425805e-08,True,3.643687081124228e-15,2.9753738950048136e-14,0.9999999999999999,0.9999999999999876,7.211595679212005e-15,2.7762910273129933,2.7762910273129933,2.777294954099056,0.0010039267860628698,0.0010039267860628698,-0.1670430602020366,0.16704290795123344,True,1.5225080315928174e-07,8.94293239531612e-16,0.6825396775074857,0.0009733738663041628,,0.0009733738663041628,0.0015366166307969962,0.002620827103178601,0.005800274021997759,0.010039041575395743,0.015313210798331454,0.021377708699770803,0.02790338396166122,0.0009733738663041506,0.0015366166307969823,0.0026208271031785803,0.005800274021997712,0.010039041575395664,0.015313210798331336,0.021377708699770636,0.02790338396166102
118,anti,kitaev,42,1.7225638672663954,,,0.1790611644508987,1.0072838893597347,0.007732061494466277,0.17715506063706793,-1,True,False,True,5.295575245598606,4.555554490976141,36.444445509023865,0.007732061593620636,9.915435920243576e-11,1.282379340534204e-08,False,3.3096830497333014e-10,4.977369596670808e-09,1.0,0.9999999944491043,5.5508957836562456e-09,2.849511209463582,2.849508996214187,2.8481430111702433,0.001365985043943585,0.0013681982933388959,-6.649698242739734e-06,-6.649682063666894e-06,False,1.617907283925406e-11,3.5137724720803886e-15,5.145964519001236e-09,0.0002045915995886596,-3.648622522394937,0.0002045915995886596,9.626329244808362e-05,5.1214975835392114e-05,2.0888162233253104e-05,1.0486447066595896e-05,5.253122021557889e-06,2.103296115876796e-06,4.421848671950022e-11,0.00020459159845299295,9.62632919174341e-05,5.1214975554263803e-05,2.0888162119826814e-05,1.0486447010159962e-05,5.253121993229577e-06,2.10329610428738e-06,4.421829012484721e-11
119,node,kitaev,55,2.112561096433404,,,0.3157681950029755,1.1881304216452135,2.0935539936697153e-08,0.31381696656264296,-1,True,False,True,3.6952923954312107,2.830748021819611,51.16925197818042,2.0935541419800996e-08,1.483103842195665e-15,7.084144219256489e-08,False,3.06641232434324e-15,4.2309764689870767e-13,0.9999999999999999,0.9999999999996368,2.276513620476854e-13,2.9171910738583655,2.9171910738583655,2.918903299595872,0.001712225737506401,0.001712225737506401,-0.008501280773228108,0.00850126915557707,True,1.1617651037368337e-08,7.677544876662808e-15,0.6787873367947349,1.9358526560436317e-06,,1.9358526560436317e-06,3.060701320772282e-06,5.259815155916287e-06,1.1877039112280617e-05,2.1288941992013594e-05,3.434894043526014e-05,5.1445863079580846e-05,7.227177478525791e-05,1.9358526560429286e-06,3.0607013207714856e-06,5.259815155915103e-06,1.1877039112278163e-05,2.1288941992009295e-05,3.4348940435253066e-05,5.1445863079569754e-05,7.227177478524146e-05
119,anti,kitaev,55,2.1783689485787137,,,0.3157681950029755,1.1881304216452135,0.00035623925128421105,0.31466218101774834,-1,True,False,True,3.694672291947971,2.829806207164581,51.170193792835406,0.0003562392555767334,4.292522338012611e-12,1.204954906720258e-08,False,8.831022082745648e-12,1.8286230380630908e-09,0.9999999999999999,0.9999999982219898,1.778010216722817e-09,2.9733465767930767,2.973346574884724,2.9682217648097087,0.005124810075015418,0.005124811983368005,-3.9602818478880013e-07,-3.9602892498583406e-07,False,7.401970339298819e-13,3.033345455477282e-14,5.1723629126087825e-09,5.513158924812902e-07,-0.20286191255059102,5.513158924812902e-07,2.562996806514119e-07,1.3601029069961547e-07,5.5392184824097515e-08,2.7784216262536616e-08,1.3910870878506362e-08,5.568607598035345e-09,1.5683832314709406e-13,5.513158915010449e-07,2.5629968019845817e-07,1.3601029046015994e-07,5.5392184727585085e-08,2.7784216214699197e-08,1.3910870854653813e-08,5.568607588286776e-09,1.5683808354479056e-13
120,node,kitaev,46,2.1035285713288645,,,0.2986604385391549,1.3666913322962349,3.1505145233575653e-07,0.2905253437236178,-1,True,False,True,4.510321389402666,3.635267999791606,41.3647320002084,3.1505142485338107e-07,2.7482375461706084e-14,8.72313879461745e-08,True,5.914360278911298e-14,1.348478175477667e-12,1.0,0.999999999999661,1.5038898280539063e-13,2.673699851004195,2.6736998510041907,2.6739583736029515,0.00025852259876080197,0.0002585225987563611,0.05996672734135071,0.05996695598352026,True,2.286421695515961e-07,4.083421418009841e-15,0.6811595069808827,0.0001147662105436808,,0.0001147662105436808,0.00018172322537873372,0.00031035193520228134,0.0006914631715373859,0.0012120582043388325,0.0018850338669767382,0.0026925050012049047,0.003596008388031898,0.0001147662105436419,0.00018172322537869984,0.0003103519352022404,0.00069146317153731,0.0012120582043386979,0.00188503386697651,0.0026925050012045404,0.0035960083880313574
120,anti,kitaev,46,2.1924283854493543,,,0.2986604385391549,1.3666913322962349,0.0033974917301684052,0.292759245756565,-1,True,False,True,4.476704891229257,3.622091469887738,41.37790853011225,0.003397491688707513,4.146089201129133e-11,1.2203382761210199e-08,True,8.758097044127639e-11,3.99553878813529e-09,0.9999999999999997,1.0000000035620307,3.562030625561301e-09,2.740716653180156,2.740716326502246,2.7404642966147814,0.0002520298874646443,0.00025235656537470064,1.7154375722111103e-06,1.7154397910848494e-06,False,2.2188737390480164e-12,3.6869485819379685e-15,2.3399364516658216e-09,2.733933466309565e-05,-1.059594074469825,2.733933466309565e-05,1.3060449792901184e-05,6.972115233190967e-06,2.8500384076126673e-06,1.4335679146817696e-06,7.194061127107464e-07,2.883661045245125e-07,2.9427260641535155e-12,2.7339334760479198e-05,1.3060449838851746e-05,6.972115257451051e-06,2.850038417202232e-06,1.433567919338158e-06,7.194061150213311e-07,2.8836610547342073e-07,2.942704586761541e-12
121,node,kitaev,61,1.5986380482059637,,,0.2904330678320007,0.8879399704745918,1.4657304423866026e-09,0.2889638167304121,-1,True,False,True,2.974746805836742,2.140713360029833,57.859286639970165,1.4657307958665716e-09,3.534799690077104e-16,2.411630125060036e-07,False,4.805428673789108e-16,2.606686452148602e-12,1.0,1.0000000000015354,9.802836578992378e-13,2.9389114971193795,2.93891149711938,2.940449019646784,0.0015375225274039117,0.0015375225274043558,0.0007506538135556746,0.0007506543126925437,True,4.991368690978118e-10,2.5913335744080823e-13,0.6775966018275339,1.363258883051188e-08,,1.363258883051188e-08,2.1572529704475578e-08,3.715328542858177e-08,8.441344734207783e-08,1.5298981103115384e-07,2.5183458164223017e-07,3.8815142845542054e-07,5.634811478056775e-07,1.3632588830532813e-08,2.157252970449789e-08,3.715328542861102e-08,8.441344734213069e-08,1.5298981103124792e-07,2.51834581642403e-07,3.881514284557383e-07,5.634811478062299e-07
121,anti,kitaev,61,1.6428819781824866,,,0.2904330678320007,0.8879399704745918,2.1147862616209527e-05,0.28960707652901607,-1,True,False,True,2.975079006377853,2.1399889193654684,57.86001108063453,2.1147861969542824e-05,6.466667038819689e-13,3.057834806370968e-08,False,1.5315089512419188e-12,3.0372072222428433e-09,0.9999999999999998,1.0000000024284927,2.42849265382521e-09,2.989619673413252,2.989619673402395,2.9852321043176997,0.004387569084695286,0.004387569095552379,-4.856097056527456e-08,-4.855793450843229e-08,False,3.036056842271768e-12,1.0108231540755144e-12,9.266816157513e-09,4.1717121487944845e-09,-0.026633750399174143,4.1717121487944845e-09,1.937146894733717e-09,1.0277343900536671e-09,4.184968689488261e-10,2.0989061104308803e-10,1.0508105540195129e-10,4.206591068418016e-11,2.3581678622417378e-15,4.171712158925457e-09,1.9371468994025216e-09,1.0277343925173108e-09,4.1849686993693106e-10,2.0989061152967925e-10,1.0508105564358735e-10,4.2065910784399685e-11,2.358173191140491e-15
122,node,kitaev,66,2.8079480608653955,,,0.31855852360564824,1.208289214278368,2.0327092847542555e-09,0.314313053266007,-1,True,False,True,3.7253558854731113,2.862450143542374,62.13754985645762,2.032709325268363e-09,4.05141074045494e-17,1.9931087887684516e-08,True,4.711868905380876e-16,1.5845339425416614e-12,1.0,1.0000000000002418,1.8397654589115594e-13,2.813365865452006,2.813365865452006,2.813580246011846,0.00021438055983979964,0.00021438055983979964,0.0024930776513372344,0.0024930758837031753,True,1.7676340590896955e-09,8.09004746267011e-14,0.6767676139432987,1.3915156908753342e-07,,1.3915156908753342e-07,2.206575967014825e-07,3.802575001493505e-07,8.672391351200634e-07,1.5836608017845223e-06,2.644787160675903e-06,4.168050442256959e-06,6.2154361755971805e-06,1.3915156908756706e-07,2.2065759670152818e-07,3.8025750014942723e-07,8.672391351202335e-07,1.5836608017848177e-06,2.644787160676381e-06,4.168050442257713e-06,6.215436175598324e-06
122,anti,kitaev,66,2.8631447361541724,,,0.31855852360564824,1.208289214278368,8.758665738288113e-05,0.3129784936255019,-1,True,False,True,3.724715738665603,2.8635409885215446,62.13645901147848,8.758665276464018e-05,4.61824095675592e-12,5.2727676734682176e-08,True,9.52884127547629e-12,1.1395090947610492e-08,0.9999999999999999,1.0000000078174736,7.817473593676128e-09,2.7665594294895204,2.7665594292314513,2.766480597601268,7.883163018318484e-05,7.883188825230647e-05,6.853086901623542e-08,6.851854356788e-08,False,1.232544835542504e-11,6.965613987981494e-14,1.832217548440989e-09,3.883752126616875e-08,-0.07098108637724311,3.883752126616875e-08,1.8470464781641403e-08,9.849755941104953e-09,4.0232178980659085e-09,2.023384225804471e-09,1.01637069229893e-09,4.0806534519613555e-10,4.696480008119727e-15,3.883752156978005e-08,1.847046492385183e-08,9.849756015820478e-09,4.0232179270946945e-09,2.0233842393950145e-09,1.0163706987542053e-09,4.080653479225339e-10,4.69658025079817e-15
123,node,kitaev,86,2.89061907226341,,,0.34131209284034525,1.3716277879527776,2.6359213843065344e-10,0.3408654360131317,-1,True,False,True,3.9563068466067293,3.081260213609276,81.91873978639073,2.635919343222082e-10,2.0410844522797721e-16,7.743343426066353e-07,False,2.8671201144645793e-16,1.1111797419287238e-11,1.0,0.9999999999969965,2.8226826721904913e-12,3.0332614036585923,3.033261403658593,3.0361226155952656,0.0028612119366724365,0.0028612119366733246,0.00041376984985271373,0.0004137697387196342,True,1.1113307951844675e-10,4.947834048928152e-13,0.6744180520663546,2.9518211883525887e-09,,2.9518211883525887e-09,4.681431445107425e-09,8.109937774881127e-09,1.8726756935670877e-08,3.493168311759963e-08,6.090928829892092e-08,1.0357107174007795e-07,1.712054886471372e-07,2.951821188343723e-09,4.681431445094305e-09,8.109937774859767e-09,1.8726756935627e-08,3.493168311752375e-08,6.090928829878818e-08,1.0357107173982826e-07,1.7120548864665394e-07
123,anti,kitaev,86,2.939642109888695,,,0.34131209284034525,1.3716277879527776,1.2912196321417672e-05,0.3404255604749819,-1,True,False,True,3.9561668754020243,3.081540485626279,81.91845951437372,1.2912196419179217e-05,9.776154427545806e-14,7.571256031268623e-09,False,1.826973665584434e-13,8.705168772986541e-10,1.0,0.9999999993116666,6.883333746877885e-10,2.9971682213195736,2.9971682213179633,2.995944918915067,0.0012233024028964756,0.001223302404506743,-3.438250711693651e-08,-3.4382879174877875e-08,False,3.720579413676352e-13,1.7253853218554999e-12,1.5417951246166132e-08,8.915587442344519e-10,-0.013257316271606309,8.915587442344519e-10,4.13781095187853e-10,2.1949672123259192e-10,8.93657640028966e-11,4.4812667202040525e-11,2.2432647006116403e-11,8.9797867995499e-12,1.1821567956462097e-15,8.915587436207622e-10,4.1378109490443035e-10,2.1949672108274934e-10,8.936576394253808e-11,4.4812667172295705e-11,2.2432646991562813e-11,8.979786793882648e-12,1.1821571957207057e-15
124,node,kitaev,57,2.989736747386132,,,0.18151393786161812,1.2871474548710364,5.261865148914551e-07,0.17912898703071775,-1,True,False,True,6.9886846059153935,6.1122675141563585,49.887732485843614,5.261864706543527e-07,4.4237102363358977e-14,8.407114418826273e-08,True,1.427174896602993e-13,1.3727840183076309e-12,1.0,1.0000000000003015,7.084273544833568e-14,2.8165972738565603,2.816597273856554,2.817010382784067,0.00041310892751278416,0.0004131089275065669,0.13677733767405187,0.13677693003807742,True,4.0763597444759547e-07,7.377649929278684e-16,0.6783624820470493,0.00048382868824823727,,0.00048382868824823727,0.0007661215590248457,0.0013166446340267105,0.002978535183837216,0.005359651605694471,0.008708366535996227,0.013171250967195397,0.01870804010120161,0.0004838286882483832,0.0007661215590249444,0.0013166446340268092,0.0029785351838373803,0.005359651605694761,0.008708366535996728,0.013171250967196239,0.018708040101202934
124,anti,kitaev,57,3.0580540282495656,,,0.18151393786161812,1.2871474548710364,0.005957780369277091,0.17830420113641707,-1,True,False,True,6.7939622637940005,6.02862315121905,49.971376848781,0.005957780311789142,5.748794929677503e-11,9.649222652319851e-09,True,1.8447087125147632e-10,3.9425873503815694e-09,0.9999999999999999,1.0000000037118877,3.7118876815639327e-09,2.762551737261237,2.762550672216351,2.7624199352578507,0.00013073695850041034,0.00013180200338647197,1.3061927807662488e-05,1.3061907068109833e-05,False,2.0739552655067305e-11,1.896102063596248e-15,2.88224788528857e-08,0.00010385044775412242,-3.162603610559235,0.00010385044775412242,4.941428295155695e-05,2.635003037035858e-05,1.0758336555118917e-05,5.406570645611701e-06,2.712421595978505e-06,1.087638040708482e-06,1.7061395805258557e-10,0.00010385044813960362,4.941428313391179e-05,2.635003046714039e-05,1.0758336594018807e-05,5.406570664787389e-06,2.712421605555794e-06,1.0876380447298499e-06,1.7061418741165658e-10
125,node,kitaev,89,2.299819186025165,,,0.23084688060051373,0.9531889030766183,6.703768037954879e-11,0.22582116116920617,-1,True,False,True,4.065938942360054,3.195028962884216,84.80497103711579,6.703789057183366e-11,2.1019228487205855e-16,3.135434932742422e-06,True,2.8224748573149046e-16,1.4849290957023247e-11,0.9999999999999997,0.9999999999991187,9.528928295510746e-13,2.7227138198573986,2.7227138198573986,2.7227389656793535,2.514582195489723e-05,2.514582195489723e-05,-0.00038787560051684896,0.00038787597510749706,True,3.745906481051123e-10,1.9310028596937516e-12,0.6741573103998303,2.507457998461306e-09,,2.507457998461306e-09,3.990802123275957e-09,6.902594675858956e-09,1.594351793207268e-08,2.980316398219725e-08,5.22204367283902e-08,8.967150677276669e-08,1.5044748147630624e-07,2.5074579984590962e-09,3.9908021232726394e-09,6.902594675854018e-09,1.5943517932062924e-08,2.98031639821792e-08,5.222043672835608e-08,8.967150677269766e-08,1.5044748147616287e-07
125,anti,kitaev,89,2.332012077946193,,,0.23084688060051373,0.9531889030766183,7.94745736393485e-06,0.22495639458829256,-1,True,False,True,4.065467846127504,3.1959942463189344,84.80400575368111,7.94745853129239e-06,1.1673575399108157e-12,1.4688440421312907e-07,True,3.284173445919977e-12,3.0289084717328983e-08,1.0,0.9999999832810577,1.6718942299016484e-08,2.687863136425774,2.6878631364215506,2.6878444198871296,1.8716534420981645e-05,1.871653864427003e-05,1.4846596076868972e-08,1.4843244939644148e-08,False,3.3511372248244566e-12,5.684831620495355e-13,3.4249360186176025e-09,7.231215706453841e-10,-0.01892210453449438,7.231215706453841e-10,3.483154555848154e-10,1.8623429073806862e-10,7.615089078364975e-11,3.833194163030387e-11,1.9295138702673912e-11,7.774167523636862e-12,2.204214150696965e-16,7.231215585555563e-10,3.4831544985920253e-10,1.8623428773674427e-10,7.61508896448849e-11,3.833194112745421e-11,1.9295138488703167e-11,7.774167435818804e-12,2.2041288709032685e-16
126,node,kitaev,99,1.8613675428130605,,,0.2976079179094985,1.287468094338878,2.6982582790175104e-10,0.2858315739405136,-1,True,False,True,4.2635963819441125,3.3934582698201803,94.6065417301798,2.698256238703638e-10,2.0403138725346088e-16,7.561595894658119e-07,True,7.586497347546746e-16,3.1546706671220175e-11,1.0,0.9999999999879267,1.1692282926675538e-11,2.57610700794138,2.5761070079413804,2.5761112774304897,4.26948910936531e-06,4.269489109809399e-06,0.00021290440931014573,0.00021290467426809338,True,2.649579476448564e-10,2.9178073649573025e-12,0.6734006862874605,6.79924299543902e-10,,6.79924299543902e-10,1.0861134910655124e-09,1.8775887854519866e-09,4.349133856026491e-09,8.182357752370973e-09,1.4542783873220071e-08,2.5738312747885625e-08,4.5328287503702075e-08,6.799242995356931e-10,1.0861134910531723e-09,1.8775887854321967e-09,4.349133855985889e-09,8.182357752299914e-09,1.4542783873093916e-08,2.573831274763681e-08,4.5328287503172083e-08
126,anti,kitaev,99,1.900101186041255,,,0.2976079179094985,1.287468094338878,5.2517609212348215e-06,0.28709712053357017,-1,True,False,True,4.26412377895905,3.3923677794321745,94.60763222056791,5.2517606381298645e-06,2.831049569849541e-13,5.3906672681967596e-08,True,6.164213889165922e-13,1.1175364611581923e-08,0.9999999999999999,1.0000000056216427,5.621642641620561e-09,2.6075768380815125,2.6075768380802913,2.607561442337215,1.5395743076407342e-05,1.539574429765267e-05,-1.91296691158649e-08,-1.912717594613957e-08,False,2.493169725329214e-12,3.549789435881927e-12,1.871512779257236e-08,1.9750901572721183e-10,-0.00862502485210831,1.9750901572721183e-10,9.664594740875842e-11,5.184799433762915e-11,2.123398765102949e-11,1.0701759221457981e-11,5.399169113861649e-12,2.1836132991088043e-12,3.659442404824604e-16,1.9750901683753694e-10,9.664594794164627e-11,5.184799461620834e-11,2.1233987753851205e-11,1.0701759263947034e-11,5.399169129660429e-12,2.183613305669235e-12,3.659466333586404e-16
127,node,kitaev,67,2.1555324074577262,,,0.31851178372385014,1.2489022659841313,4.9123506368733944e-09,0.31548248521367067,-1,True,False,True,3.8561015842362005,2.987251868438069,63.01274813156193,4.912349627482582e-09,1.0093908122410602e-15,2.0548020425584192e-07,True,1.3434357099781937e-15,1.6199167728177923e-12,1.0,1.0000000000011156,8.170084298485229e-13,2.864391913188411,2.864391913188411,2.864752167630529,0.0003602544421181797,0.0003602544421181797,-0.0028835272975516633,0.0028835241806114114,True,3.1169402519085065e-09,5.481118801389729e-14,0.676616723883295,1.834132065329837e-07,,1.834132065329837e-07,2.906992674475218e-07,5.012831768470904e-07,1.1443536267173716e-06,2.0926567716640606e-06,3.5042603817566044e-06,5.546246933764772e-06,8.314729675725598e-06,1.8341320653318832e-07,2.9069926744777027e-07,5.01283176847451e-07,1.1443536267180626e-06,2.092656771665264e-06,3.504260381758739e-06,5.546246933768643e-06,8.314729675732392e-06
127,anti,kitaev,67,2.2123597207502046,,,0.31851178372385014,1.2489022659841313,0.0001043443332922956,0.3164052114705474,-1,True,False,True,3.8563225868463613,2.9864725221156574,63.01352747788439,0.00010434433274752608,5.447695246296735e-13,5.220882700966927e-09,True,1.1026173218744212e-12,9.237183425229812e-10,1.0,1.0000000007602567,7.602568573598066e-10,2.91064196430875,2.9106419641036543,2.9100270297307587,0.0006149343728956147,0.0006149345779915549,-2.4928217075733788e-08,-2.4934726524749974e-08,False,6.5094490161857505e-12,1.4363830399828092e-13,1.7854938712437432e-10,5.1945660072829056e-08,-0.07966667336302982,5.1945660072829056e-08,2.427127456681358e-08,1.2893672176959595e-08,5.2542699123893105e-09,2.6369643829589305e-09,1.3212804698735146e-09,5.293128744587761e-10,6.214160065752156e-16,5.19456601123211e-08,2.4271274585116838e-08,1.28936721866253e-08,5.25426991625663e-09,2.6369643848508523e-09,1.3212804708024736e-09,5.293128748361001e-10,6.214185099637632e-16
128,node,kitaev,71,1.6781983562711913,,,0.1774401409452663,0.8042329363889716,2.26396544746615e-09,0.1773004292570135,-1,True,False,True,4.477090313295602,3.5877756793425664,66.41222432065744,2.263965902480219e-09,4.550140691637715e-16,2.0098101305964153e-07,False,1.915393777816865e-15,6.096582119897665e-13,1.0,0.9999999999998398,1.2186967880425836e-14,3.054325678327462,3.054325678327462,3.095703840107021,0.041378161779559,0.041378161779559,0.005530044890634849,0.005530042659907645,True,2.230727204517724e-09,5.328820164839914e-14,0.6760555242376654,6.371131938391657e-07,,6.371131938391657e-07,1.008872892407648e-06,1.7428820729406441e-06,3.991724674190533e-06,7.337516369083548e-06,1.241195571756059e-05,1.997317729307211e-05,3.05813964924366e-05,6.371131938390636e-07,1.008872892407591e-06,1.7428820729405937e-06,3.991724674190461e-06,7.337516369083439e-06,1.2411955717560425e-05,1.9973177293071866e-05,3.0581396492436225e-05
128,anti,kitaev,71,1.7130027356291972,,,0.1774401409452663,0.8042329363889716,0.00012252701526257263,0.17709603114473804,-1,True,False,True,4.476422618030406,3.587924905481067,66.41207509451893,0.00012252701250267057,2.759902061662961e-12,2.2524845282067413e-08,False,9.66592749400928e-12,3.1155969681475317e-09,0.9999999999999994,1.000000002948134,2.9481339464268455e-09,3.0107177341789466,3.010717733797067,3.0068433438228186,0.0038743899742486043,0.0038743903561280213,2.192480760674796e-08,2.1917648360299243e-08,False,7.159246448715079e-12,1.1929986724989262e-13,3.6653930975883806e-11,1.8471096435421565e-07,-0.24948283397950105,1.8471096435421565e-07,8.566486965486287e-08,4.5435648041399454e-08,1.849745270600962e-08,9.275190088023597e-09,4.6426087433349335e-09,1.8581617256621238e-09,4.806971885948579e-16,1.847109648987683e-07,8.56648699064987e-08,4.5435648174596556e-08,1.849745275992536e-08,9.275190114836604e-09,4.642608756661782e-09,1.8581617310162215e-09,4.807070241803179e-16
129,node,kitaev,77,2.607280206160428,,,0.16341822642999593,1.1238408705291891,3.216618933180563e-08,0.16131118292863802,-1,True,False,True,6.834613043242446,5.914439420025596,70.08556057997437,3.216619057725695e-08,1.2454513184936034e-15,3.871926841088735e-08,True,5.129484617368809e-15,2.354225043317907e-13,0.9999999999999999,1.0000000000001323,9.707233932854975e-14,2.819378770087498,2.8193787700874973,2.8194985688787906,0.00011979879129331295,0.00011979879129242477,-0.03888809964581941,0.03888812390906683,True,2.4263247425104773e-08,5.871538921717034e-15,0.6753246991776374,2.9082389243234474e-05,,2.9082389243234474e-05,4.617171448390296e-05,7.9770153931165e-05,0.00018326235352541945,0.00033906406477010343,0.0005812805886757913,0.0009574539276014439,0.0015122842940631799,2.908238924323832e-05,4.617171448390773e-05,7.977015393117219e-05,0.00018326235352543387,0.0003390640647701285,0.0005812805886758351,0.0009574539276015245,0.0015122842940633267
129,anti,kitaev,77,2.6516975273981536,,,0.16341822642999593,1.1238408705291891,0.001099508033525667,0.16077903801240573,-1,True,False,True,6.809055455919612,5.9073483361922206,70.09265166380779,0.0010995081080283947,7.45027277718191e-11,6.77600576804516e-08,True,2.6726557159942647e-10,2.183909695447875e-08,0.9999999999999998,0.9999999829643605,1.703563940185652e-08,2.779162793447818,2.7791627481397656,2.7791097029741794,5.304516558624073e-05,5.3090473638661706e-05,3.025379178981432e-06,3.025379377357903e-06,False,1.9837647107615627e-13,7.806360726173143e-15,1.6616080299017196e-08,7.153858074626771e-06,-1.3757802211168464,7.153858074626771e-06,3.3946514430586177e-06,1.8090510140786433e-06,7.382838337441854e-07,3.709690362395901e-07,1.8621224143489824e-07,7.475487551125227e-08,9.152919176614934e-12,7.153857952756224e-06,3.3946513855540112e-06,1.809050983587169e-06,7.382838215309257e-07,3.709690302852905e-07,1.8621223852339263e-07,7.475487430039283e-08,9.152844615121095e-12
130,node,kitaev,45,1.7416497292974062,,,0.26591198801310734,1.0911746077942726,1.7198562866898793e-07,0.26039367895994586,-1,True,False,True,4.036731077288074,3.169032366846214,40.8309676331538,1.719856213975798e-07,7.271408122296692e-15,4.227916122161349e-08,True,1.7134116429987344e-14,5.746459125564196e-13,0.9999999999999998,0.9999999999998322,5.996454331760137e-14,2.7318236798158084,2.7318236798158075,2.7323067990541037,0.0004831192382961369,0.0004831192382952487,0.04074076803329427,0.04074089964556102,True,1.3161226675162396e-07,2.459775110016211e-15,0.681481644320624,5.412423206521412e-05,,5.412423206521412e-05,8.558409363037444e-05,0.00014617566725196382,0.000325240614522456,0.000568443028953165,0.000879972596951167,0.001249889851961637,0.0016598101799426923,5.412423206520504e-05,8.558409363036739e-05,0.00014617566725195615,0.00032524061452244267,0.0005684430289531411,0.0008799725969511258,0.0012498898519615702,0.0016598101799425928
130,anti,kitaev,45,1.8144728204165923,,,0.26591198801310734,1.0911746077942726,0.0018904028179929232,0.26205499627639245,-1,True,False,True,4.0212572954567545,3.1625091286227827,40.837490871377234,0.0018904028923764939,7.438357070045643e-11,3.934800032695195e-08,True,1.7983488440108446e-10,1.1226647376761403e-08,1.0,0.9999999896567162,1.0343283770807317e-08,2.8002693341035387,2.8002692010087262,2.7996809184184475,0.0005882825902787658,0.0005884156850912703,3.620743986317834e-06,3.6207515176182865e-06,False,7.53130045264675e-12,1.0473212253051039e-14,2.170763789259906e-08,1.3420557398397826e-05,-0.8783661060432144,1.3420557398397826e-05,6.354542601646539e-06,3.3857773182584424e-06,1.3824858319031076e-06,6.947798414363937e-07,3.4837188403006204e-07,1.3956068459142292e-07,1.3109787014457012e-11,1.3420557259585192e-05,6.3545425367142445e-06,3.3857772840040383e-06,1.3824858183145003e-06,6.947798348120426e-07,3.4837188075567444e-07,1.3956068328463563e-07,1.3109872727819019e-11
131,node,kitaev,95,1.6349496135778454,,,0.17523686901233737,0.8743735263358263,5.032054193905032e-10,0.17490673100948673,-1,True,False,True,4.939350313533693,4.04019574424261,89.9598042557574,5.032054772602132e-10,5.786971002679163e-17,1.1500215974797149e-07,False,3.691677395409303e-16,7.975688796442473e-12,0.9999999999999994,0.9999999999985127,1.1891861539868764e-12,3.0106934236705953,3.0106934236705953,3.011655493862251,0.0009620701916555063,0.0009620701916555063,0.0012493128135606585,0.001249313009463521,True,1.959028625084236e-10,4.2059809549349176e-13,0.6736845032266737,2.438721606254525e-08,,2.438721606254525e-08,3.870634343575912e-08,6.713410778703784e-08,1.5558167350408868e-07,2.920863396704517e-07,5.164086267373928e-07,9.034128510578699e-07,1.5607825061268487e-06,2.438721606250898e-08,3.8706343435712824e-08,6.713410778697064e-08,1.5558167350396417e-07,2.9208633967023623e-07,5.164086267369945e-07,9.034128510570364e-07,1.5607825061249926e-06
131,anti,kitaev,95,1.663380401833753,,,0.17523686901233737,0.8743735263358263,2.261537990032034e-05,0.1750678587594788,-1,True,False,True,4.93940283895027,4.040002463332129,89.9599975366679,2.2615378855745576e-05,1.044574762652144e-12,4.61886896110619e-08,False,3.6293929462308855e-12,4.888226440130389e-09,1.0,1.0000000041334884,4.133488414290746e-09,3.0434275496097167,3.0434275496014815,3.040679970351901,0.0027475792495805784,0.0027475792578157687,4.672063346940756e-08,4.6719620935885356e-08,False,1.0125335222025458e-12,7.117167800031049e-13,3.110999681676947e-09,7.3857375869411655e-09,-0.06894878804242856,7.3857375869411655e-09,3.4198998273525506e-09,1.8132618219961688e-09,7.380470575400271e-10,3.700071965837642e-10,1.8516442907224265e-10,7.409943317639832e-11,2.1828175917825743e-15,7.385737617470026e-09,3.4198998414542276e-09,1.8132618294636314e-09,7.380470605682012e-10,3.700071980923321e-10,1.8516442982070045e-10,7.40994334734138e-11,2.182812139667289e-15
132,node,kitaev,92,2.2294169570608995,,,0.32531950848662355,0.8129916049722061,3.4959769837896504e-13,0.30108273083628273,-1,True,False,True,2.3845408945069817,1.6310514380281853,89.3689485619718,3.453119120368285e-13,4.285786342136536e-15,0.012259194960404831,True,1.0684200078232008e-14,9.579952983083894e-08,0.9999999999999866,0.999999973552093,2.1314596004497364e-08,2.36464152105904,2.36464152105904,2.3646417928458963,2.717868561319392e-07,2.717868561319392e-07,-2.511476781916201e-07,2.511530527767092e-07,True,5.3745850890795006e-12,3.415081423508542e-09,0.6739130616396078,1.0173412026003741e-15,,1.0173412026003741e-15,1.6344502031647637e-15,2.8125468090298132e-15,6.485640230374537e-15,1.214326613430485e-14,2.1372232346019798e-14,3.704667851976151e-14,6.307515626104157e-14,1.0173411756938287e-15,1.6344501694079289e-15,2.812546760215489e-15,6.485640131989893e-15,1.2143265956244834e-14,2.1372232019084795e-14,3.704667787055997e-14,6.307515491662009e-14
132,anti,kitaev,92,2.2541691382757425,,,0.32531950848662355,0.8129916049722061,3.956195468297089e-09,0.2989616790584217,-1,True,False,True,2.383134625998382,1.6341963740676364,89.36580362593236,3.956195908319916e-09,4.400228271818795e-16,1.112237326765059e-07,True,1.6217726979773914e-15,3.0116907085788256e-08,1.0,0.9999999920640044,7.935995644349233e-09,2.3309478413713816,2.3309478413713816,2.330937753959534,1.0087411847603533e-05,1.0087411847603533e-05,-1.2940290899481997e-11,-5.4071659062454e-12,False,7.533124993236596e-12,3.311141840875769e-09,5.817585318960543e-09,3.128653664453466e-16,-1.5944910187830387e-05,3.128653664453466e-16,1.6512367203891582e-16,9.01780197472154e-17,3.7287129433252463e-17,1.8921867496675614e-17,9.628897495454624e-18,3.9281361776870024e-18,1.674511285632157e-22,3.128653639624484e-16,1.651236707973145e-16,9.01780191269157e-17,3.728712926508717e-17,1.892186747979176e-17,9.62889752652671e-18,3.928136194689239e-18,1.674568136200483e-22
133,node,kitaev,44,1.986676809939025,,,0.27203354328021956,0.9003095807045483,3.035023029581652e-08,0.27055192405392403,-1,True,False,True,3.2328869752694818,2.386672504545988,40.61332749545403,3.0350230892431793e-08,5.966152730776468e-16,1.965768520576545e-08,False,1.575238211825917e-15,2.992586539679207e-13,0.9999999999999998,1.0000000000000973,1.2864152192446778e-13,2.9321508157077645,2.9321508157077645,2.938163539733759,0.006012724025994398,0.006012724025994398,0.014731710256049128,0.01473169080442038,True,1.945162874869566e-08,8.371055250067677e-15,0.6818173277718792,7.2341186304054306e-06,,7.2341186304054306e-06,1.1405713468552504e-05,1.9499591774699943e-05,4.3345108598395073e-05,7.553235329092777e-05,0.0001163747420412002,0.00016436196444192784,0.00021702328706818308,7.234118630406134e-06,1.1405713468553816e-05,1.9499591774702172e-05,4.3345108598399756e-05,7.55323532909359e-05,0.00011637474204121334,0.00016436196444194766,0.000217023287068211
133,anti,kitaev,44,2.04822109568567,,,0.27203354328021956,0.9003095807045483,0.0005771591558958358,0.2693888866371716,-1,True,False,True,3.230011944832073,2.3874076595724802,40.612592340427504,0.0005771591741139761,1.821814032097746e-11,3.156519330045147e-08,False,4.530141325621604e-11,6.5800516282048165e-09,1.0,0.9999999938274444,6.1725555443026734e-09,2.862475482337233,2.8624754676267443,2.860438548263821,0.002036919362923495,0.002036934073412322,1.0662820736491126e-06,1.06627110840838e-06,False,1.0965240732551881e-11,1.5479764721113795e-14,1.3265005831498798e-08,1.9479782077949803e-06,-0.376287418463986,1.9479782077949803e-06,9.151291232863825e-07,4.86774033510693e-07,1.9857015516371807e-07,9.972731388687579e-08,4.998073089926595e-08,2.0019414698503108e-08,1.1369574605854305e-12,1.9479781957709766e-06,9.151291177097028e-07,4.867740305734512e-07,1.9857015399665426e-07,9.972731331460725e-08,4.9980730612340674e-08,2.001941457760327e-08,1.1369514105827047e-12
134,node,kitaev,91,0.8945407020424699,,,0.27065061010885405,0.8187842422214807,5.7380176236398045e-12,0.24031799630515155,-1,True,False,True,2.922629763605933,2.1507306693147368,87.84926933068525,5.550647601850563e-12,1.8737002178924135e-13,0.03265413842880229,True,5.325049884446518e-13,1.830098447590254e-07,0.9999999999999496,1.0000000408958734,3.8596783561577476e-08,2.185454584767276,2.1854545847672764,2.1854538871354725,6.976318038809382e-07,6.976318034368489e-07,-6.815246471172724e-06,6.815219496724992e-06,True,2.6974447731255475e-11,1.594042987376654e-10,0.6739926713996919,7.57297575677042e-13,,7.57297575677042e-13,1.2253454081985148e-12,2.099392264503141e-12,4.827982967319767e-12,9.029395137251749e-12,1.5865887859552755e-11,2.7415073744475056e-11,4.644758446283227e-11,7.572976066473878e-13,1.2253454504600015e-12,2.099392325767134e-12,4.827983089885081e-12,9.029395360311491e-12,1.586588827576815e-11,2.7415074591134405e-11,4.6447586255559635e-11
134,anti,kitaev,91,0.9192128554967305,,,0.27065061010885405,0.8187842422214807,1.0708957255578179e-07,0.24241929431540693,-1,True,False,True,2.9242269971081862,2.1472655636128555,87.85273443638717,1.0708957925990422e-07,6.704122430426354e-15,6.260294322245286e-08,True,1.8435460129724227e-14,1.1425617349240743e-08,0.9999999999999998,0.9999999957333651,4.266634956879071e-09,2.2197150337129674,2.219715033712964,2.2196950639083908,1.9969804573083394e-05,1.9969804576636108e-05,-6.64120023698629e-10,-6.669568677563902e-10,False,2.8368440577612214e-12,4.155781360880498e-11,2.1292357956089393e-08,2.2762921382148137e-13,-0.00043268636300575723,2.2762921382148137e-13,1.2489897013951347e-13,6.886148048064686e-14,2.861455436670245e-14,1.4579934815387825e-14,7.463059634166308e-15,3.0664152532369877e-15,4.410554058774865e-19,2.276292128502706e-13,1.2489896965683215e-13,6.886148025932719e-14,2.8614554338957916e-14,1.4579934849441625e-14,7.463059677715831e-15,3.0664152695156866e-15,4.410486445745335e-19
135,node,kitaev,85,2.047433767577833,,,0.2835078354032443,1.367822682074828,3.1573657515039013e-09,0.2742931842770575,-1,True,False,True,4.76938638872118,3.883455944199824,80.11654405580018,3.1573659589088495e-09,2.0740494820428917e-16,6.568923733511047e-08,True,5.310356087576682e-16,2.614931531078371e-12,0.9999999999999998,1.0000000000018263,1.7612461858257469e-12,2.630169573730896,2.630169573730896,2.6301828383452843,1.3264614388219798e-05,1.3264614388219798e-05,-0.0023518408021470654,0.0023518374631369015,True,3.339010163846967e-09,1.4961586706364986e-13,0.6745097884432698,9.647363870179911e-08,,9.647363870179911e-08,1.537722596991911e-07,2.6551713119328686e-07,6.118736681813326e-07,1.1401073715226162e-06,1.9843987256386022e-06,3.362876740977002e-06,5.53115515864375e-06,9.647363870197529e-08,1.5377225969945288e-07,2.6551713119370244e-07,6.118736681821764e-07,1.140107371524092e-06,1.9843987256412195e-06,3.3628767409819877e-06,5.531155158653492e-06
135,anti,kitaev,85,2.0957157499789036,,,0.2835078354032443,1.367822682074828,7.231376965572875e-05,0.275612951323837,-1,True,False,True,4.769754855000238,3.8824311413737274,80.1175688586263,7.23137711622064e-05,1.5064776412009734e-12,2.0832514310524938e-08,True,3.3446138280855323e-12,5.006912502846981e-09,1.0,0.9999999970380623,2.9619376905051183e-09,2.6667663772372183,2.66676637705835,2.666738166214268,2.821084408166641e-05,2.8211022950141995e-05,-1.7077666323642285e-07,-1.7078775392076297e-07,False,1.1090684340121072e-11,2.310461891291155e-13,1.2804124938970977e-08,2.6797126013664745e-08,-0.07645598580281776,2.6797126013664745e-08,1.2957833635992045e-08,6.933794356519512e-09,2.836362531182427e-09,1.428280455376878e-09,7.192782469801959e-10,2.8989168556474906e-10,2.916466870616782e-14,2.6797125934293327e-08,1.2957833598134153e-08,6.933794336590458e-09,2.836362523530972e-09,1.4282804519240778e-09,7.192782454483948e-10,2.898916849103655e-10,2.9164575861001795e-14
136,node,kitaev,59,2.3641860641369505,,,0.2790878084019268,1.2469439533333635,2.7216794363431284e-08,0.2787065291590548,-1,True,False,True,4.4112572005613,3.524101413959588,54.47589858604043,2.7216796756123554e-08,2.392692270334729e-15,8.79123470010697e-08,False,5.5942259171780096e-15,3.365040237131883e-13,1.0,0.9999999999999881,1.4918924771654842e-13,3.0368715271645197,3.0368715271645192,3.091247133823921,0.054375606659401665,0.05437560665940122,-0.016039395840122102,0.01603938829293378,True,7.54718832221557e-09,1.3586835267352839e-14,0.6779645262136689,6.431570418810559e-06,,6.431570418810559e-06,1.0167883204779195e-05,1.7506901742354376e-05,3.9708511272600794e-05,7.17236260226049e-05,0.00011731995617469288,0.00017915023760245338,0.0002572622189161262,6.431570418810483e-06,1.0167883204780174e-05,1.7506901742356463e-05,3.970851127260547e-05,7.172362602261315e-05,0.00011731995617470703,0.00017915023760247726,0.00025726221891616457
136,anti,kitaev,59,2.4290349750101328,,,0.2790878084019268,1.2469439533333635,0.0006622531691961323,0.27899250249379215,-1,True,False,True,4.407803632001345,3.5229928877903,54.4770071122097,0.0006622531834092495,1.4213117228295546e-11,2.1461757964175485e-08,False,3.1690713249207515e-11,1.377079721434936e-09,0.9999999999999994,0.999999998977663,1.022336983197528e-09,3.0892484146005024,3.0892484127532502,3.1415925760461585,0.05234416329290825,0.05234416144565612,-7.017308308857235e-07,-7.017265539260505e-07,False,4.276959673029579e-12,2.3528989713801154e-14,4.093669898456087e-09,2.038807791550893e-06,-0.3884993288829123,2.038807791550893e-06,9.42719825886902e-07,4.996954100819247e-07,2.0336168241276241e-07,1.0194063620802931e-07,5.100575336372669e-08,2.040739993244631e-08,4.924261590165038e-13,2.0388077894665445e-06,9.427198249250765e-07,4.996954095725848e-07,2.0336168220595053e-07,1.0194063610461781e-07,5.100575331197555e-08,2.0407399911502038e-08,4.924257435678489e-13
137,node,kitaev,99,2.8930150414202878,,,0.2948366932912111,1.0830515108052454,1.3397673415795319e-11,0.27743131852301234,-1,True,False,True,3.5970585106979707,2.7587256826732425,95.24127431732677,1.3397598031218925e-11,7.538457639343446e-17,5.6266915944196e-06,True,2.477603731322813e-16,6.917511560542058e-11,0.9999999999999999,0.9999999999593309,3.4368790446105735e-11,2.4504426935203707,2.4504426935203707,2.4504438443194316,1.1507990609338492e-06,1.1507990609338492e-06,-3.13203888807647e-05,3.132042238584714e-05,True,3.350508244329489e-11,1.2668658765652006e-11,0.6734006768914025,1.4714501318358893e-11,,1.4714501318358893e-11,2.358459083726363e-11,4.06878633315008e-11,9.414743593443152e-11,1.7709298526857558e-10,3.147358814078238e-10,5.570187082910931e-10,9.80966759642329e-10,1.4714501317760467e-11,2.3584590836405312e-11,4.068786333006588e-11,9.414743593117844e-11,1.7709298526259328e-10,3.147358813973345e-10,5.570187082724099e-10,9.809667596086143e-10
137,anti,kitaev,99,2.9245663770443073,,,0.2948366932912111,1.0830515108052454,6.288857390103993e-07,0.27582861301134887,-1,True,False,True,3.5962251279534625,2.760471873579135,95.23952812642088,6.28885782617516e-07,4.3607116738399144e-14,6.934028557718344e-08,True,1.0353748595726955e-13,1.3601406330957646e-08,0.9999999999999997,0.999999994117105,5.882894964039442e-09,2.419099768525472,2.4190997685254345,2.419083652131494,1.611639394072384e-05,1.6116393978027332e-05,1.6471243560481963e-09,1.6603915597070019e-09,False,1.3267203658805586e-11,1.9618727243080676e-11,6.267512337002252e-09,4.372425175517248e-12,-0.0015594843794568404,4.372425175517248e-12,2.2440305278328973e-12,1.2169957140201206e-12,5.012469120649089e-13,2.537420254273256e-13,1.2882659475058945e-13,5.250209057351644e-14,2.713018644287524e-18,4.37242514979473e-12,2.2440305151403678e-12,1.2169957075553988e-12,5.012469100404179e-13,2.5374202491808135e-13,1.288265948061503e-13,5.250209061279865e-14,2.712965226167203e-18
138,node,kitaev,94,3.0857597318101804,,,0.31797778361613765,1.128253775660926,3.120608421703246e-11,0.295291680965728,-1,True,False,True,3.4672561046986274,2.640676052966146,90.35932394703383,3.1205595546966496e-11,4.886700659631409e-16,1.5659448412832968e-05,True,5.113773435736053e-16,7.043775718987757e-11,1.0,1.0000000000175133,1.632934916984105e-11,2.3809957550565937,2.3809957550565946,2.3809962071782396,4.521216450115162e-07,4.521216458996946e-07,3.845454355819549e-05,3.845443212606853e-05,True,1.1143212696025856e-10,3.3472196076336366e-11,0.6737588602936618,2.3348714702263115e-11,,2.3348714702263115e-11,3.749553152789723e-11,6.456081113678583e-11,1.4901630498167324e-10,2.7939375259879454e-10,4.931754560105052e-10,8.601197328637231e-10,1.478751920269155e-09,2.3348714702672026e-11,3.74955315285356e-11,6.45608111379452e-11,1.4901630498473205e-10,2.7939375260503324e-10,4.93175456021644e-10,8.601197328813777e-10,1.478751920293302e-09
138,anti,kitaev,94,3.1198542484085308,,,0.31797778361613765,1.128253775660926,8.342816049445353e-07,0.29330640766330235,-1,True,False,True,3.466229454111846,2.6428391294706883,90.35716087052933,8.342816348167251e-07,2.987218982510595e-14,3.58058833468969e-08,True,6.601177278528356e-14,7.00741122191376e-09,1.0,0.9999999970030157,2.9969842932512988e-09,2.3480135576697148,2.3480135576696473,2.3479930370864275,2.0520583219774124e-05,2.0520583287275684e-05,-3.871872575254917e-09,-3.867909649485838e-09,False,3.962925769079195e-12,1.620056590512726e-11,2.3030377897224847e-08,6.924895026164554e-12,-0.0017725536447465425,6.924895026164554e-12,3.6326273923768264e-12,1.980414738683584e-12,8.18007028310881e-13,4.1497294405022474e-13,2.111720778363179e-13,8.615810933415393e-14,1.4991397239014268e-17,6.924895005410752e-12,3.632627382001872e-12,1.980414733470313e-12,8.18007026828237e-13,4.149729438329739e-13,2.1117207805110752e-13,8.615810947790127e-14,1.4991488180649e-17
139,node,kitaev,83,1.5020441305021561,,,0.3397097782526324,0.9616432260937344,3.1093382302316713e-12,0.3312205732322567,-1,True,False,True,2.7383117483085835,1.9279936796539021,80.07200632034612,2.9934001496542597e-12,1.159380805774116e-13,0.03728705981554579,True,2.460361506002399e-13,4.785188619002453e-08,0.9999999999999961,0.9999999922030433,7.784428212241122e-10,2.692794060037144,2.6927940600371443,2.692819573776648,2.5513739503768562e-05,2.551373950421265e-05,9.439843839022121e-06,9.439871890330051e-06,True,2.8051307929727364e-11,2.7023977283567004e-09,0.6746988168031011,1.5912615865956165e-12,,1.5912615865956165e-12,2.5327708412940343e-12,4.375214047677483e-12,1.0076883637416298e-11,1.8746185829180662e-11,3.251362267271646e-11,5.4723947894828254e-11,8.911065170512391e-11,1.5912615741886187e-12,2.5327708361316425e-12,4.37521404833801e-12,1.0076883649621466e-11,1.8746185854768587e-11,3.251362270848078e-11,5.472394791451359e-11,8.911065163575636e-11
139,anti,kitaev,83,1.5366794863992146,,,0.3397097782526324,0.9616432260937344,2.0819907906770172e-07,0.3325510418529997,-1,True,False,True,2.738992478045966,1.9265312041807183,80.07346879581931,2.0819907041874361e-07,8.648958106737315e-15,4.1541769279031564e-08,True,1.7857222141055093e-14,6.248190017925295e-09,1.0,1.0000000032425154,3.2425152902058e-09,2.730249407178583,2.7302494071785803,2.7302251583561055,2.424882247487048e-05,2.4248822477535015e-05,-1.9961344273888798e-10,-2.0267139374862852e-10,False,3.057951009740543e-12,3.1418713040342484e-11,9.99170572361544e-10,4.804650956329002e-13,-0.0004275442615110025,4.804650956329002e-13,2.2979100186617827e-13,1.2268861443109796e-13,5.013807846438512e-14,2.5223918487079493e-14,1.2683190621671476e-14,5.101957310945609e-15,3.984552652207904e-20,4.804650971908156e-13,2.2979100258792234e-13,1.226886148026965e-13,5.013807859844527e-14,2.5223918541751095e-14,1.2683190642555817e-14,5.101957319557835e-15,3.9846350287211926e-20
140,node,kitaev,81,2.094843031682351,,,0.24975771795618834,0.9098489898469014,4.724264480528155e-10,0.24686635530140794,-1,True,False,True,3.5727572277203263,2.714763914078754,77.28523608592126,4.724268404534596e-10,3.9240064407030347e-16,8.306068504158653e-07,True,3.727687874041518e-16,1.1232138133512532e-11,1.0,0.9999999999988646,1.1281965330962627e-12,2.835097726635909,2.835097726635909,2.8352131647502974,0.0001154381143884109,0.0001154381143884109,-0.00027664623274237677,0.00027664648538513364,True,2.526427568668929e-10,2.9914620877183804e-13,0.6748973439071337,1.399995962650374e-09,,1.399995962650374e-09,2.2230483869426757e-09,3.844039639077417e-09,8.850698861456068e-09,1.6438088548920148e-08,2.840591857282796e-08,4.747637906596726e-08,7.653313809054929e-08,1.3999959626487844e-09,2.223048386940391e-09,3.844039639074039e-09,8.85069886144962e-09,1.6438088548908627e-08,2.8405918572806428e-08,4.7476379065924216e-08,7.653313809046295e-08
140,anti,kitaev,81,2.1288721663708468,,,0.24975771795618834,0.9098489898469014,5.991667236401564e-06,0.24606624915469782,-1,True,False,True,3.572338622542909,2.715632213387543,77.28436778661252,5.9916672256290776e-06,1.0772486249116097e-14,1.797911303162718e-09,True,2.8591997499217846e-14,3.3270481577318975e-10,0.9999999999999997,1.000000000202176,2.0217616444448868e-10,2.796832903567756,2.7968329035658126,2.7967851471346576,4.775643115495498e-05,4.7756433098289364e-05,-6.5568402880714575e-09,-6.561375215667543e-09,False,4.534927596085779e-12,2.5060842726227316e-12,1.3004606635646248e-09,4.081379430828086e-10,-0.01276916190320685,4.081379430828086e-10,1.9321863368249278e-10,1.0292977977587993e-10,4.2008589418431134e-11,2.111120207653125e-11,1.0599062271744122e-11,4.255727343160072e-12,4.299215456328421e-17,4.0813794316532436e-10,1.932186337208242e-10,1.0292977979586235e-10,4.2008589425974646e-11,2.11112020798627e-11,1.0599062273179193e-11,4.255727343729993e-12,4.299211190881874e-17
141,node,kitaev,40,2.0752589722340145,,,0.19858841065909724,1.1714957861921043,5.982408722663938e-07,0.19727851979646135,-1,True,False,True,5.719042325197345,4.903933865052486,34.09606613494751,5.982409292326223e-07,5.696622847376452e-14,9.522289618553132e-08,False,1.7168085601448074e-13,8.352967977654567e-13,0.9999999999999999,1.000000000000359,7.765191687870656e-14,2.911722418360555,2.9117224183605477,2.9184008723267194,0.006678453966171727,0.006678453966164621,0.21514631550380198,0.21514655216614736,True,2.366623453875505e-07,1.3242745761076338e-15,0.6833336108244835,0.0016934604248067166,,0.0016934604248067166,0.002666983100652885,0.004547082525710671,0.010026497775879549,0.017229324160941865,0.02600608085138712,0.03587612840740763,0.04628793707486149,0.0016934604248073247,0.002666983100653293,0.0045470825257110815,0.010026497775880213,0.01722932416094298,0.026006080851388884,0.03587612840741024,0.04628793707486509
141,anti,kitaev,40,2.1643858640330134,,,0.19858841065909724,1.1714957861921043,0.012272350340297607,0.19804512105019415,-1,True,False,True,5.412230505709855,4.744858731972268,34.255141268027735,0.012272350656305102,3.16007494477466e-10,2.5749549655522852e-08,False,9.315642346483806e-10,7.932530149285283e-09,0.9999999999999999,0.9999999886710537,1.1328946341183522e-08,2.9884328541703646,2.9884307366914267,2.961507768200588,0.026922968490838528,0.026925085969776497,1.164348678641563e-05,1.1643488083412644e-05,False,1.296997013302127e-12,1.2219419632772307e-15,9.24322676410238e-09,0.000366676021278487,-3.8460755264046327,0.000366676021278487,0.00017033952730148807,9.037795639796913e-05,3.680038444386717e-05,1.845263576860111e-05,9.23442264265247e-06,3.6949435247408454e-06,1.3557078454545413e-10,0.00036667601712443406,0.00017033952537865582,9.037795537924164e-05,3.6800384030271654e-05,1.8452635561751325e-05,9.234422539266144e-06,3.6949434834952685e-06,1.3557127799470274e-10
142,node,kitaev,50,2.7057430749131584,,,0.15143011253145003,1.1732767637567252,4.6822537129290595e-07,0.14974800373193975,-1,True,False,True,7.479443709648267,6.711724848891049,42.28827515110895,4.6822536868641876e-07,2.606487191252532e-15,5.566736343345226e-09,True,1.1238690140836436e-14,6.12580100561327e-14,1.0,0.9999999999999722,1.7890254946386474e-14,2.8335950243745778,2.8335950243745707,2.8344655879887584,0.0008705636141876916,0.0008705636141805861,-0.24518997416797542,0.24519023206758078,True,2.5789960536592993e-07,5.417524062704301e-16,0.6800000484360931,0.0017681799750089988,,0.0017681799750089988,0.0027952139991493955,0.004790842005159779,0.010747479836437812,0.019046855617793255,0.030144107495177493,0.04400451212118378,0.06011812343249243,0.0017681799750089498,0.0027952139991493383,0.004790842005159692,0.010747479836437628,0.01904685561779293,0.030144107495176972,0.044004512121183004,0.06011812343249136
142,anti,kitaev,50,2.7766652454454235,,,0.15143011253145003,1.1732767637567252,0.011138314801409822,0.1489151585289582,-1,True,False,True,6.99920775224666,6.449709757628803,42.5502902423712,0.011138314542233926,2.591758960224233e-10,2.3268860742705742e-08,True,9.73013923812896e-10,1.1147195489490856e-08,0.9999999999999999,1.0000000116025327,1.1602532822519406e-08,2.7721391448644237,2.7721347883686747,2.7719379669405555,0.00019682142811916492,0.000201177923868201,4.285224411262065e-06,4.285198237918841e-06,False,2.6173343223648282e-11,1.4724211745750635e-15,1.0794135095507076e-09,0.00034024306889617756,-5.540649310578454,0.00034024306889617756,0.00016168705020271686,8.619472954679169e-05,3.518282975433935e-05,1.7672002361413395e-05,8.858190268607031e-06,3.548472691591507e-06,1.836314825487623e-11,0.00034024307284385893,0.0001616870520686011,8.619473053765372e-05,3.518283015406295e-05,1.7672002559667423e-05,8.858190367802369e-06,3.548472732170466e-06,1.83635186351075e-11
143,node,kitaev,55,2.1740510616658146,,,0.3209985021681625,1.029979055925379,3.0521144598963176e-09,0.32049763203848,-1,True,False,True,3.130519416228076,2.287064522172473,51.71293547782753,3.0521142381295486e-09,2.2176676901934516e-16,7.266004336773095e-08,False,3.0907628998080244e-16,1.011483550999255e-12,1.0,0.9999999999999526,4.699841339513224e-14,3.029391803825293,3.029391803825293,3.090066291507432,0.06067448768213923,0.06067448768213923,0.002701693418913702,0.002701692461218856,True,9.576948461695323e-10,8.680219645301583e-14,0.6787864028191223,1.9551330003308936e-07,,1.9551330003308936e-07,3.088792778020999e-07,5.310567956821792e-07,1.1994482084579745e-06,2.150041141086202e-06,3.469063029541193e-06,5.195795994050232e-06,7.2991473298016085e-06,1.955133000330801e-07,3.0887927780208977e-07,5.310567956821697e-07,1.1994482084579578e-06,2.1500411410861604e-06,3.469063029541099e-06,5.195795994050042e-06,7.299147329801265e-06
143,anti,kitaev,55,2.2309309812049003,,,0.3209985021681625,1.029979055925379,9.782985899496054e-05,0.31987577886905133,-1,True,False,True,3.1301304773024405,2.287647029721115,51.71235297027889,9.782985387556055e-05,5.11939999398546e-12,5.2329626625028384e-08,False,1.0820967296658582e-11,6.408078051660231e-09,0.9999999999999998,1.0000000056668066,5.666806539231209e-09,2.973344980761702,2.9733449805702,2.9683064285656777,0.005038552004522412,0.005038552196024337,5.946158940389699e-08,5.9462533163958e-08,False,9.437600610066361e-13,1.0983197091464538e-13,1.1074573876953917e-09,5.8047472340638735e-08,-0.07462886889432979,5.8047472340638735e-08,2.698493219244014e-08,1.4320145436232655e-08,5.832184515480632e-09,2.9253981839114067e-09,1.464673681718265e-09,5.863035767735931e-10,3.5356806144399914e-15,5.804747266958253e-08,2.6984932344188216e-08,1.4320145516331317e-08,5.832184547622886e-09,2.9253981997599486e-09,1.4646736895908876e-09,5.863035799871645e-10,3.5357300046236944e-15
144,node,kitaev,46,1.2063896689091451,,,0.21259932374382295,0.8543515541058729,8.186681034039031e-09,0.2030555359158205,-1,True,False,True,3.9485105974621275,3.0922116210619595,41.90778837893805,8.186682008080274e-09,9.740412429733423e-16,1.1897877038612109e-07,True,2.5330358005900867e-15,1.4417581722341418e-13,1.0,0.9999999999999304,5.824485628937842e-14,2.540010778055202,2.5400107780552026,2.540089988049941,7.920999473842727e-05,7.920999473887136e-05,-0.03330807066990566,0.033308009329319266,True,6.134058639500894e-08,3.982145819530449e-15,0.681159416583137,3.5407263120915574e-05,,3.5407263120915574e-05,5.6240018595475146e-05,9.587210466635141e-05,0.00021339298679429793,0.0003739826000961848,0.0005815934595070044,0.0008306987331128299,0.0011094275717514293,3.540726312091311e-05,5.6240018595471846e-05,9.587210466634634e-05,0.00021339298679428752,0.00037398260009616663,0.0005815934595069748,0.0008306987331127848,0.0011094275717513646
144,anti,kitaev,46,1.260978420039616,,,0.21259932374382295,0.8543515541058729,0.0011585556611448337,0.20508853952059963,-1,True,False,True,3.9384407416766356,3.08636002767749,41.913639972322514,0.0011585556453597098,1.5785123859066164e-11,1.3624829939951267e-08,True,4.898005252729387e-11,4.24759496339474e-09,1.0,1.000000003289267,3.289266979074021e-09,2.6070968104629175,2.60709667531141,2.606929386476541,0.00016728883486916146,0.00016742398637648037,-2.8060038771845434e-06,-2.805990292550908e-06,False,1.3584633635426135e-11,1.3909531137062448e-14,1.941616276162638e-08,8.815669456332032e-06,-0.9574461422711279,8.815669456332032e-06,4.319766138109612e-06,2.3195199466994075e-06,9.518581855305643e-07,4.803186681489334e-07,2.4174869581239876e-07,9.710886055788279e-08,7.873657758774867e-12,8.815669485329123e-06,4.319766152021463e-06,2.3195199539927186e-06,9.51858188304721e-07,4.803186694424811e-07,2.417486964575186e-07,9.710886085353199e-08,7.873686946679069e-12
145,node,kitaev,62,2.5565668118394065,,,0.2614440793400052,1.1377475834183284,1.9545989028478196e-08,0.25941528937151725,-1,True,False,True,4.293244314932122,3.410979200108012,57.589020799891976,1.9545988294949612e-08,7.335285834847009e-16,3.7528343150912516e-08,True,1.2151003737287393e-15,5.848924933946317e-13,1.0,0.9999999999999278,9.843287324711927e-14,2.8922581960711673,2.8922581960711673,2.8929735776523695,0.0007153815812022124,0.0007153815812022124,0.010209112784555396,0.010209100179396875,True,1.2605158521139526e-08,2.610943759340343e-14,0.677419090307341,2.481572013045195e-06,,2.481572013045195e-06,3.929193435519067e-06,6.7673481232300065e-06,1.538741846102433e-05,2.7932647311728114e-05,4.611938685683021e-05,7.140855654666562e-05,0.00010422598384777244,2.4815720130450157e-06,3.929193435518714e-06,6.767348123229386e-06,1.5387418461022995e-05,2.7932647311725786e-05,4.61193868568263e-05,7.140855654665916e-05,0.00010422598384776218
145,anti,kitaev,62,2.6123117359243953,,,0.2614440793400052,1.1377475834183284,0.0003622461730259636,0.2585411315565034,-1,True,False,True,4.29129736452923,3.411418246336003,57.58858175366398,0.00036224617041284436,2.613119247894813e-12,7.213655912681017e-09,True,6.3213858105751285e-12,1.6961040856265577e-09,0.9999999999999999,1.0000000013697596,1.3697597106070536e-09,2.842467109571631,2.84246710566722,2.842222772382086,0.0002443332851340685,0.0002443371895450852,-4.160255776665758e-08,-4.1619363662891145e-08,False,1.6805896233564192e-11,1.476346325829966e-14,4.2002403818674244e-11,6.646212594970807e-07,-0.28777754668951583,6.646212594970807e-07,3.1284136910786613e-07,1.6645427092453592e-07,6.789641065324038e-08,3.410343373745373e-08,1.7102252911799867e-08,6.855256765191328e-09,1.7307728127270227e-15,6.646212604074522e-07,3.1284136953232053e-07,1.6645427114864705e-07,6.789641074242704e-08,3.4103433780769474e-08,1.7102252933008152e-08,6.855256773844641e-09,1.7307438043745119e-15
146,node,kitaev,68,2.3120260194690934,,,0.2683658235489721,0.8972703045107853,2.1078411607493914e-10,0.25670418594402344,-1,True,False,True,3.2622364886306467,2.4317958154374133,64.56820418456259,2.1078423016998825e-10,1.1409504910232532e-16,5.412886474887966e-07,True,3.921320770898077e-17,5.175672612784837e-12,1.0,1.0000000000005917,6.582903141866684e-13,2.5496980009763863,2.549698000976388,2.5497142107535353,1.6209777147224713e-05,1.620977714900107e-05,0.0006459239852216506,0.000645922883050275,True,1.1021713756508705e-09,5.020799171472995e-13,0.6764705811819248,9.069952152931136e-09,,9.069952152931136e-09,1.4459910897511435e-08,2.4854846579946946e-08,5.668112245058202e-08,1.037560274052849e-07,1.7418242985074445e-07,2.768366990424658e-07,4.172177946846192e-07,9.069952152936503e-09,1.445991089752144e-08,2.4854846579966123e-08,5.6681122450628115e-08,1.0375602740536763e-07,1.7418242985087738e-07,2.7683669904266396e-07,4.1721779468489387e-07
146,anti,kitaev,68,2.3504147500236927,,,0.2683658235489721,0.8972703045107853,1.5779446831197483e-05,0.2548840098310261,-1,True,False,True,3.261135489637595,2.4341031445246784,64.56589685547534,1.577944828098385e-05,1.4497863663981512e-12,9.187814895588002e-08,True,3.7920205691870155e-12,2.0314421510157225e-08,0.9999999999999996,0.999999989134674,1.0865325985241142e-08,2.5042998911527903,2.504299891124578,2.5042577276376354,4.216348694274785e-05,4.2163515154847175e-05,2.4927522875790625e-09,2.496512806188624e-09,False,3.760518609561333e-12,3.252198592081768e-13,3.524174833457922e-11,2.592936544964056e-09,-0.02645031934323932,2.592936544964056e-09,1.3010516928731904e-09,7.022555238537368e-10,2.8889532596461627e-10,1.4617838395601408e-10,7.396246942290097e-11,2.9889586935906195e-11,6.2138139672523525e-18,2.592936516790955e-09,1.3010516792584229e-09,7.022555168834311e-10,2.888953236215498e-10,1.461783831279023e-10,7.396246914627171e-11,2.988958679420058e-11,6.2110562099611315e-18
147,node,kitaev,84,2.045387458720896,,,0.16527400676999732,1.0825015762689454,4.986625531773268e-09,0.1650760139596577,-1,True,False,True,6.510203364136705,5.587950440894628,77.41204955910538,4.986624528431735e-09,1.0033415328879803e-15,2.0120651259955092e-07,False,4.739820864813555e-15,3.0148685725117174e-13,1.0,1.0000000000000324,1.436938416854148e-13,3.0307131489880312,3.0307131489880312,3.0336492740143606,0.0029361250263293392,0.0029361250263293392,0.019597241737775356,0.019597244575122172,True,2.8373468158315873e-09,2.9753843811704564e-14,0.6746033280227725,6.7773846421231735e-06,,6.7773846421231735e-06,1.0746931873773154e-05,1.8611525941834075e-05,4.293644966584248e-05,7.996014101995285e-05,0.00013894147150852405,0.00023466631033909708,0.00038405188372880454,6.777384642123394e-06,1.0746931873774279e-05,1.8611525941836274e-05,4.293644966584736e-05,7.996014101996151e-05,0.00013894147150853936,0.00023466631033912575,0.00038405188372885973
147,anti,kitaev,84,2.0852490400036108,,,0.16527400676999732,1.0825015762689454,0.0004973649924658332,0.16516354267119976,-1,True,False,True,6.502828892922794,5.5858983570206355,77.41410164297939,0.0004973649897898895,2.675943668040137e-12,5.380241288743222e-09,False,9.410832056083414e-12,7.013352081642446e-10,0.9999999999999998,1.0000000007417587,7.417586994270857e-10,3.0676844655083495,3.067684463554534,3.058154062855311,0.009530400699222952,0.009530402653038283,-1.2684733330533236e-06,-1.2684647982593583e-06,False,8.534793965314647e-12,4.545489807779123e-14,9.791308137195302e-09,1.9563325404360086e-06,-0.771940512764779,1.9563325404360086e-06,9.051029593813741e-07,4.79810765457146e-07,1.9527865850557617e-07,9.789292208756716e-08,4.898472149485243e-08,1.9601740320660322e-08,1.6090245966669391e-12,1.9563325418871353e-06,9.051029600518566e-07,4.798107658124052e-07,1.9527865864999507e-07,9.789292215984041e-08,4.898472153098005e-08,1.9601740335210604e-08,1.6090248251401412e-12
148,node,kitaev,56,1.8065050302684662,,,0.17567849771385938,1.1960821964872799,4.3849173140121863e-07,0.1704102036804694,-1,True,False,True,6.714415557103314,5.836774470015972,49.163225529984025,4.3849170629834846e-07,2.510287017748857e-14,5.724821787920903e-08,True,8.55737193776571e-14,9.32279226912299e-13,1.0,1.0000000000001799,9.104670833187773e-14,2.645548725029391,2.645548725029382,2.6456368689492438,8.81439198616718e-05,8.814391985279002e-05,-0.12711035437110407,0.12710982309321955,True,5.312778845190103e-07,9.79049539780435e-16,0.6785714023633782,0.0004251853371676649,,0.0004251853371676649,0.0006751329869289025,0.0011578001566689964,0.0026139909764273817,0.004693751066568812,0.0075996117957277745,0.011438159044217449,0.016157042188347653,0.00042518533716774133,0.0006751329869289747,0.0011578001566690894,0.0026139909764275647,0.00469375106656914,0.00759961179572834,0.01143815904421839,0.016157042188349124
148,anti,kitaev,56,1.8706167799510647,,,0.17567849771385938,1.1960821964872799,0.005198635996739386,0.17144783064913494,-1,True,False,True,6.547664916462399,5.765056429862389,49.23494357013764,0.005198635700831931,2.959074556566077e-10,5.6920210578736906e-08,True,9.935287668630241e-10,2.318462044270235e-08,0.9999999999999988,1.0000000210608837,2.1060883657743244e-08,2.700805620115773,2.7008045092530555,2.700667935097743,0.00013657415531254102,0.0001376850180299094,-4.351036055587809e-06,-4.351017311200744e-06,False,1.874438706464185e-11,2.7213043981434587e-15,3.6669871331595832e-09,9.219087802662153e-05,-3.1261304716543106,9.219087802662153e-05,4.431440193827314e-05,2.3682545622778683e-05,9.68110136809847e-06,4.8696745009145554e-06,2.4450872233050136e-06,9.80868581837268e-07,1.893151475702294e-11,9.219087996824288e-05,4.4314402864962076e-05,2.3682546114700582e-05,9.681101564567702e-06,4.86967459687246e-06,2.44508727091259e-06,9.808686017053636e-07,1.8932011485415934e-11
149,node,kitaev,54,1.862540943421295,,,0.17543186546252165,0.958526568136625,1.026179746555673e-07,0.1754251858621537,-1,True,False,True,5.406474466387493,4.507368744958734,48.492631255041275,1.026179839986613e-07,9.343093996950579e-15,9.104734358975862e-08,False,3.251564965890699e-14,2.0725191289006818e-13,0.9999999999999998,1.0000000000001898,4.584345115012746e-14,3.0844744355882083,3.0844744355882083,3.026760286714572,0.05771414887363635,0.05771414887363635,0.06524582650317289,0.06524583100915099,True,4.505978104529795e-09,3.6587652632000586e-15,0.6790170457137769,0.00011609968390266574,,0.00011609968390266574,0.00018334860856157473,0.00031514593671893687,0.0007110108231030564,0.0012718593536907889,0.002044653420370497,0.0030471230345881497,0.004257017876082137,0.00011609968390268778,0.00018334860856157907,0.0003151459367189298,0.0007110108231030309,0.001271859353690742,0.0020446534203704177,0.0030471230345880214,0.0042570178760819415
149,anti,kitaev,54,1.9170543615001492,,,0.17543186546252165,0.958526568136625,0.0022653805244372436,0.17543186546680017,-1,True,False,True,5.359270886747213,4.4910875974443005,48.50891240255569,0.0022653805070950617,1.734218194396342e-11,7.655306363274881e-09,False,5.909056088230322e-11,1.684047923121028e-09,0.9999999999999998,0.9999999985497489,8.577877131465194e-10,3.1415913699638622,3.141591369962967,3.030316041025831,0.11127532893713576,0.11127532893803105,-2.3062206782309222e-06,-2.3062199502529857e-06,False,7.279779365855065e-13,1.0485255318084158e-10,0.736414492524071,1.337474889454688e-13,-1.8817564172370247,1.337474889454688e-13,2.238441138926358e-13,3.9095095973744164e-13,8.871141446409218e-13,1.5883012228342872e-12,2.554042870688282e-12,3.8067269835191115e-12,5.318653816699896e-12,1.3374748875150137e-13,2.2384411366800445e-13,3.909509594023504e-13,8.871141439768321e-13,1.58830122170116e-12,2.5540428688143542e-12,3.806726980513907e-12,5.31865381213762e-12
150,node,kitaev,79,1.7176717600013265,,,0.2777139491850522,1.0647935089190306,7.548736872688196e-10,0.2723841451527571,-1,True,False,True,3.7664892949308966,2.9044098926096082,75.0955901073904,7.548738586609709e-10,1.7139215131169052e-16,2.2704745734587476e-07,True,2.3111152799860456e-16,3.5352488824111143e-12,1.0,1.00000000000123,8.205258245712071e-13,2.7488923349098817,2.7488923349098817,2.7489451392701785,5.280436029675428e-05,5.280436029675428e-05,-0.0005893815803289297,0.0005893808001069552,True,7.802219744845046e-10,2.7305950196431264e-13,0.6751054196065959,6.513200268715162e-09,,6.513200268715162e-09,1.0353130862623072e-08,1.7882465286415724e-08,4.1115001129824824e-08,7.621431126120668e-08,1.311894929273839e-07,2.1768897810285398e-07,3.473706472310267e-07,6.513200268723173e-09,1.035313086263148e-08,1.7882465286426342e-08,4.111500112984466e-08,7.621431126124313e-08,1.311894929274536e-07,2.176889781029954e-07,3.473706472313117e-07
150,anti,kitaev,79,1.7584680205232537,,,0.2777139491850522,1.0647935089190306,1.5311054572401e-05,0.27339066099066217,-1,True,False,True,3.7669560624900313,2.903424611870279,75.09657538812974,1.5311054807941754e-05,2.3554075356813087e-13,1.5383705443301452e-08,True,5.556052918708232e-13,2.9652162054213366e-09,1.0,0.9999999981203992,1.879600789210832e-09,2.788218819758132,2.788218819748613,2.7881722231400117,4.659660860140136e-05,4.659661812045357e-05,-3.5369575856489195e-08,-3.537316864456728e-08,False,3.5927880780845228e-12,8.722893387529235e-13,8.4552284892681e-09,1.8728684094823753e-09,-0.022673968299557673,1.8728684094823753e-09,8.877216351646739e-10,4.730222442436687e-10,1.9308674300917756e-10,9.705473675936509e-11,4.874241606946584e-11,1.957969312077159e-11,1.2510068962680098e-15,1.8728684059621304e-09,8.877216335193727e-10,4.73022243378848e-10,1.9308674267241238e-10,9.705473660213165e-11,4.8742415996123454e-11,1.957969308986158e-11,1.2510040637200792e-15
151,node,kitaev,72,3.454718604869817,,,0.18579154774340467,1.2731633428265465,1.5986505862479753e-07,0.17350051343752157,-1,True,False,True,6.801826117889686,5.898073541977775,65.1019264580222,1.598650620671768e-07,3.442379272970274e-15,2.1533031061212197e-08,True,9.940761836274642e-15,3.2724270784278895e-13,0.9999999999999989,0.9999999999999042,8.23674062545967e-14,2.4099862729364663,2.4099862729364654,2.4099892817084574,3.0087719919968947e-06,3.0087719911087163e-06,0.05161580387557304,0.05161551670727802,True,2.871682950184029e-07,3.221593813969061e-15,0.6759259193566493,5.474365552632963e-05,,5.474365552632963e-05,8.767061945156717e-05,0.00015047377469737145,0.00034366130083863936,0.0006320531165492977,0.0010714954871230134,0.0017310333679544394,0.00266419120972162,5.4743655526324385e-05,8.767061945156012e-05,0.00015047377469736063,0.0003436613008386167,0.0006320531165492573,0.0010714954871229422,0.0017310333679543136,0.0026641912097214006
151,anti,kitaev,72,3.505352075855561,,,0.18579154774340467,1.2731633428265465,0.001663146660210744,0.1720465127836313,-1,True,False,True,6.760692891145105,5.886452776666677,65.11354722333334,0.0016631466322634928,2.7947251284021757e-11,1.680384054673834e-08,True,9.363571237518649e-11,6.006502094528035e-09,1.0,1.000000004386945,4.386945027632004e-09,2.3671055496935978,2.3671053469457677,2.3669701019446436,0.00013524500112405136,0.0001354477489541317,1.6532774140395542e-06,1.6532583733009502e-06,False,1.9040738604082213e-11,5.072504890297327e-15,2.888358841796944e-09,1.314340290669481e-05,-1.6033579274195602,1.314340290669481e-05,6.850600409322491e-06,3.7279086131518647e-06,1.5376902759423685e-06,7.790471979783418e-07,3.9491729241989675e-07,1.599158299225175e-07,2.73332620777608e-12,1.3143402964354196e-05,6.850600438994811e-06,3.7279086289684516e-06,1.5376902819181648e-06,7.790472005805654e-07,3.9491729356226107e-07,1.5991583043841428e-07,2.733358105411231e-12
152,node,kitaev,90,1.447457594565529,,,0.2313159258887081,0.9287979718385388,4.3834879044572155e-10,0.22552409920234628,-1,True,False,True,3.9499304071839907,3.0839225449495444,85.91607745505046,4.3834867286218054e-10,1.1758354100900357e-16,2.6824196523832617e-07,True,3.504278012670884e-16,9.776389259764494e-12,1.0,1.0000000000059548,5.285200559479192e-12,2.692791828798936,2.6927918287989363,2.6928101195540557,1.8290755119387825e-05,1.8290755119831914e-05,-0.00026030667209660675,0.00026030599376600645,True,6.783306002945862e-10,1.5709107794228387e-12,0.6740740125577828,1.1169159844249115e-09,,1.1169159844249115e-09,1.7787326330689894e-09,3.075979650134328e-09,7.106632633655259e-09,1.3293730999987711e-08,2.3329382936073566e-08,4.018862470454132e-08,6.775956353801032e-08,1.1169159844315624e-09,1.7787326330781744e-09,3.075979650148402e-09,7.106632633683273e-09,1.3293731000036796e-08,2.3329382936161916e-08,4.018862470471544e-08,6.775956353836845e-08
152,anti,kitaev,90,1.478579154143735,,,0.2313159258887081,0.9287979718385388,5.15899470957741e-06,0.22637561897912886,-1,True,False,True,3.950398407365146,3.0829501319081363,85.91704986809188,5.15899501046225e-06,3.008848400805537e-13,5.83223781024579e-08,True,8.460671581017453e-13,1.1407352475531374e-08,1.0,0.9999999935981263,6.401873710022785e-09,2.727364021212022,2.7273640212103305,2.727345461024746,1.8560185584437505e-05,1.8560187275973306e-05,2.1139496343952142e-08,2.113944550092124e-08,False,5.084303090126193e-14,2.6541047643059397e-12,1.5314254811894797e-08,3.242282806770398e-10,-0.013121491396878621,3.242282806770398e-10,1.5510775896460411e-10,8.28089829078605e-11,3.383265910998854e-11,1.7016984133634053e-11,8.555373105392e-12,3.441354023268907e-12,4.468783056759603e-16,3.242282786013713e-10,1.5510775798726106e-10,8.280898239514525e-11,3.3832658913750535e-11,1.701698404563193e-11,8.555373067668775e-12,3.441354009513933e-12,4.468811974661845e-16
153,node,kitaev,82,1.8394336746257944,,,0.29165053618171044,0.9743863798371339,8.061422405011146e-11,0.29118077744896104,-1,True,False,True,3.2658833253564663,2.416239959155235,78.58376004084474,8.061432371335305e-11,9.966324159546638e-17,1.23629846680052e-06,False,3.160091007813249e-16,4.07852873971221e-11,0.9999999999999996,0.9999999999951108,3.505925212831245e-12,3.0280402130044246,3.0280402130044246,3.0310551288740073,0.0030149158695826905,0.0030149158695826905,-9.323823065757929e-05,9.323820236349736e-05,True,2.82940819347011e-11,3.665296092440645e-12,0.6747956188284039,1.5710931691832545e-10,,1.5710931691832545e-10,2.4908871208184404e-10,4.3122399573862777e-10,9.9386157887632e-10,1.8476796708829106e-09,3.1989710757179494e-09,5.365596497513876e-09,8.693367656155964e-09,1.5710931691755731e-10,2.4908871208093807e-10,4.3122399573743586e-10,9.938615788744315e-10,1.8476796708797382e-09,3.1989710757117448e-09,5.365596497500125e-09,8.693367656125485e-09
153,anti,kitaev,82,1.8758671741508628,,,0.29165053618171044,0.9743863798371339,2.1628661638116594e-06,0.2914584977634164,-1,True,False,True,3.266008509497694,2.4159770815061017,78.5840229184939,2.1628659617765007e-06,2.0203515874105365e-13,9.341084627492777e-08,False,4.636559437929292e-13,4.738277837660793e-09,1.0,1.0000000026557363,2.6557363115306494e-09,3.0659002723795665,3.06590027237952,3.057449243061896,0.00845102931762387,0.0084510293176705,7.169595368934138e-09,7.166921102538716e-09,False,2.674266395421668e-12,8.941395442999548e-12,1.234067135016379e-08,5.079683495299605e-11,-0.004017119119219713,5.079683495299605e-11,2.3501918439442542e-11,1.2458917875989338e-11,5.070755537502262e-12,2.541985433141547e-12,1.2719654932318543e-12,5.08951505514258e-13,5.140309775423677e-17,5.079683508789905e-11,2.3501918501585778e-11,1.2458917908835086e-11,5.070755550749826e-12,2.541985439687767e-12,1.271965496443048e-12,5.089515067541026e-13,5.140298302474727e-17
154,node,kitaev,98,2.0636412752841706,,,0.22564439703146646,1.0158043901336575,5.375142209393302e-10,0.22561659248822902,-1,True,False,True,4.446245927831793,3.5573541222971112,93.44264587770289,5.375143837822848e-10,1.6284295461383638e-16,3.0295562102386987e-07,False,2.0844178045531236e-16,7.921907421990373e-12,0.9999999999999999,0.9999999999954946,3.4067238358957147e-12,3.1098608865950856,3.1098608865950856,3.0787871838848653,0.031073702710220363,0.031073702710220363,-0.00035688037839992024,0.0003568802763443617,True,1.0205555855697518e-10,8.327092120772434e-13,0.6734791474556825,1.929723618203758e-09,,1.929723618203758e-09,3.062415107823597e-09,5.314633026791661e-09,1.2330839627156966e-08,2.3193388707707706e-08,4.117311528201086e-08,7.266451699354823e-08,1.2736360448687027e-07,1.929723618195064e-09,3.0624151078123366e-09,5.314633026774029e-09,1.2330839627121077e-08,2.3193388707645628e-08,4.1173115281902294e-08,7.266451699333876e-08,1.2736360448643638e-07
154,anti,kitaev,98,2.0956637070660182,,,0.22564439703146646,1.0158043901336575,7.274741530222219e-06,0.22553318342915357,-1,True,False,True,4.446202125504256,3.557436535529334,93.44256346447071,7.274741714381657e-06,1.8415943852615347e-13,2.5314911569171313e-08,False,5.069770330834118e-13,1.5232152763260152e-09,0.9999999999999998,0.9999999990061559,9.938441072783637e-10,3.078131101722777,3.07813110172237,3.0710926173472974,0.007038484375072596,0.007038484375479381,-2.386346309548435e-08,-2.3866981270693378e-08,False,3.5181752090296178e-12,1.4860349729400787e-12,9.42006693002182e-09,6.168603761370259e-10,-0.01749567383701945,6.168603761370259e-10,2.852993632494185e-10,1.512323074496647e-10,6.15482249381589e-11,3.0852994843356e-11,1.543760301025855e-11,6.17685392015553e-12,5.694648709094163e-16,6.168603755239629e-10,2.852993629664871e-10,1.512323072998559e-10,6.154822487739402e-11,3.085299481307423e-11,1.543760299524642e-11,6.176853914253572e-12,5.694651293910628e-16
155,node,kitaev,56,1.0668323456989497,,,0.19318279308167496,0.8183587939259473,3.390382125331688e-08,0.180918749438904,-1,True,False,True,4.168761680364442,3.311410997150701,51.688589002849305,3.390382001433925e-08,1.238977630966196e-15,3.654389343634781e-08,True,4.081138290298953e-15,4.2993384591989227e-13,1.0,1.0000000000000213,7.865095550823945e-15,2.4250862572394407,2.42508625723944,2.425096275229842,1.0017990402122479e-05,1.00179904012343e-05,-0.01586114624292085,0.015861060352186204,True,8.589073464612684e-08,1.0625429623482776e-14,0.6785714118508679,6.620420166798997e-06,,6.620420166798997e-06,1.0574110752779417e-05,1.8071004636324765e-05,4.072387558173143e-05,7.309904768902702e-05,0.00011834078335066527,0.00017810548185304592,0.00025157596013932224,6.620420166799138e-06,1.0574110752779376e-05,1.8071004636324477e-05,4.072387558173055e-05,7.30990476890255e-05,0.00011834078335066329,0.00017810548185304408,0.00025157596013932154
155,anti,kitaev,56,1.1091461450936961,,,0.19318279308167496,0.8183587939259473,0.00042763560923911813,0.1827502117650732,-1,True,False,True,4.166707210247948,3.3079989289958207,51.69200107100416,0.0004276355981524806,1.1086637521657422e-11,2.5925431096310274e-08,True,3.812487843817802e-11,7.674819106233647e-09,0.9999999999999996,1.000000005098894,5.098893913613167e-09,2.480406504721632,2.480406478577432,2.480279422594999,0.00012705598243289984,0.00012708212663303797,1.3232048729551222e-06,1.323212714529273e-06,False,7.841574150868838e-12,2.3784668809323824e-14,1.8199056141714082e-08,1.7179767869929398e-06,-0.5878915184436224,1.7179767869929398e-06,8.67531431519902e-07,4.689625212293619e-07,1.93132475906742e-07,9.777008807223767e-08,4.9409241554614387e-08,1.991301430908173e-08,1.7508711358121408e-12,1.7179767957527212e-06,8.675314358313797e-07,4.689625234778696e-07,1.931324767176591e-07,9.777008841097469e-08,4.940924170384736e-08,1.9913014373333757e-08,1.7508582364004365e-12
156,node,kitaev,91,1.8843621583956394,,,0.3082580083373122,0.911509959353932,6.987500385774385e-12,0.30809936347616124,-1,True,False,True,2.8723347296292188,2.0417085447868324,87.95829145521316,6.987493107922379e-12,7.27785200582162e-18,1.041553002363814e-06,False,1.7726317452814486e-16,5.544792450183067e-10,1.0,1.0000000001871163,1.3643522063432824e-10,3.0732987723689096,3.0732987723689096,3.1027761595049212,0.029477387136011668,0.029477387136011668,-4.830042246530487e-06,4.8300387169726706e-06,True,3.5295578165020817e-12,6.117339592624248e-11,0.6739972314949406,3.8036658183925135e-13,,3.8036658183925135e-13,6.033888887470476e-13,1.0461500634051339e-12,2.420903735926449e-12,4.532788655969449e-12,7.96741055541801e-12,1.3768856173265455e-11,2.332930810326928e-11,3.803665819104241e-13,6.033888888296252e-13,1.0461500635188492e-12,2.4209037361327646e-12,4.5327886563251886e-12,7.967410556081865e-12,1.3768856174682713e-11,2.332930810645222e-11
156,anti,kitaev,91,1.9150043896243742,,,0.3082580083373122,0.911509959353932,9.421142210822224e-08,0.3078546044761605,-1,True,False,True,2.872221848152873,2.041948470787876,87.95805152921216,9.421142443561979e-08,2.327397551072994e-15,2.4703984920209287e-08,False,5.598135453697799e-15,2.100605673474551e-09,1.0,0.9999999992555978,7.444021624344509e-10,3.039159117337931,3.039159117337931,3.0365676060576576,0.002591511280273462,0.002591511280273462,-3.812729619128124e-10,-3.782901764359553e-10,False,2.9827854768570838e-12,9.436007501112105e-11,1.300576896753336e-08,1.2282721060225082e-13,-0.00024745859580327546,1.2282721060225082e-13,5.688287509799967e-14,3.0161034606408855e-14,1.2276801091438342e-14,6.1549317118591484e-15,3.0802089092180142e-15,1.2326658179582786e-15,1.4536907148575888e-19,1.2282721051081798e-13,5.688287505637118e-14,3.016103458478596e-14,1.2276801083213072e-14,6.154931708171856e-15,3.080208907668082e-15,1.2326658175067135e-15,1.4536946846389231e-19
157,node,kitaev,74,1.162275220935715,,,0.3288725690974774,1.0019717009409552,9.035881687239866e-11,0.29758110199835486,-1,True,False,True,2.948190556796252,2.163894247618174,70.83610575238184,9.035891103108822e-11,9.415868956245058e-17,1.0420531479005304e-06,True,7.727050085565962e-17,1.8770414195759914e-11,0.9999999999999993,1.0000000000028428,3.907433618894975e-12,2.2619476947750314,2.261947694775031,2.2619466847397076,1.010035323378844e-06,1.0100353238229332e-06,0.00010265952797059523,0.0001026597492237528,True,2.2125315757303993e-10,1.890821432233548e-12,0.6756756789272298,2.1077957264857397e-10,,2.1077957264857397e-10,3.3947153687060183e-10,5.810427660132517e-10,1.326377077350473e-09,2.4441666996799204e-09,4.162100686241199e-09,6.77688825069967e-09,1.0538978683145425e-08,2.1077957264917319e-10,3.3947153687177756e-10,5.810427660151752e-10,1.326377077354107e-09,2.4441666996860986e-09,4.1621006862523485e-09,6.776888250721212e-09,1.0538978683186605e-08
157,anti,kitaev,74,1.200051941846884,,,0.3288725690974774,1.0019717009409552,2.4703684729850973e-06,0.30045360834253665,-1,True,False,True,2.9498943220859233,2.160218057208904,70.83978194279108,2.4703682505208333e-06,2.2246426401061666e-13,9.005306958997881e-08,True,5.066451311803368e-13,1.8790811150545924e-08,1.0,1.0000000084233085,8.423308455103488e-09,2.3039836852915343,2.303983685290728,2.3039461679183186,3.75173724092015e-05,3.7517373215667504e-05,-3.704852242922999e-09,-3.7135567545667078e-09,False,8.704511643708598e-12,3.752029721896816e-12,3.003840716555115e-09,6.174946009477961e-11,-0.004259218073765328,6.174946009477961e-11,3.289371693545764e-11,1.8009482784345603e-11,7.465494219536976e-12,3.799608540924967e-12,1.9374891686171323e-12,7.894686354194145e-13,1.372593014189246e-17,6.174946061491436e-11,3.2893717194685994e-11,1.8009482911293888e-11,7.465494251143076e-12,3.799608542335519e-12,1.937489162923429e-12,7.894686342529406e-13,1.372672089206962e-17
158,node,kitaev,74,1.5576583394664827,,,0.15879648379045178,1.2700203521044062,2.0848272609359816e-07,0.14640125696200443,-1,True,False,True,7.931494980210253,7.033773059099785,65.96622694090023,2.0848274610929312e-07,2.0015694957787786e-14,9.600649095888048e-08,True,7.741500460467139e-14,1.4101062460257736e-12,0.9999999999999996,0.9999999999997784,1.821660564578737e-13,2.3457204431410736,2.34572044314107,2.3457213338780694,8.907369992705583e-07,8.907369957178446e-07,-0.08612914347982051,0.08612873842472465,True,4.050550958534238e-07,2.361304967262963e-15,0.6756756727608749,0.00014836458777138091,,0.00014836458777138091,0.0002381770471098663,0.00040843973255311536,0.0009333422692874572,0.0017202441011706007,0.002929528324915013,0.004770082960188214,0.007418229356567508,0.00014836458777134804,0.000238177047109825,0.00040843973255305497,0.0009333422692873333,0.0017202441011703764,0.002929528324914609,0.004770082960187468,0.007418229356566157
158,anti,kitaev,74,1.6069827186737795,,,0.15879648379045178,1.2700203521044062,0.002708316714157115,0.14765869227863337,-1,True,False,True,7.824139091320703,6.99225778195957,66.00774221804046,0.002708316702949267,1.1207848017724675e-11,4.13830773895024e-09,True,4.284418551013017e-11,1.6192140161631889e-09,1.0,1.000000001278411,1.2784108838422348e-09,2.387749818102346,2.3877492978681634,2.3876083736045586,0.00014092426360479138,0.00014144449778763502,1.3518178803824735e-06,1.3518508469763377e-06,False,3.2966593864268995e-11,2.365156260332185e-15,7.303537126175578e-10,3.3812042956341217e-05,-2.7450611747837326,3.3812042956341217e-05,1.7508624662002424e-05,9.511583331190847e-06,3.91781224779109e-06,1.9818157209343236e-06,1.00277749258065e-06,4.05380752523654e-07,1.8274115817245614e-12,3.38120429995669e-05,1.7508624684181305e-05,9.511583343065573e-06,3.917812252384992e-06,1.9818157230179814e-06,1.002777493527026e-06,4.053807529241873e-07,1.827401416924731e-12
159,node,kitaev,64,1.9768106887727905,,,0.32084285613070385,1.3371471702094475,7.814524605182037e-09,0.30957972475261225,-1,True,False,True,4.103297659315912,3.2363404677855376,59.76365953221445,7.814524737344961e-09,1.3216292464572536e-16,1.6912471496741377e-08,True,6.482028562193486e-16,5.260309005361343e-13,0.9999999999999998,1.0000000000003277,3.346331772680653e-13,2.609937537813826,2.609937537813826,2.6099737976678496,3.625985402377907e-05,3.625985402377907e-05,-0.006261282850245966,0.006261274565017336,True,8.28522862990344e-09,1.2106602425667547e-14,0.6770833162651195,9.046999365934018e-07,,9.046999365934018e-07,1.4394879772899744e-06,2.4738299898069956e-06,5.626547688057705e-06,1.024273922680555e-05,1.7009706349118626e-05,2.6572786922389805e-05,3.920366293078424e-05,9.046999365936983e-07,1.4394879772904364e-06,2.4738299898077456e-06,5.6265476880592724e-06,1.0242739226808318e-05,1.700970634912338e-05,2.657278692239786e-05,3.920366293079736e-05
159,anti,kitaev,64,2.039059767343185,,,0.32084285613070385,1.3371471702094475,0.0002482701602959423,0.31159297088786964,-1,True,False,True,4.1034419845865,3.2346281667956265,59.76537183320438,0.0002482701619855428,1.6896004994410019e-12,6.805491636316539e-09,True,3.4228445212998848e-12,1.7398084944944212e-09,1.0,0.9999999988529081,1.1470918187259457e-09,2.6583819130973674,2.6583819108466193,2.6583217788550764,6.013199154297766e-05,6.0134242291010054e-05,3.83368114973338e-07,3.8336696013899213e-07,False,1.1548343458799147e-12,6.433219615281759e-14,9.397053103738047e-09,2.443769970285734e-07,-0.15785264362232448,2.443769970285734e-07,1.1841183848265423e-07,6.340418942158842e-08,2.59598853644037e-08,1.308205590845765e-08,6.585069265935235e-09,2.647753497661215e-09,1.4697111157821723e-13,2.4437699674825057e-07,1.184118383492363e-07,6.340418935161661e-08,2.5959885337811525e-08,1.3082055896470576e-08,6.5850692604585446e-09,2.6477534954264886e-09,1.469713556942963e-13
160,node,kitaev,76,1.810649911705039,,,0.2647103392675975,1.292699905615417,6.5486699483282575e-09,0.25243226098884053,-1,True,False,True,4.82723939960322,3.9447349217001593,71.05526507829983,6.548669173786416e-09,7.745418418629572e-16,1.1827467989292726e-07,True,1.3696298219909875e-15,1.0718138754596217e-12,1.0,1.000000000000091,6.463287144241292e-14,2.5295931711747315,2.5295931711747315,2.5296016191099704,8.447935238908855e-06,8.447935238908855e-06,-0.0058462478058479055,0.005846239182598959,True,8.623248946501572e-09,4.3750250340400134e-14,0.6754385891730191,6.658171515136016e-07,,6.658171515136016e-07,1.0629725916184419e-06,1.8298204540772093e-06,4.194014342252442e-06,7.749148114095078e-06,1.325566157059864e-05,2.175110938607651e-05,3.4178613407381445e-05,6.658171515136623e-07,1.0629725916185122e-06,1.829820454077309e-06,4.1940143422526375e-06,7.749148114095422e-06,1.3255661570599255e-05,2.175110938607768e-05,3.4178613407383654e-05
160,anti,kitaev,76,1.8609576506589538,,,0.2647103392675975,1.292699905615417,0.00018733102395547595,0.2540005989568851,-1,True,False,True,4.827266958568942,3.943224063400011,71.05677593660002,0.00018733102682908838,2.87361242657172e-12,1.5339757216373877e-08,True,6.9043490620920994e-12,4.0860613413638554e-09,1.0,0.9999999975114658,2.4885341616412936e-09,2.5704922285190532,2.5704922268464534,2.570441853498848,5.0373347605603414e-05,5.0375020205439824e-05,-3.290162587857434e-07,-3.2902132895366165e-07,False,5.0701679182680496e-12,1.0071663029576449e-13,7.914853410975049e-09,1.7996093933580957e-07,-0.18237301716853754,1.7996093933580957e-07,8.880333130207669e-08,4.773419014450901e-08,1.9577428565917748e-08,9.880665313729804e-09,4.9880595676331445e-09,2.0136005152197927e-09,1.0825169854535972e-13,1.7996093888797062e-07,8.880333108474438e-08,4.77341900302799e-08,1.9577428523037255e-08,9.880665295115004e-09,4.988059559603733e-09,2.013600511638771e-09,1.0825125416767983e-13
161,node,kitaev,99,1.7652007577387507,,,0.1750905974587681,1.0853024714658337,6.0878679041103595e-09,0.1719943779168458,-1,True,False,True,6.156671820920731,5.241757661839697,92.7582423381603,6.0878681122534745e-09,2.0814311508394476e-16,3.41898211923114e-08,True,1.6402676696316441e-15,4.497277378567471e-13,1.0,1.0000000000002562,2.115475759472056e-13,2.764602678781884,2.764602678781884,2.7646267114502807,2.4032668396678503e-05,2.4032668396678503e-05,0.005009687306586524,0.005009691371477217,True,4.064890693142309e-09,4.3183864518371877e-14,0.6734007004350948,3.7645448853342666e-07,,3.7645448853342666e-07,5.991435885870767e-07,1.038084292679652e-06,2.4072784103122787e-06,4.529915867676036e-06,8.05165065173293e-06,1.4250398095249305e-05,2.509696690977416e-05,3.764544885335231e-07,5.99143588587208e-07,1.0380842926798609e-06,2.4072784103127123e-06,4.5299158676767815e-06,8.051650651734225e-06,1.4250398095251827e-05,2.5096966909779468e-05
161,anti,kitaev,99,1.798668229740714,,,0.1750905974587681,1.0853024714658337,0.00010676839931240426,0.17248793481707433,-1,True,False,True,6.1562865455483085,5.241156470325778,92.75884352967421,0.00010676839354874702,5.763657238110065e-12,5.398280085894711e-08,True,1.9572495427792034e-11,1.356102889696823e-08,1.0,1.0000000087651468,8.765146853660166e-09,2.7960524943411613,2.796052493906164,2.7960307058029574,2.178810320652147e-05,2.1788538203892927e-05,-1.498591608159893e-07,-1.4986709044443637e-07,False,7.929628447058768e-12,1.426019474354336e-13,2.2152587200008674e-09,1.0240164734659372e-07,-0.234894350764228,1.0240164734659372e-07,4.846996226202739e-08,2.5815984064571084e-08,1.053159723682727e-08,5.290001643366729e-09,2.655261196261833e-09,1.0666888853555922e-09,2.2457768080471825e-14,1.0240164824415919e-07,4.8469962684161744e-08,2.58159842880724e-08,1.0531597325922678e-08,5.290001686273115e-09,2.6552612166276995e-09,1.066688893504075e-09,2.245804914404501e-14
162,node,kitaev,73,2.5014446308137575,,,0.3464888952353412,0.9709635821656954,7.358737617050468e-11,0.3313125148475305,-1,True,False,True,2.705573166334302,1.90765925333184,70.09234074666814,7.35874130240357e-11,3.685353101458473e-17,5.008132227624712e-07,True,1.7914031733253152e-16,6.493107876866989e-11,1.0,1.0000000000098384,1.2835720306842907e-11,2.547235444808284,2.5472354448082832,2.547247199277394,1.1754469110947241e-05,1.1754469110059063e-05,4.373501857618209e-05,4.373488766800256e-05,True,1.3090817953297432e-10,7.317760665771218e-12,0.6757990396205749,3.8771999660972824e-11,,3.8771999660972824e-11,6.185197631971857e-11,1.0643589725497895e-10,2.435468648022484e-10,4.4854487400853893e-10,7.622184892007691e-10,1.2363123098632772e-09,1.9127518498589932e-09,3.8771999661354277e-11,6.185197632043429e-11,1.0643589725620953e-10,2.4354686480490324e-10,4.4854487401329837e-10,7.622184892090346e-10,1.2363123098776836e-09,1.9127518498835448e-09
162,anti,kitaev,73,2.5399918783309183,,,0.3464888952353412,0.9709635821656954,1.0730418692546565e-06,0.3290832910785041,-1,True,False,True,2.70439778563243,1.9102028711984447,70.08979712880158,1.0730419709480604e-06,1.0169340387749322e-13,9.477114247939857e-08,True,2.18588386089953e-13,1.7783919782946963e-08,0.9999999999999994,0.9999999914599851,8.540014945955131e-09,2.5048979771715647,2.504897977171453,2.5048756325470785,2.2344624374337485e-05,2.2344624486247966e-05,4.450228385409517e-09,4.439701487814142e-09,False,1.0526897595375008e-11,1.0900281523566415e-11,2.3578595220155035e-08,1.1505985225907113e-11,-0.0017835708993546356,1.1505985225907113e-11,5.772870869640283e-12,3.1159966337173618e-12,1.2817014794211975e-12,6.484129479019508e-13,3.282214685608138e-13,1.3283895565736278e-13,1.9804532682305863e-17,1.1505985127645827e-11,5.772870822777135e-12,3.11599661016383e-12,1.28170147206285e-12,6.484129457628801e-13,3.2822146812702817e-13,1.328389552580826e-13,1.9804211464706152e-17
163,node,kitaev,47,2.1446349139013123,,,0.24848817046347005,1.1468858979337757,4.2733372712437174e-09,0.24800804091513773,-1,True,False,True,4.553678976286609,3.6686780799921546,42.331321920007845,4.273336316667587e-09,9.545761305419598e-16,2.2337954389079587e-07,False,2.0959692035716673e-15,1.1207916746998687e-13,0.9999999999999999,0.999999999999961,1.527870872977461e-14,3.0106930257210878,3.0106930257210878,3.0895242996742347,0.07883127395314693,0.07883127395314693,0.05688453758871169,0.05688455144229288,True,1.3853581191936026e-08,2.3786504581237788e-15,0.6808511101785264,0.00010112032488756169,,0.00010112032488756169,0.00015947875690598722,0.00027319850714533614,0.0006104719511776205,0.001073440148065985,0.0016771742134660636,0.002409022631131751,0.0032358506166815532,0.00010112032488755774,0.00015947875690598391,0.0002731985071453323,0.0006104719511776138,0.0010734401480659733,0.0016771742134660437,0.002409022631131719,0.003235850616681504
163,anti,kitaev,47,2.2191987608505426,,,0.24848817046347005,1.1468858979337757,0.0027014611856968538,0.2483783804242612,-1,True,False,True,4.521979432197437,3.65782873763737,42.34217126236264,0.0027014611036180066,8.2078847191136e-11,3.038313029471249e-08,False,2.0407224392515727e-10,2.872416030044273e-09,1.0,1.000000002819626,2.8196261867404145e-09,3.0761738632456628,3.076173817811327,3.1415925760461585,0.06541875823483156,0.06541871280049572,-4.493129783764572e-06,-4.4931277882326315e-06,False,1.995531940645473e-12,4.979274216553312e-15,1.4040016623509436e-08,3.059373120979396e-05,-1.1992472890934043,3.059373120979396e-05,1.4151115628501901e-05,7.501456212208218e-06,3.053012159164678e-06,1.5304540099308256e-06,7.657783320126818e-07,3.063976856919292e-07,2.018821525375732e-11,3.059373129605684e-05,1.4151115668318143e-05,7.501456233295547e-06,3.053012167730969e-06,1.5304540142196963e-06,7.65778334163702e-07,3.063976865650032e-07,2.0188236203084463e-11
164,node,kitaev,76,1.690493522822474,,,0.21912554929023675,1.0855754203129138,1.4968280624829006e-08,0.21363351964154947,-1,True,False,True,4.9010152237148565,4.009776658926677,70.99022334107333,1.4968283030559188e-08,2.405730181961949e-15,1.607218786352378e-07,True,6.502008910397278e-15,1.6942953686107864e-12,0.9999999999999996,1.0000000000004254,2.4179188837553877e-13,2.6927959066381613,2.692795906638162,2.692832558044972,3.665140680997325e-05,3.665140681086143e-05,0.006451155473267546,0.006451167444951077,True,1.1971683530793975e-08,1.5316730935990775e-14,0.6754386427086713,8.107286511538559e-07,,8.107286511538559e-07,1.2895877942813709e-06,2.2248374530569957e-06,5.105220610798177e-06,9.43473217660742e-06,1.6140033870812352e-05,2.6484728152118414e-05,4.1617406940269796e-05,8.107286511542009e-07,1.2895877942817332e-06,2.2248374530575107e-06,5.105220610799215e-06,9.434732176609243e-06,1.614003387081551e-05,2.6484728152124072e-05,4.161740694027986e-05
164,anti,kitaev,76,1.7336217980548527,,,0.21912554929023675,1.0855754203129138,0.00017720448812678035,0.2145903932024147,-1,True,False,True,4.900688437250866,4.008682905992074,70.99131709400794,0.00017720448966663215,1.539851796419911e-12,8.689688464990962e-09,True,4.3685336810494605e-12,2.2164515565525044e-09,0.9999999999999998,0.9999999985218117,1.478188348949499e-09,2.733662772415401,2.7336627709792127,2.733621357762049,4.141321716355506e-05,4.141465335161243e-05,-2.167202924187641e-07,-2.1672831240705963e-07,False,8.019988295542128e-12,9.079967292032432e-14,2.8246830690632168e-09,2.1878414040628834e-07,-0.23474939094781322,2.1878414040628834e-07,1.045614193928421e-07,5.581164961996796e-08,2.2802125703406326e-08,1.1469901375752502e-08,5.765276628578904e-09,2.3172778231025947e-09,4.69676851460714e-14,2.1878414008288417e-07,1.0456141923997255e-07,5.581164953929747e-08,2.2802125671805837e-08,1.14699013608943e-08,5.7652766215860394e-09,2.3172778201879775e-09,4.6967556269851076e-14
165,node,kitaev,55,1.6568497427554687,,,0.29335222045199905,1.1419364874112268,3.5046988881435646e-08,0.2818873341144564,-1,True,False,True,3.823229363118665,2.9673786390091075,51.032621360990916,3.504698632502146e-08,2.556414183448549e-15,7.294247708688831e-08,True,6.372698742759075e-15,1.192102342535102e-12,1.0,1.0000000000001945,8.762872894358092e-14,2.580590921908993,2.5805909219089926,2.580644211857242,5.3289948249268804e-05,5.3289948248824714e-05,-0.010581717671704304,0.010581668699613078,True,4.897209122597945e-08,3.3565862701994215e-14,0.6787878272668363,2.9992702870329484e-06,,2.9992702870329484e-06,4.7685696696327865e-06,8.167472049383984e-06,1.84108279144885e-05,3.298956645526135e-05,5.322192148989476e-05,7.970896031343789e-05,0.0001119727488836591,2.9992702870335316e-06,4.768569669633262e-06,8.167472049384468e-06,1.8410827914489212e-05,3.2989566455262605e-05,5.322192148989738e-05,7.970896031344322e-05,0.00011197274888366891
165,anti,kitaev,55,1.718318069582963,,,0.29335222045199905,1.1419364874112268,0.0004143131621758188,0.28409511062175025,-1,True,False,True,3.822745140649392,2.9649604789505477,51.03503952104945,0.00041431316955404016,7.378221352025843e-12,1.7808319951213148e-08,True,1.6656637532400873e-11,4.77431914277332e-09,0.9999999999999997,0.9999999966816104,3.3183895217738306e-09,2.636855724338603,2.6368557152981356,2.636764575408414,9.11398897214255e-05,9.114893018891124e-05,-9.507177320057145e-07,-9.507197871842786e-07,False,2.055178564117363e-12,4.567177827139626e-14,2.068534248295363e-08,7.944705129818776e-07,-0.2701509182247446,7.944705129818776e-07,3.8673236144072523e-07,2.0732075460329354e-07,8.497486630775837e-08,4.285873947028782e-08,2.158193122166942e-08,8.678118853282291e-09,9.038642059500632e-13,7.944705103455149e-07,3.867323601839844e-07,2.0732075394558572e-07,8.497486605922517e-08,4.285873935725587e-08,2.1581931167258582e-08,8.67811882802142e-09,9.038609658859592e-13
166,node,kitaev,42,2.3234620032946722,,,0.24954989952414802,1.2055222847451543,7.476540921828838e-08,0.2493834798983376,-1,True,False,True,4.753370677258836,3.8770008942912937,37.12299910570872,7.47654184175284e-08,9.199240022473107e-15,1.2304139198402032e-07,False,2.1341469842433776e-14,1.0177754162993915e-13,1.0,1.0000000000001188,1.2177612544011202e-14,3.06853296297615,3.0685329629761497,2.993241155982252,0.07529180699389793,0.07529180699389837,0.10336289953086764,0.10336291203965921,True,1.2508791571996802e-08,1.0839393363425335e-15,0.6825409368069214,0.00037269311742711654,,0.00037269311742711654,0.0005867679472379703,0.0010023823144579536,0.002220271732097717,0.0038434461843026126,0.005862985686075541,0.008185132021440084,0.010683888999428232,0.00037269311742716077,0.0005867679472379954,0.0010023823144579733,0.0022202717320977403,0.003843446184302648,0.0058629856860755985,0.008185132021440172,0.010683888999428362
166,anti,kitaev,42,2.4110488810318627,,,0.24954989952414802,1.2055222847451543,0.005769752110686376,0.24954989956139384,-1,True,False,True,4.666959096741948,3.8428806083847014,37.15711939161531,0.005769752277751451,1.6706507444813612e-10,2.8955329664633004e-08,False,4.0894734062871373e-10,1.3165365046187871e-09,1.0,1.0000000013204524,1.1122469397815295e-10,3.1415890577846817,3.141589057774386,2.9975318579683026,0.14405719980608334,0.1440571998163791,-8.017295564193213e-06,-8.01729971473819e-06,False,4.150544977629396e-12,1.4545083913224602e-11,0.7353421630638375,2.081215397864481e-12,-1.859293588612511,2.081215397864481e-12,3.4556398555676044e-12,5.990693017611508e-12,1.3339705481467452e-11,2.311153500947192e-11,3.526509026672772e-11,4.9239327719565276e-11,6.427702816363217e-11,2.081215400612627e-12,3.45563985713696e-12,5.9906930190028545e-12,1.3339705483594637e-11,2.311153501282281e-11,3.5265090271441186e-11,4.923932772557907e-11,6.427702817078136e-11
167,node,kitaev,97,2.514450171674654,,,0.23817831126365924,1.085091449078508,6.168362254650856e-10,0.23513590581330035,-1,True,False,True,4.499537554659998,3.6135028417469957,92.38649715825301,6.168367896267415e-10,5.641616558966467e-16,9.14605259234373e-07,True,4.465142700083098e-16,7.82206757922259e-12,1.0,1.0000000000009726,7.772734653261644e-13,2.8210232773281874,2.8210232773281874,2.821070074421417,4.679709322985559e-05,4.679709322985559e-05,-0.0004447352420125816,0.0004447355575508967,True,3.1553831509462116e-10,4.543961560190958e-13,0.6735396092700172,3.027388912505008e-09,,3.027388912505008e-09,4.813795266995454e-09,8.342535541495624e-09,1.9337428889791826e-08,3.634611824830721e-08,6.443433132629423e-08,1.1338739743613505e-07,1.977894354879896e-07,3.027388912507952e-09,4.8137952669990085e-09,8.34253554150072e-09,1.93374288898028e-08,3.634611824832789e-08,6.443433132633211e-08,1.1338739743620928e-07,1.9778943548814333e-07
167,anti,kitaev,97,2.5485000714983745,,,0.23817831126365924,1.085091449078508,9.637950156022373e-06,0.234490543886142,-1,True,False,True,4.499236799919057,3.6141086577719332,92.38589134222808,9.63795087649385e-06,7.204714780908962e-13,7.475360075821747e-08,True,1.902534244861791e-12,1.4877860807277057e-08,1.0,0.9999999912238478,8.77615229015351e-09,2.7890000710843603,2.7890000710807374,2.788980164055522,1.990702521537102e-05,1.9907028838250795e-05,-2.205854114143166e-08,-2.206020197244307e-08,False,1.6608310114081572e-12,2.1543007337921886e-12,5.74990946712846e-09,8.724103962789992e-10,-0.020512283768654275,8.724103962789992e-10,4.1338566074388364e-10,2.2023852128294894e-10,8.98705861813299e-11,4.5153613030300206e-11,2.2670129030591977e-11,9.107825614382131e-12,4.865792372882195e-16,8.724103886225927e-10,4.1338565715479426e-10,2.202385193909654e-10,8.987058543914693e-11,4.5153612682614326e-11,2.267012887234832e-11,9.107825554370127e-12,4.865845097536893e-16
168,node,kitaev,91,2.4063465463359877,,,0.19725414583094908,1.245565839911625,2.157052106101102e-08,0.19722877957136684,-1,True,False,True,6.274578647927179,5.354164119066462,84.64583588093362,2.1570521162915076e-08,1.0190405565104966e-16,4.724227818271969e-09,False,1.1606171063052171e-15,7.514680140357417e-13,0.9999999999999998,0.9999999999998482,9.533907915399574e-14,3.0732954059723925,3.0732954059723925,3.102753759607406,0.0294583536350137,0.0294583536350137,-0.00990373957994134,0.009903731731377874,True,7.848563465806535e-09,2.1653960239238157e-14,0.6739893639272366,1.5992044463020254e-06,,1.5992044463020254e-06,2.5368532938918983e-06,4.398362372297406e-06,1.017827486578046e-05,1.9057330636375172e-05,3.3497606742070595e-05,5.7888785425478574e-05,9.808405766729663e-05,1.5992044463017827e-06,2.5368532938916145e-06,4.398362372296966e-06,1.017827486577954e-05,1.905733063637358e-05,3.3497606742067864e-05,5.7888785425473614e-05,9.808405766728728e-05
168,anti,kitaev,91,2.448739578362049,,,0.19725414583094908,1.245565839911625,0.0002672877997852182,0.19725680276250057,-1,True,False,True,6.272461125689285,5.353606672213798,84.64639332778621,0.0002672877887406759,1.10445422881085e-11,4.132078717017182e-08,False,3.271279325310911e-11,2.33618262911636e-09,1.0,1.0000000015822987,1.582298774861607e-09,3.107449382636551,3.10744938243994,3.141592565373981,0.03414318293404106,0.03414318273743033,-2.238721311620894e-07,-2.23873746147199e-07,False,1.6149851095928848e-12,5.242169668828283e-14,1.0759314736315179e-09,5.118869560305287e-07,-0.3668398062508431,5.118869560305287e-07,2.366100017746542e-07,1.2540778867249316e-07,5.103507107647075e-08,2.5581718968659182e-08,1.2799238781819493e-08,5.120811400581514e-09,5.0118731111112844e-14,5.118869568404868e-07,2.366100021486997e-07,1.2540778887067716e-07,5.103507115705741e-08,2.5581719009003603e-08,1.2799238801983431e-08,5.120811408674141e-09,5.0118798770903144e-14
169,node,kitaev,89,1.5877897133842236,,,0.34292977542508085,0.9574712104239664,5.467419457209478e-12,0.3377216203535524,-1,True,False,True,2.6999829856420385,1.886957358874015,86.11304264112599,5.359351846687095e-12,1.0806761052238301e-13,0.019765743486149085,True,2.2618982353863782e-13,1.3661823755910352e-07,0.9999999999999726,1.0000000417676522,1.3854016412646706e-08,2.792524697340385,2.7925246973403848,2.792574236313288,4.9538972903384604e-05,4.9538972902940515e-05,-2.7987322704555974e-06,2.798724540429938e-06,True,7.730025659469269e-12,8.029234642374573e-11,0.6741570329981857,1.3054842438495598e-13,,1.3054842438495598e-13,2.0754981209436651e-13,3.5922446501159076e-13,8.300100981202626e-13,1.5516289280938264e-12,2.7187779500540397e-12,4.6686429117746965e-12,7.832902321689542e-12,1.3054842983765717e-13,2.0754981626403234e-13,3.592244695522602e-13,8.300101058752301e-13,1.5516289418117992e-12,2.7187779755270428e-12,4.668642963456224e-12,7.8329024302067e-12
169,anti,kitaev,89,1.6202558691694715,,,0.34292977542508085,0.9574712104239664,5.785402213818778e-08,0.3387428425518941,-1,True,False,True,2.70046715847809,1.8859171514464825,86.11408284855352,5.7854019242282326e-08,2.8959054519292155e-15,5.00553867285523e-08,True,6.2878956854026435e-15,6.713578543219928e-09,0.9999999999999999,1.0000000034583336,3.4583336462494757e-09,2.827469724142554,2.827469724142554,2.827410104408461,5.961973409318588e-05,5.961973409318588e-05,2.4912781702080496e-11,2.21983699616529e-11,False,2.7144117404275963e-12,1.293208865447959e-10,1.74165670034901e-10,4.0039798527481807e-14,-0.00013524907320809233,4.0039798527481807e-14,1.887809731879911e-14,1.0047900463349585e-14,4.098659198164317e-15,2.0586403877706706e-15,1.0329268893089383e-15,4.146048407900937e-16,6.206466921353434e-22,4.003979866595279e-14,1.8878097382271518e-14,1.0047900495931729e-14,4.0986592097937756e-15,2.0586403923749432e-15,1.0329268909419143e-15,4.1460484142292254e-16,6.205980728994936e-22
170,node,kitaev,93,2.094798909463718,,,0.3374972790200559,0.9260381064366217,1.7696403737271992e-12,0.33448612373601794,-1,True,False,True,2.6512441420316897,1.8381364385798742,90.16186356142012,1.7215500101873782e-12,4.809036353982102e-14,0.02717521834028547,True,1.0177544347893749e-13,1.3923206250376686e-07,0.9999999999999727,0.9999999474875725,1.3486348824750375e-08,2.874224910775517,2.874224910775517,2.874328230435724,0.00010331966020693528,0.00010331966020693528,-1.0629637471065825e-06,1.0629532046592634e-06,True,1.0542447319071034e-11,5.381720991238413e-10,0.6738356043879634,1.8030177519786168e-14,,1.8030177519786168e-14,2.864394110192583e-14,4.9635208067640665e-14,1.1490455409593053e-13,2.154232444642021e-13,3.7977635480524666e-13,6.603809558662695e-13,1.1298919276628673e-12,1.8030176572977778e-14,2.8643940439165135e-14,4.963520738910721e-14,1.1490455297547564e-13,2.1542324249055485e-13,3.797763511746066e-13,6.603809485951233e-13,1.1298919124247506e-12
170,anti,kitaev,93,2.124895557527982,,,0.3374972790200559,0.9260381064366217,2.036370620488761e-08,0.3336944519577188,-1,True,False,True,2.6508458582319303,1.8389937274583628,90.16100627254163,2.036370863703611e-08,2.4321485010033776e-15,1.194354542602674e-07,True,4.9937979575959704e-15,1.3212512105560084e-08,1.0,0.9999999925585404,7.441459569382432e-09,2.84083442348501,2.84083442348501,2.8407737162775244,6.070720748541092e-05,6.070720748541092e-05,2.935162147634605e-11,2.824757801176402e-11,False,1.1040434645820287e-12,1.8366386625716981e-09,1.6621349277979215e-09,5.573332735025735e-15,-5.5459043572339535e-05,5.573332735025735e-15,2.6233074546443126e-15,1.3957445137328415e-15,5.692090044259746e-16,2.858390724935111e-16,1.433909285092013e-16,5.755382213408785e-17,8.615176832907556e-22,5.5733326935520045e-15,2.6233074353452687e-15,1.3957445034904883e-15,5.692090002462874e-16,2.8583907039061e-16,1.4339092746017522e-16,5.755382172822579e-17,8.61522095840087e-22
171,node,kitaev,93,2.240568834998165,,,0.3022847145543712,1.1586707589644727,4.353553225947497e-11,0.302161810739644,-1,True,False,True,3.7677529777560794,2.8984101219328178,89.1015898780672,4.353508912277917e-11,4.4313669580044783e-16,1.0178736144979706e-05,False,1.8393985777386977e-16,3.614453874637934e-11,1.0,1.0000000000072473,8.617158912611359e-12,3.0747499119197834,3.074749911919783,3.1033850877087126,0.0286351757889296,0.028635175788929157,-0.00010997651368102804,0.00010997645476764778,True,5.891338026415508e-11,4.9653685276271606e-12,0.6738342076476382,1.9300292609493053e-10,,1.9300292609493053e-10,3.062074486020661e-10,5.310445086140129e-10,1.2298558285419301e-09,2.3059027673366983e-09,4.06523423502975e-09,7.0689623880869174e-09,1.209483356143335e-08,1.930029260963293e-10,3.0620744860484056e-10,5.310445086193458e-10,1.2298558285543966e-09,2.3059027673590826e-09,4.065234235067585e-09,7.068962388150338e-09,1.2094833561537574e-08
171,anti,kitaev,93,2.278955965709979,,,0.3022847145543712,1.1586707589644727,2.687624417586612e-06,0.30225394934174127,-1,True,False,True,3.767804566011576,2.898302553653821,89.10169744634618,2.687624665985156e-06,2.483985438773452e-13,9.242308644464467e-08,False,5.299513138841774e-13,2.387712087811826e-09,0.9999999999999998,0.9999999991977224,8.022776220972421e-10,3.108176636621008,3.108176636620986,3.1415925672723715,0.033415930651385484,0.03341593065136328,-7.898302292653635e-09,-7.900582681445793e-09,False,2.2803887921583107e-12,7.137928596821607e-12,1.0523178964424876e-08,6.37437483840861e-11,-0.004498046959486338,6.37437483840861e-11,2.9463873702716304e-11,1.5616378400928526e-11,6.355148067378604e-12,3.1855912032379204e-12,1.5938722394285074e-12,6.377306812674474e-13,6.238317910608207e-17,6.374374833294592e-11,2.9463873679135743e-11,1.561637838844571e-11,6.355148062314809e-12,3.1855912007102443e-12,1.5938722381652722e-12,6.377306807465953e-13,6.238313549864312e-17
172,node,kitaev,97,1.4205161359278027,,,0.2356842365773733,1.3169564918347145,4.525784077896031e-09,0.2089776484224911,-1,True,False,True,5.531221360223404,4.656644902847347,91.34335509715268,4.525784501333923e-09,4.2343789229613824e-16,9.356122276451777e-08,True,1.5051623233857839e-15,1.379161648254423e-12,1.0,0.9999999999999405,1.8253829858249662e-14,2.1798820632327573,2.1798820632327573,2.179881405472544,6.577602134072436e-07,6.577602134072436e-07,0.0026905152118274905,0.0026905239254126365,True,8.713585145959934e-09,1.0550051082690714e-13,0.6735395186417144,1.1079906287532775e-07,,1.1079906287532775e-07,1.7938773362720214e-07,3.075422031856711e-07,7.088031884284313e-07,1.33086390704357e-06,2.3586348854646573e-06,4.150101714090134e-06,7.238872105075122e-06,1.1079906287532116e-07,1.7938773362720275e-07,3.075422031856863e-07,7.08803188428488e-07,1.3308639070436697e-06,2.3586348854647894e-06,4.150101714090249e-06,7.2388721050750405e-06
172,anti,kitaev,97,1.4580707492387006,,,0.2356842365773733,1.3169564918347145,6.437054932812615e-05,0.21069157125903296,-1,True,False,True,5.531938468319638,4.654776995996102,91.34522300400391,6.437054893117712e-05,3.9694903451476665e-13,6.166624934196782e-09,True,1.1209549327235772e-12,1.6116111594137674e-09,1.0,1.0000000008479717,8.479715997705438e-10,2.2120416784795887,2.212041678105569,2.2119911124714973,5.0565634071908505e-05,5.056600809139056e-05,-2.195505512237703e-07,-2.1955700332896425e-07,False,6.452105193953466e-12,1.3611065288465616e-13,1.6223053404866555e-08,3.0631250823381536e-08,-0.11236781041628101,3.0631250823381536e-08,1.6837110976524756e-08,9.279838809391631e-09,3.849814041581745e-09,1.958775516891799e-09,1.0018696876510784e-09,4.117499612502984e-10,4.820244454266561e-14,3.0631250849355967e-08,1.6837110990444148e-08,9.279838816704166e-09,3.849814044000597e-09,1.958775517589948e-09,1.001869687684594e-09,4.1174996126440117e-10,4.820251835155884e-14
173,node,kitaev,56,2.637625601750882,,,0.16535289183249258,1.1071511479593583,3.9283930983402765e-07,0.16228691516460947,-1,True,False,True,6.608511616857195,5.724586361256026,49.27541363874396,3.928393015516107e-07,8.28241696020009e-15,2.1083472943935686e-08,True,3.02174542224024e-14,3.4553144127653713e-13,1.0,1.0000000000000768,2.5961909667481624e-14,2.7557800187002366,2.7557800187002304,2.7560197837155695,0.00023976501533917727,0.00023976501533296002,0.12041391522602223,0.12041350697039649,True,4.082556257362091e-07,1.4381255749509464e-15,0.6785713686896737,0.0003815661120946099,,0.0003815661120946099,0.0006046277712581523,0.001038165480756301,0.0023453857109853654,0.004211945307421189,0.006819785210878719,0.010264620328161084,0.01449951098005967,0.0003815661120946392,0.0006046277712581752,0.0010381654807563273,0.0023453857109854135,0.004211945307421275,0.0068197852108788665,0.01026462032816133,0.014499510980060047
173,anti,kitaev,56,2.697031298624663,,,0.16535289183249258,1.1071511479593583,0.004558067883515969,0.16137094904829288,-1,True,False,True,6.456420988570021,5.662561390543772,49.33743860945622,0.004558067820654299,6.286166986252395e-11,1.3791297424476746e-08,True,2.2486767734138937e-10,5.5424467689645865e-09,1.0,1.0000000049984494,4.998449425456218e-09,2.700802001643437,2.700801004973693,2.7006645753357628,0.0001364296379300356,0.00013742630767410446,-7.931872508840922e-06,-7.93188518338761e-06,False,1.267454668779297e-11,1.3375753506313484e-15,1.3468541660122161e-08,8.341474935253965e-05,-3.1983606961489937,8.341474935253965e-05,4.009631338294503e-05,2.1428485617563718e-05,8.75974040860853e-06,4.406059772958909e-06,2.2120095513164987e-06,8.871401083409641e-07,6.291460149650803e-11,8.341474976948406e-05,4.009631358189956e-05,2.1428485723143583e-05,8.759740450716854e-06,4.406059793457326e-06,2.2120095613970594e-06,8.871401124018474e-07,6.291439386003384e-11
174,node,kitaev,98,1.9543028536879794,,,0.2193001763758935,0.8123084834685881,4.654396436524963e-11,0.21466047788137785,-1,True,False,True,3.633813523734097,2.7773845847167484,94.22261541528326,4.654428760602025e-11,3.232407706200328e-16,6.9448482747071035e-06,True,2.0321031338975697e-16,4.112669479982785e-11,1.0,1.0000000000085199,6.248279905712568e-12,2.729061783007138,2.729061783007138,2.7290796382983316,1.7855291193580314e-05,1.7855291193580314e-05,-3.943766065930761e-05,3.943770976171996e-05,True,4.9102412348796254e-11,1.2508975388635117e-11,0.6734694589137764,2.356558960519515e-11,,2.356558960519515e-11,3.752484890872188e-11,6.498550489580568e-11,1.5062131836693266e-10,2.8325514708072314e-10,5.028100465729458e-10,8.873682950905806e-10,1.555329078278699e-09,2.3565589605395925e-11,3.7524848909016716e-11,6.498550489637589e-11,1.5062131836851516e-10,2.832551470839202e-10,5.028100465784992e-10,8.873682950989037e-10,1.5553290782884172e-09
174,anti,kitaev,98,1.9792250195160412,,,0.2193001763758935,0.8123084834685881,6.255873136979368e-07,0.21391825064764539,-1,True,False,True,3.633354893613832,2.7783397437737727,94.22166025622626,6.255873277185691e-07,1.4020632396951488e-14,2.241195128154615e-08,True,4.3403170158068206e-14,4.052680245942769e-09,1.0,0.9999999979371397,2.0628603648633906e-09,2.6973732941280426,2.697373294128008,2.697361827166226,1.1466961781891882e-05,1.146696181653084e-05,3.802571109498652e-09,3.8074559313054315e-09,False,4.884821806779235e-12,1.8789913170446706e-11,2.1078953197066594e-08,6.999702357913494e-12,-0.0024838041604234758,6.999702357913494e-12,3.365772174998938e-12,1.7988871324799889e-12,7.353542490873669e-13,3.7004285702860893e-13,1.862480313810967e-13,7.50981765874603e-14,1.4459547042793882e-17,6.999702343474086e-12,3.365772168189924e-12,1.7988871289229788e-12,7.353542477527487e-13,3.700428564521914e-13,1.8624803114658886e-13,7.509817648844263e-14,1.4459516448784535e-17
175,node,kitaev,89,1.3103061057602994,,,0.2867590028451933,1.1595763409737636,4.397112126375593e-10,0.2577714522580808,-1,True,False,True,3.9680058275827563,3.1344143681978682,84.86558563180209,4.397104205946371e-10,7.920429221870952e-16,1.8012797932445546e-06,True,1.9179661625161899e-16,1.1138245694925506e-11,0.9999999999999997,0.9999999999985623,1.2766474489926426e-12,2.23402279356276,2.234022793562761,2.234022122708722,6.708540389865902e-07,6.708540380984118e-07,0.00031469842021433417,0.0003146992857438104,True,8.65529476215543e-10,5.682635692107128e-13,0.6741573048251827,1.6505849245290644e-09,,1.6505849245290644e-09,2.6646791198588885e-09,4.569803319748595e-09,1.0507874373538102e-08,1.9626153495936357e-08,3.438012719357578e-08,5.9031102437014057e-08,9.903509568539765e-08,1.6505849245266912e-09,2.6646791198553875e-09,4.569803319743057e-09,1.0507874373527398e-08,1.9626153495918513e-08,3.43801271935445e-08,5.903110243695269e-08,9.903509568527121e-08
175,anti,kitaev,89,1.3466748483471611,,,0.2867590028451933,1.1595763409737636,7.290906898699325e-06,0.2598987552837831,-1,True,False,True,3.9691912805099947,3.1319348920352277,84.8680651079648,7.290906959587419e-06,6.08880943575715e-14,8.351237397974969e-09,True,1.4869526335830616e-13,1.8799444775868128e-09,1.0,0.9999999991299615,8.700384809437259e-10,2.2690403574056686,2.269040357400078,2.2690040535096845,3.630389039344095e-05,3.6303895984080015e-05,-2.096763601439597e-08,-2.0965566344574817e-08,False,2.0696698211521286e-12,2.3735774190313e-12,1.0370491769849445e-08,4.76331804331901e-10,-0.01356838797727311,4.76331804331901e-10,2.5659282392549777e-10,1.4078514079437455e-10,5.834711083666029e-11,2.968400844587782e-11,1.516372303182858e-11,6.211671858262754e-12,4.396417600321752e-16,4.76331803917474e-10,2.565928237117969e-10,1.4078514068591864e-10,5.834711080540584e-11,2.9684008440806986e-11,1.5163723035166045e-11,6.211671859329057e-12,4.396406173555596e-16
176,node,kitaev,72,1.5688712376839327,,,0.3396678903637091,0.8012843790033799,4.765453690888568e-13,0.3395934227558159,-1,True,False,True,2.253004499299265,1.4650928675769868,69.53490713242302,4.698800020724451e-13,6.665367016411657e-15,0.013986846686089256,False,1.506408921957114e-14,1.4445351897720997e-09,1.0,1.0000000014335697,1.8451334775686126e-09,3.0985572628169975,3.098557262816997,3.05582573429576,0.04273152852123685,0.042731528521237294,4.869803318639902e-06,4.869812941251565e-06,True,9.622611663207155e-12,1.5495087228321217e-09,0.6759265547920381,4.872937458570105e-13,,4.872937458570105e-13,7.716343016143756e-13,1.3334352049182217e-12,3.0560826840612038e-12,5.624315093816024e-12,9.53656288835506e-12,1.540785104018467e-11,2.3714984362236216e-11,4.872937465555801e-13,7.716343029320462e-13,1.3334352072714736e-12,3.056082689456776e-12,5.6243151037285364e-12,9.536562905276974e-12,1.5407851067979992e-11,2.3714984405993527e-11
176,anti,kitaev,72,1.6025675805012598,,,0.3396678903637091,0.8012843790033799,1.0447568491691058e-07,0.33966789036575007,-1,True,False,True,2.253046964623463,1.4649991129627558,69.53500088703726,1.044756744004083e-07,1.0516502278074227e-14,1.0065980698224656e-07,False,2.3658210059874458e-14,8.898293281185545e-06,0.9999999998443857,0.9999968117890644,2.1893644103711178e-06,3.1415911499035136,3.141591149903514,3.058295820215959,0.08329532968755515,0.08329532968755471,2.6731727646633643e-10,2.6072074207206044e-10,False,6.596534394275986e-12,1.6483438070417765e-06,0.7562406321809378,1.3123858857541414e-21,-0.0002268553396163343,1.3123858857541414e-21,2.253016314342307e-21,3.979574775077957e-21,9.192330119137903e-21,1.6937855382006516e-20,2.872940109315381e-20,4.6423363932874054e-20,7.145852629737974e-20,1.3123817015911087e-21,2.2530112993673525e-21,3.979567642135231e-21,9.192316022047286e-21,1.6937830003931634e-20,2.8729355049916884e-20,4.642327810250641e-20,7.145836984862545e-20
177,node,kitaev,43,1.6963551058271937,,,0.2866441889300253,1.0745476704908794,3.825318560323798e-08,0.28011054778827205,-1,True,False,True,3.677085692488573,2.8212721347909735,39.178727865209034,3.825318951441243e-08,3.9111744486582746e-15,1.0224441146483783e-07,True,7.716875214373292e-15,3.1078078938989466e-13,1.0,1.000000000000135,7.796361729691338e-14,2.7131947816789186,2.7131947816789186,2.713689710579927,0.0004949289010083291,0.0004949289010083291,0.03263799946086191,0.03263803490824357,True,3.544738165495165e-08,4.677237753244993e-15,0.6821705905078358,3.631496366088882e-05,,3.631496366088882e-05,5.740835545931499e-05,9.79155717437162e-05,0.000217051364377789,0.00037692914306325164,0.0005778589071310104,0.0008114245783789393,0.0010652390088072227,3.631496366089373e-05,5.7408355459320144e-05,9.791557174372338e-05,0.000217051364377803,0.00037692914306327593,0.0005778589071310495,0.0008114245783789986,0.0010652390088073057
177,anti,kitaev,43,1.7711186233917295,,,0.2866441889300253,1.0745476704908794,0.001554512720551225,0.28212588898956537,-1,True,False,True,3.667821164134369,2.8164220557611843,39.18357794423884,0.0015545127893012063,6.874998118543141e-11,4.4226065362175287e-08,True,1.578249712293201e-10,1.2066294009091328e-08,1.0,0.9999999890741177,1.092588234190417e-08,2.784777321246524,2.7847772238868047,2.784147301447672,0.0006299224391326241,0.0006300197988520218,-3.099581156895616e-06,-3.099578070337588e-06,False,3.086558027818009e-12,1.2274141459100077e-14,2.439187379956359e-08,9.159935258661754e-06,-0.6853479165493549,9.159935258661754e-06,4.347236878068825e-06,2.317585211137203e-06,9.467959626529767e-07,4.760371228164163e-07,2.3879744063975475e-07,9.570668933431068e-08,9.607403348182464e-12,9.159935158581379e-06,4.347236831255221e-06,2.31758518648183e-06,9.467959529147351e-07,4.7603711806453067e-07,2.387974382478146e-07,9.570668830602982e-08,9.607331328310712e-12
178,node,kitaev,63,1.2716428233836254,,,0.22347100938934095,1.0261928463926313,1.893398599280014e-08,0.20651312674273412,-1,True,False,True,4.528280256329458,3.664873100076169,58.33512689992385,1.8933987966607617e-08,1.9738074787422836e-15,1.042468014655153e-07,True,7.047314697397798e-15,9.189174961189797e-13,1.0,1.0000000000001652,1.3671527955700133e-13,2.35619604329324,2.35619604329324,2.3561973290354623,1.2857422224676895e-06,1.2857422224676895e-06,0.012935637503863251,0.012935674338074113,True,3.683421086198013e-08,3.245319914636948e-14,0.677248681623246,3.921813669152581e-06,,3.921813669152581e-06,6.285443100604123e-06,1.0751639312750015e-05,2.4376169104109122e-05,4.4288117456544714e-05,7.332498029675965e-05,0.00011403407220309878,0.0001673307176313535,3.921813669153229e-06,6.2854431006048985e-06,1.0751639312751056e-05,2.4376169104111124e-05,4.428811745654842e-05,7.332498029676659e-05,0.00011403407220311172,0.00016733071763137637
178,anti,kitaev,63,1.318306485771949,,,0.22347100938934095,1.0261928463926313,0.00038463608299657396,0.20852071281553186,-1,True,False,True,4.526961684182082,3.6618295035145265,58.33817049648548,0.00038463606908338354,1.3913190423982952e-11,3.61723484588077e-08,True,4.1198375048467255e-11,1.0652163133378203e-08,1.0,1.0000000067222743,6.722274291200242e-09,2.4054632481402627,2.4054632326088736,2.405348383561748,0.00011484904712544264,0.00011486457851450638,7.520174939261437e-07,7.520162742307919e-07,False,1.219695351767766e-12,3.0664750238286394e-14,8.739553965302014e-09,1.027131549450648e-06,-0.4347726014344107,1.027131549450648e-06,5.295548114207399e-07,2.875961344080729e-07,1.1869142842784221e-07,6.019709123784916e-08,3.051373400287134e-08,1.2337739407020569e-08,5.65530311170482e-13,1.027131556355308e-06,5.295548148902571e-07,2.8759613621923195e-07,1.1869142906659975e-07,6.019709148740207e-08,3.0513734102168796e-08,1.23377394518945e-08,5.655219457905016e-13
179,node,kitaev,59,1.6682078976086212,,,0.32514690066138374,1.1212322781817272,6.9281974707749944e-09,0.31410901261803514,-1,True,False,True,3.3710184513129438,2.531058871095697,55.468941128904305,6.928197873985119e-09,4.0321012430306553e-16,5.819841683264869e-08,True,1.1604450182310063e-15,1.881998713000414e-12,1.0,0.9999999999995073,5.943635482337674e-13,2.6179961966325713,2.6179961966325718,2.618050904694359,5.4708061787422935e-05,5.4708061787867024e-05,0.0027884396481679817,0.0027884464975365133,True,6.849368531548772e-09,3.572286655230334e-14,0.6779661614738195,1.9438487464721012e-07,,1.9438487464721012e-07,3.09000640555916e-07,5.30278183965395e-07,1.2007219643581531e-06,2.16811820470729e-06,3.546086646404843e-06,5.414717334079242e-06,7.775395671475177e-06,1.9438487464711435e-07,3.0900064055574797e-07,5.302781839651193e-07,1.200721964357601e-06,2.1681182047063306e-06,3.5460866464031846e-06,5.414717334076403e-06,7.775395671470556e-06
179,anti,kitaev,59,1.7246407556529197,,,0.32514690066138374,1.1212322781817272,0.0001002368293151023,0.31621388892691216,-1,True,False,True,3.3718578015843947,2.529028377782073,55.47097162221796,0.00010023683438167071,5.066568407765919e-12,5.054597638796779e-08,True,1.0604235273098492e-11,1.154980276226542e-08,0.9999999999999999,0.9999999924580572,7.541942861722502e-09,2.670480808766945,2.6704808082603826,2.670414306264931,6.650199545177315e-05,6.650250201412078e-05,3.0437441740790804e-08,3.043257445632837e-08,False,4.867284462436007e-12,1.6910798237689032e-13,2.9122231927608885e-10,5.391872657468175e-08,-0.0775257802546338,5.391872657468175e-08,2.6072694679323815e-08,1.395639437363111e-08,5.714842821058208e-09,2.8801441661126772e-09,1.4494627853356986e-09,5.825879353967566e-10,9.264378597247101e-16,5.39187261680298e-08,2.6072694487259905e-08,1.3956394273510313e-08,5.7148427835775595e-09,2.880144149427497e-09,1.4494627776395546e-09,5.825879320708074e-10,9.265049602793592e-16
180,node,kitaev,90,2.778680105943009,,,0.29406027346823704,1.2797548657216602,3.5750510088854235e-10,0.2930152616554041,-1,True,False,True,4.294157207565634,3.410308716311214,85.58969128368878,3.575046728465016e-10,4.2804204074527494e-16,1.197303310306399e-06,True,6.070804617977194e-16,7.53451516393433e-12,1.0,0.9999999999998508,7.063975179279005e-13,2.9689771882846765,2.9689771882846774,2.9694705877621526,0.000493399477475176,0.0004933994774760642,0.0005827879033298905,0.0005827876355773289,True,2.677525615503787e-10,7.341340883343791e-13,0.6740738821937029,5.5984918178457975e-09,,5.5984918178457975e-09,8.884832663206607e-09,1.539750262094032e-08,3.561166950621948e-08,6.662824963169638e-08,1.1693357588477163e-07,2.014412817862348e-07,3.396417402676499e-07,5.598491817844962e-09,8.884832663212265e-09,1.5397502620955794e-08,3.5611669506261195e-08,6.66282496317713e-08,1.1693357588489114e-07,2.014412817864132e-07,3.3964174026788984e-07
180,anti,kitaev,90,2.8223364155491293,,,0.29406027346823704,1.2797548657216602,1.61966976317441e-05,0.2924873856738722,-1,True,False,True,4.293966239003781,3.4106831817479497,85.58931681825209,1.619669894788941e-05,1.316145309464235e-12,8.126010248439202e-08,True,2.8151222646185294e-12,1.2838995820336955e-08,1.0,0.9999999904654796,9.534520341808496e-09,2.9344810220656905,2.934481022061485,2.9342326036306785,0.0002484184308064741,0.0002484184350119989,5.078410874079464e-08,5.07794228317242e-08,False,4.685909070442232e-12,1.5364978604318608e-12,1.7536578235554302e-08,1.634061145386101e-09,-0.020965087346284408,1.634061145386101e-09,7.617820990961371e-10,4.0447424382584156e-10,1.6476074335899714e-10,8.26599839725037e-11,4.141201612379151e-11,1.6596761092902568e-11,2.579025700596714e-15,1.6340611298061119e-09,7.617820918778003e-10,4.0447424000968816e-10,1.647607418259178e-10,8.26599832200416e-11,4.141201575523374e-11,1.6596760941615977e-11,2.579014835681187e-15
181,node,kitaev,41,2.3506477828276964,,,0.17752659297600823,1.093848544146586,6.886816141542768e-07,0.17707085209454865,-1,True,False,True,5.962905648899574,5.157250146067525,34.84274985393248,6.886816047598275e-07,9.394449300140142e-15,1.3641208226063692e-08,False,3.0970194134809976e-14,1.2072291496214455e-13,1.0,1.0000000000000728,9.264696573610263e-15,2.9919901965118356,2.9919901965118285,3.0936581926289595,0.10166799611713095,0.10166799611712385,0.22567527468161697,0.22567499734017038,True,2.7734144658619897e-07,1.2986364874742981e-15,0.6829258655432253,0.0018189071954502894,,0.0018189071954502894,0.0028637267239889027,0.004887816308998365,0.010803188135606503,0.018634097135467216,0.028277691550639108,0.039244623378138915,0.05092932960262327,0.0018189071954504217,0.002863726723988981,0.004887816308998435,0.01080318813560661,0.01863409713546739,0.02827769155063936,0.03924462337813927,0.050929329602623745
181,anti,kitaev,41,2.4316925933512303,,,0.17752659297600823,1.093848544146586,0.011705240812742903,0.17649826269420177,-1,True,False,True,5.620552931189254,4.977624991817681,35.02237500818233,0.011705240946659042,1.3391613859492502e-10,1.1440699148123232e-08,False,4.3939049992315107e-10,4.495772196742054e-09,1.0,0.9999999943226517,5.677348305561579e-09,2.91732336981526,2.9173201054589635,2.9114520932486183,0.005868012210345164,0.005871276566641548,1.1107083784491715e-05,1.1107063619536504e-05,False,2.0164955210789513e-11,8.910892563922584e-16,8.211288162236226e-09,0.0003664417477271906,-4.447285174282931,0.0003664417477271906,0.00017119193220401836,9.093850641570229e-05,3.705380117711166e-05,1.8588608214634034e-05,9.306291781755306e-06,3.7247852416851434e-06,1.2336731019570036e-10,0.0003664417456467732,0.0001711919312369902,9.093850590322571e-05,3.705380096938038e-05,1.8588608110813423e-05,9.30629172965751e-06,3.7247852205332187e-06,1.233669948997129e-10
182,node,kitaev,89,1.6673391376100242,,,0.2780402432946971,1.096892979942902,4.2194378737075e-10,0.26978186528669573,-1,True,False,True,3.8779771523220923,3.01620153986091,84.98379846013908,4.2194367278727095e-10,1.1458347903981167e-16,2.715610052083322e-07,True,7.609356584119656e-16,1.5677313119108542e-11,1.0,0.9999999999982797,2.620007027006491e-12,2.6528988161822764,2.652898816182276,2.6529122237877196,1.3407605443660486e-05,1.3407605443216397e-05,-0.0002426883338541937,0.00024268776000823812,True,5.738459555898901e-10,2.3398893615655202e-12,0.6741572606614675,9.816271853369421e-10,,9.816271853369421e-10,1.5643791557213027e-09,2.703627753567081e-09,6.242285052012719e-09,1.1667832281195758e-08,2.044367487302185e-08,3.5105029211464755e-08,5.8897627388924594e-08,9.816271853352534e-10,1.5643791557175827e-09,2.703627753560244e-09,6.242285051997738e-09,1.1667832281169918e-08,2.044367487297785e-08,3.510502921138404e-08,5.889762738877028e-08
182,anti,kitaev,89,1.7043305962013109,,,0.2780402432946971,1.096892979942902,5.716732335346253e-06,0.2709381811451904,-1,True,False,True,3.878508668208286,3.0150962159877737,84.98490378401222,5.716732176304028e-06,1.5904222485155477e-13,2.7820477769827552e-08,True,3.756088670453542e-13,5.533759360065279e-09,1.0,1.0000000030134628,3.0134627686123464e-09,2.687863221637402,2.6878632216357525,2.687845631497446,1.7590138306378122e-05,1.7590139955725448e-05,-1.204968096554986e-08,-1.2061331941647241e-08,False,1.165097609738201e-11,1.6233473594609158e-12,5.723607108382274e-09,2.8503046139764896e-10,-0.010294845182364891,2.8503046139764896e-10,1.3729770847056214e-10,7.341057579970582e-11,3.0018564618507645e-11,1.511095727284863e-11,7.606840698828503e-12,3.065212959432494e-12,1.4519481137153412e-16,2.8503046225657764e-10,1.3729770887685454e-10,7.341057601238321e-11,3.0018564698815786e-11,1.51109573080282e-11,7.606840713651117e-12,3.065212965596772e-12,1.4519563033983984e-16
183,node,kitaev,92,2.56814285443233,,,0.1587363939040733,1.054942654866431,2.0606485749238922e-08,0.15492641324715767,-1,True,False,True,6.605886465615691,5.687144001179396,85.31285599882061,2.060648747690582e-08,1.7276668974327907e-15,8.384092845606147e-08,True,6.41536393730214e-15,8.71337897224072e-13,0.9999999999999997,1.0000000000001406,6.193045393773067e-14,2.702446872751696,2.702446872751696,2.7024648864714296,1.8013719733644962e-05,1.8013719733644962e-05,-0.012708262949854157,0.012708279550944933,True,1.6601090776363625e-08,8.829397416832597e-15,0.6739130631659288,2.6048377820094064e-06,,2.6048377820094064e-06,4.148155627042062e-06,7.17621890276798e-06,1.6593863242162748e-05,3.1084794056683914e-05,5.471752969478281e-05,9.485280716483267e-05,0.0001614999472026359,2.6048377820097723e-06,4.14815562704239e-06,7.1762189027683954e-06,1.6593863242163558e-05,3.1084794056685384e-05,5.471752969478547e-05,9.485280716483774e-05,0.00016149994720264591
183,anti,kitaev,92,2.6027029820839265,,,0.1587363939040733,1.054942654866431,0.00027951087875061813,0.1543507391992481,-1,True,False,True,6.602054341953647,5.686922731724809,85.3130772682752,0.00027951086439798793,1.4352630195446636e-11,5.1349093314726294e-08,True,5.3896411489639255e-11,1.483564616636946e-08,0.9999999999999993,1.0000000096568669,9.656866895228239e-09,2.6687203127593024,2.6687203082867192,2.6686853733071016,3.493497961759573e-05,3.4939452200788423e-05,3.153697040052158e-07,3.1536433349726306e-07,False,5.3705079527390995e-12,1.875096845950281e-14,1.582790965182279e-09,6.830123414092936e-07,-0.577542771348894,6.830123414092936e-07,3.300742254654603e-07,1.7657730593883366e-07,7.219275580428085e-08,3.632809602232729e-08,1.8280760331701543e-08,7.363285221706787e-09,9.945805020433557e-14,6.830123480050528e-07,3.300742286283376e-07,1.7657730761522886e-07,7.219275646385859e-08,3.632809633156543e-08,1.8280760473860767e-08,7.363285279146341e-09,9.946017034325019e-14
184,node,kitaev,98,2.6952531977983987,,,0.2240502913923259,1.3266536701803857,4.121111704499778e-09,0.2240228129891289,-1,True,False,True,5.878956376943884,4.963468463056085,92.03653153694397,4.121111214171056e-09,4.903287227242432e-16,1.1897972146420124e-07,False,1.514116296868289e-15,1.6635574642213358e-12,1.0,0.9999999999994968,2.774854167882287e-13,3.1098602013113155,3.1098602013113155,3.0787871007206133,0.03107310059070212,0.03107310059070212,-0.003864321880924034,0.003864321633931982,True,2.469920518111124e-10,9.515729941141037e-14,0.6734743895509984,2.262556468833452e-07,,2.262556468833452e-07,3.590593158139523e-07,6.231244640793455e-07,1.4457524770644021e-06,2.719352250058973e-06,4.827418827183077e-06,8.519686994596157e-06,1.493298359938827e-05,2.2625564688323135e-07,3.5905931581383465e-07,6.231244640791842e-07,1.4457524770641014e-06,2.7193522500584664e-06,4.827418827182174e-06,8.519686994594307e-06,1.4932983599384126e-05
184,anti,kitaev,98,2.737179824101198,,,0.2240502913923259,1.3266536701803857,0.00010314679807888445,0.22394036347908505,-1,True,False,True,5.878555882904552,4.963459804259447,92.03654019574057,0.00010314679526579804,2.8130864066118477e-12,2.727264887525117e-08,False,7.41347571151224e-12,2.4540784670606595e-09,1.0,1.0000000021109539,2.110953905713941e-09,3.078134312534564,3.07813431248655,3.070667945776162,0.007466366710387806,0.007466366758401843,3.4292988084698266e-07,3.4292813102805136e-07,False,1.7498189312974796e-12,1.0514643769443732e-13,1.726911778733718e-08,6.94887388502941e-08,-0.14472293127649183,6.94887388502941e-08,3.213898443571464e-08,1.7036335121011142e-08,6.933414509343273e-09,3.4756312908318543e-09,1.7391471742266325e-09,6.959679709821852e-10,1.176009031776761e-13,6.948873899698163e-08,3.2138984503466936e-08,1.7036335156905977e-08,6.933414523931847e-09,3.475631298129992e-09,1.7391471778738352e-09,6.959679724572547e-10,1.1760094907771555e-13
185,node,kitaev,67,2.032475346233469,,,0.23673128500908813,1.0651253602734083,1.8620386798027857e-08,0.23648248351842774,-1,True,False,True,4.443489216700964,3.55508257072765,62.444917429272344,1.8620384971034737e-08,1.8269931208054352e-15,9.811789307185271e-08,False,4.5379915511735765e-15,5.89435050307675e-13,1.0,1.0000000000004017,8.539939699388138e-14,3.0491905975248166,3.0491905975248166,3.0941579829525043,0.044967385427687745,0.044967385427687745,-0.007750249485263563,0.007750242062911906,True,7.4223516569049686e-09,5.327108068841099e-14,0.6766136383256077,1.3249998090021403e-06,,1.3249998090021403e-06,2.097135137360349e-06,3.6193595133490174e-06,8.265940416763859e-06,1.511693892216599e-05,2.5314688627962828e-05,4.006635065146675e-05,6.006636708382808e-05,1.3249998090026727e-06,2.097135137360714e-06,3.6193595133494e-06,8.265940416764484e-06,1.5116938922167048e-05,2.5314688627964617e-05,4.006635065146984e-05,6.006636708383321e-05
185,anti,kitaev,67,2.0813601353930613,,,0.23673128500908813,1.0651253602734083,0.0002412215895031586,0.23671802501933933,-1,True,False,True,4.442588837695972,3.5546927618739796,62.44530723812596,0.0002412215962459398,6.742781192333597e-12,2.7952643899833458e-08,False,1.7696351130751016e-11,1.5004346357807142e-09,0.9999999999999997,0.9999999990361792,9.638208228046767e-10,3.0954012159236513,3.0954012156273,3.1415925803754643,0.04619136474816443,0.046191364451813044,3.4000175369266377e-07,3.3999767993955586e-07,False,4.073753107903598e-12,6.889166021544655e-14,4.051948391555661e-09,4.2581759842791173e-07,-0.2489694851622634,4.2581759842791173e-07,1.9686655029460782e-07,1.0434756155149864e-07,4.2465660398122865e-08,2.1286657611057285e-08,1.0650442957711278e-08,4.2610912267114365e-09,1.156011925144171e-13,4.2581759801749987e-07,1.9686655010523254e-07,1.0434756145121921e-07,4.246566035742163e-08,2.1286657590736597e-08,1.0650442947593018e-08,4.261091222700284e-09,1.156012918638311e-13
186,node,kitaev,54,2.9390255438479547,,,0.15221449142135612,1.2867162943824217,8.758528396872813e-07,0.15072566952776115,-1,True,False,True,8.151737632036696,7.402436548755377,45.597563451244625,8.758527651986548e-07,7.448862657653035e-14,8.504696588427586e-08,True,2.7720637182556986e-13,1.3302658117668752e-12,0.9999999999999999,0.9999999999997066,5.209471486581827e-14,2.8559960573485617,2.855996057348545,2.8568085575285584,0.0008125001800136644,0.000812500179996789,-0.2517977049126444,0.251798056875948,True,3.5196330355757866e-07,5.801190770818567e-16,0.6790124305363299,0.0017291475347948398,,0.0017291475347948398,0.002735112040627152,0.004696641296891462,0.010591008921097728,0.018943476147356367,0.030452810526808285,0.045382853173026996,0.06340208419927515,0.0017291475347943324,0.0027351120406268383,0.004696641296891183,0.010591008921097326,0.018943476147355684,0.03045281052680709,0.04538285317302495,0.06340208419927185
186,anti,kitaev,54,3.011349452489179,,,0.15221449142135612,1.2867162943824217,0.011668784323374842,0.15001635902368324,-1,True,False,True,7.609554786457371,7.102553174340529,45.89744682565947,0.011668784672797106,3.494222636929445e-10,2.994504431734022e-08,True,1.2870305659423097e-09,1.446889155675791e-08,0.9999999999999998,0.9999999848754296,1.5124570365041908e-08,2.7989858113110415,2.7989821483016595,2.7988084168608367,0.00017373144082277747,0.00017739445020481526,-2.33241366305655e-05,-2.332415059702608e-05,False,1.3966460580145659e-11,9.440019910695877e-16,3.0466045741178546e-08,0.00033067495567999856,-5.586445725789743,0.00033067495567999856,0.00015652037608318545,8.336775569390204e-05,3.401018076872793e-05,1.7075864547972063e-05,8.5563367407323e-06,3.4266878356817406e-06,5.440153495613133e-10,0.0003306749506786819,0.00015652037372639193,8.336775444240895e-05,3.4010180263096044e-05,1.7075864297254475e-05,8.556336616196372e-06,3.4266877862592024e-06,5.440176440180172e-10
187,node,kitaev,70,2.109473850923706,,,0.31601946796937364,1.386714754809725,6.7683539080388275e-09,0.30672141815941717,-1,True,False,True,4.327675441464576,3.451961400012346,65.54803859998766,6.7683538712544225e-09,3.678440503005853e-17,5.434763833251893e-09,True,5.265810230876284e-16,5.252572855180904e-13,1.0,1.0000000000000075,2.1273899976191725e-14,2.654865988558946,2.6548659885589445,2.65490306110228,3.7072543335625596e-05,3.707254333429333e-05,-0.004854980038588113,0.004854973587946898,True,6.450641214759967e-09,4.064970502378438e-14,0.6761904540601631,4.97975322813666e-07,,4.97975322813666e-07,7.921787142622406e-07,1.3643005266608833e-06,3.118031099867648e-06,5.723007386383388e-06,9.65660821854708e-06,1.5475744301537734e-05,2.3570831175089035e-05,4.979753228136698e-07,7.921787142622457e-07,1.3643005266608784e-06,3.11803109986763e-06,5.723007386383398e-06,9.656608218547162e-06,1.5475744301537968e-05,2.3570831175089536e-05
187,anti,kitaev,70,2.168912744183891,,,0.31601946796937364,1.386714754809725,0.0001837944145621331,0.30839176165297794,-1,True,False,True,4.327866366913904,3.450634488060594,65.54936551193943,0.00018379441959453447,5.032401361945715e-12,2.7380600079359176e-08,True,1.0186500485245489e-11,6.7783044945566915e-09,1.0,0.9999999955654332,4.434566800548939e-09,2.6992016377220787,2.69920163668524,2.699154290408093,4.734627714686468e-05,4.7347313985479644e-05,-6.203602945331312e-09,-6.19508242448441e-09,False,8.520520846902385e-12,7.547311030243437e-14,4.051715321043555e-12,1.3569099382759785e-07,-0.12820555969816547,1.3569099382759785e-07,6.524128246294603e-08,3.487182776852998e-08,1.4260726704771926e-08,7.179515275455331e-09,3.6114455429213823e-09,1.4519906972482185e-09,3.848468950353298e-17,1.3569099322586707e-07,6.524128217787877e-08,3.487182761862047e-08,1.4260726646973949e-08,7.17951524889041e-09,3.6114455306262375e-09,1.4519906921112187e-09,3.84743689959615e-17
188,node,kitaev,95,1.8388408827310507,,,0.19756388219579898,1.3532479232241874,1.6217549893705652e-08,0.18713011120923942,-1,True,False,True,6.80850198919148,5.894455445633788,88.10554455436622,1.621755164842233e-08,1.754716676227675e-15,1.0819862973929957e-07,True,4.432930492404357e-15,1.3490765844661267e-12,1.0,0.9999999999997831,1.8129967287448536e-13,2.4870931770183184,2.487093177018318,2.4870953885610394,2.2115427213975636e-06,2.2115427209534744e-06,-0.012600532215955832,0.012600508961564,True,2.3254391832289167e-08,1.486842834790232e-14,0.6736842070078841,2.480834577415035e-06,,2.480834577415035e-06,3.971120340784798e-06,6.851978904451515e-06,1.5837738622931838e-05,2.9719482249910993e-05,5.253678618541656e-05,9.190385244328266e-05,0.00015877341212534085,2.480834577414497e-06,3.971120340784084e-06,6.851978904450427e-06,1.583773862292962e-05,2.971948224990706e-05,5.2536786185409485e-05,9.19038524432688e-05,0.00015877341212531206
188,anti,kitaev,95,1.8808666315833615,,,0.19756388219579898,1.3532479232241874,0.0003372945445179102,0.18820020258925826,-1,True,False,True,6.805351255960918,5.892734696821996,88.10726530317801,0.0003372945357072783,8.81063191154885e-12,2.612147766617971e-08,True,2.7021764511232895e-11,7.709301132359188e-09,0.9999999999999999,1.000000004817515,4.817515055241443e-09,2.519887060374888,2.519887054873249,2.5198415455337675,4.550933948133107e-05,4.5514841120475324e-05,5.75478394912257e-07,5.754908919200497e-07,False,1.2497007792613762e-11,4.06570103424499e-14,5.360102118672809e-09,6.503713149656589e-07,-0.47052105116366905,6.503713149656589e-07,3.246731108685979e-07,1.7491572378226818e-07,7.175194358190442e-08,3.619723458920558e-08,1.8282529502695017e-08,7.395657073784544e-09,3.311753830107599e-13,6.503713180988325e-07,3.2467311241719175e-07,1.7491572460418895e-07,7.175194389758493e-08,3.6197234729057945e-08,1.8282529560959068e-08,7.395657095636985e-09,3.311728618464342e-13
189,node,kitaev,78,2.042950471731668,,,0.3195392744370356,1.041946354695442,1.5209599862349333e-11,0.31948059947148366,-1,True,False,True,3.184080074628768,2.337505169149754,74.66249483085024,1.520910617966198e-11,4.936826873527698e-16,3.245862427813494e-05,False,1.7804420803818158e-16,2.7572626250875216e-11,0.9999999999999998,0.999999999972268,2.496202894615018e-11,3.101825777538522,3.101825777538522,3.062498777357568,0.03932700018095403,0.03932700018095403,0.0001235709733084302,0.00012357096686379114,True,6.444639066112076e-12,2.8692713434251823e-12,0.6752143093895355,2.899323627091241e-10,,2.899323627091241e-10,4.5939934578879055e-10,7.948530878938539e-10,1.8282436468961278e-09,3.3862913464358706e-09,5.817501107210124e-09,9.618089650151143e-09,1.5269785444392777e-08,2.899323627010837e-10,4.593993457770529e-10,7.948530878742833e-10,1.8282436468523679e-09,3.3862913463555464e-09,5.817501107071534e-09,9.618089649917719e-09,1.5269785444011612e-08
189,anti,kitaev,78,2.083890416676286,,,0.3195392744370356,1.041946354695442,3.2210246462934465e-06,0.3195392744452608,-1,True,False,True,3.1841079236862093,2.3374459146895075,74.6625540853105,3.2210244578569045e-06,1.884365419812259e-13,5.85020490911384e-08,False,3.9635195347733435e-13,5.2398002065748e-07,0.9999999999994451,1.0000000453654962,2.9698910614589694e-08,3.1415904268407213,3.1415904268407213,3.0648706578917375,0.0767197689489838,0.0767197689489838,1.0870439565489836e-08,1.087114538573543e-08,False,7.058202455929037e-13,3.6748954754515455e-08,0.7530950996185897,2.0116377988890335e-18,-0.004738970822608379,2.0116377988890335e-18,3.4478354222413495e-18,6.09399843436509e-18,1.412390829538672e-17,2.619132978727024e-17,4.500999771084373e-17,7.442462340215346e-17,1.1816645634696688e-16,2.0116378901479805e-18,3.447835537182913e-18,6.093998601905259e-18,1.4123908583295668e-17,2.6191330263146696e-17,4.500999858171778e-17,7.4424625150345e-17,1.181664598563819e-16
190,node,kitaev,71,2.6961894063096894,,,0.3231912839077409,1.292172869592359,2.261612191607655e-09,0.3229281088779597,-1,True,False,True,3.935516150746486,3.0609297649381153,66.93907023506186,2.261612042205511e-09,1.4940214409315472e-16,6.606001888721382e-08,False,3.2129947086366924e-16,3.6292380888471037e-12,0.9999999999999999,0.9999999999974359,2.0563709659315044e-12,3.054325367564118,3.054325367564118,3.0957014322739016,0.04137606470978339,0.04137606470978339,0.0021444174567657745,0.0021444169463664506,True,5.103993239337357e-10,1.1307584297319701e-13,0.6760549084301527,9.580283235435559e-08,,9.580283235435559e-08,1.5170431130425726e-07,2.620772924417943e-07,6.002358635479121e-07,1.1033427376467217e-06,1.8663864540476353e-06,3.0033677458136235e-06,4.598526228881792e-06,9.580283235410995e-08,1.5170431130393817e-07,2.620772924413105e-07,6.002358635469522e-07,1.1033427376450452e-06,1.8663864540446852e-06,3.0033677458082864e-06,4.5985262288723355e-06
190,anti,kitaev,71,2.7520125883982556,,,0.3231912839077409,1.292172869592359,7.620618618199309e-05,0.3225447913825899,-1,True,False,True,3.935289363125054,3.0612086393390405,66.93879136066099,7.620618118459091e-05,4.997402177405602e-12,6.557738193945268e-08,False,9.883589173035235e-12,7.639741698352481e-09,1.0,1.0000000066996126,6.699612648507913e-09,3.010716822679708,3.010716822622486,3.0069139551006177,0.003802867521868425,0.003802867579090208,-4.82605936620127e-08,-4.8256614226501245e-08,False,3.979435511453927e-12,2.4069590363283627e-13,1.14584891612923e-09,2.8628567189696425e-08,-0.06034316621344571,2.8628567189696425e-08,1.3277137555187616e-08,7.042048778554305e-09,2.8669323533965927e-09,1.437573919107345e-09,7.195617392537971e-10,2.879929658824835e-10,2.3290849006127894e-15,2.8628567381496736e-08,1.3277137643754128e-08,7.042048825406253e-09,2.866932372325664e-09,1.4375739284949337e-09,7.195617439038261e-10,2.879929677400423e-10,2.329060802079547e-15
191,node,kitaev,47,1.2749489979184494,,,0.18505655711813207,0.8583310206264826,1.531215379898068e-07,0.1787696965786512,-1,True,False,True,4.572838362746745,3.6982759247449346,42.30172407525505,1.5312153045263972e-07,7.537167091777893e-15,4.922342859617591e-08,True,2.6603949055065398e-14,6.387237749279419e-13,0.9999999999999999,0.9999999999998688,5.699482703909155e-14,2.617997074066877,2.6179970740668743,2.6181412590097914,0.00014418494291712491,0.00014418494291446038,0.058124455467772014,0.05812466493140847,True,2.0946363645663046e-07,2.327908358418094e-15,0.6808511105805155,0.00010557662785759852,,0.00010557662785759852,0.0001674161455510535,0.0002858694456416702,0.0006377060876426437,0.0011209617648816645,0.0017512351507888502,0.0025152712743619367,0.003378452323425012,0.00010557662785758467,0.00016741614555104172,0.00028586944564165613,0.0006377060876426172,0.0011209617648816168,0.0017512351507887691,0.002515271274361807,0.0033784523234248196
191,anti,kitaev,47,1.3292861292577605,,,0.18505655711813207,0.8583310206264826,0.0020127884891169307,0.18022652255432312,-1,True,False,True,4.540577692461129,3.685427529652175,42.31457247034779,0.00201278857944387,9.032693907076728e-11,4.4876518103696206e-08,True,3.0896139078671594e-10,1.508893892347501e-08,0.9999999999999999,0.9999999871854611,1.2814538902674053e-08,2.683643090821556,2.683642753226073,2.683462728762179,0.00018002446389386861,0.0001803620593769928,-2.4803685925685933e-06,-2.480347145120826e-06,False,2.144744776742813e-11,5.021198455470165e-15,5.202865535466309e-09,2.515891958883405e-05,-1.6798385596931282,2.515891958883405e-05,1.2137802978017415e-05,6.493710196806592e-06,2.6580381539896983e-06,1.3384964755508065e-06,6.724506124111754e-07,2.697805660726393e-07,6.152228355000046e-12,2.5158919266434098e-05,1.213780282462904e-05,6.493710115874184e-06,2.658038122272799e-06,1.3384964602938273e-06,6.724506048105849e-07,2.697805628140898e-07,6.152104027722649e-12
192,node,kitaev,88,1.4781724399277036,,,0.2567797947227008,1.1547556619782564,1.5917539191833557e-09,0.23935997544493934,-1,True,False,True,4.433427226216925,3.5692085214260127,83.430791478574,1.5917546225119733e-09,7.033286176078548e-16,4.418576320947244e-07,True,1.0220923725420401e-15,3.0853483924474487e-12,1.0,0.9999999999982927,1.8209067930742812e-12,2.400319514613025,2.400319514613025,2.4003203317233046,8.171102794385376e-07,8.171102794385376e-07,0.000971270658243906,0.0009712730436568055,True,2.3854128995432627e-09,1.5403783537032623e-13,0.6742424298301399,1.5899438490126314e-08,,1.5899438490126314e-08,2.5506142125170227e-08,4.389724977237839e-08,1.010979183873162e-07,1.8875473214376908e-07,3.301571188187802e-07,5.650766317255221e-07,9.433666915655504e-07,1.589943849009917e-08,2.5506142125125165e-08,4.389724977230354e-08,1.0109791838716147e-07,1.8875473214349909e-07,3.301571188183071e-07,5.650766317246346e-07,9.433666915638326e-07
192,anti,kitaev,88,1.5161551622264646,,,0.2567797947227008,1.1547556619782564,2.3499191081820797e-05,0.2409580805513246,-1,True,False,True,4.434217530486302,3.567529417828109,83.43247058217187,2.3499189345297724e-05,1.7365230720121482e-12,7.38971425001748e-08,True,4.470905792193098e-12,1.7482930710407283e-08,1.0,1.0000000089849435,8.98494337832935e-09,2.435708493666443,2.4357084936232036,2.43567344536992,3.5048253283598285e-05,3.504829652278829e-05,-5.682259203519743e-08,-5.682298639324116e-08,False,3.9435804373172713e-13,3.014665448444727e-13,8.153132468120742e-09,4.500232075082964e-09,-0.04011216228390566,4.500232075082964e-09,2.298510983214219e-09,1.2451246682141086e-09,5.126198596700431e-10,2.5949401561767804e-10,1.3165531104774675e-10,5.351249054189837e-11,3.22880696559846e-15,4.500232115517295e-09,2.2985110033376912e-09,1.2451246786766571e-09,5.126198632872851e-10,2.594940168934552e-10,1.3165531139137725e-10,5.351249070124364e-11,3.2288736509922057e-15
193,node,kitaev,41,1.5887488083348111,,,0.34041373887368487,1.0176253147159753,5.121735470222875e-08,0.3319153733573755,-1,True,False,True,2.9015624358373953,2.081435386861972,37.91856461313805,5.1217359618777136e-08,4.916548386645174e-15,9.599379771230607e-08,True,1.078196286385218e-14,1.181032479594204e-12,0.9999999999999999,1.0000000000003957,1.531852795025912e-13,2.692798050126335,2.692798050126335,2.693303027040506,0.0005049769141711735,0.0005049769141711735,0.012045464456391463,0.012045509468945491,True,4.5012554027862306e-08,4.673299376513469e-15,0.6829270703036756,5.181898670011856e-06,,5.181898670011856e-06,8.189646403696009e-06,1.3946738674242672e-05,3.0788994009315956e-05,5.309465122631258e-05,8.056601818993586e-05,0.0001118074723181441,0.0001450932139701901,5.181898670013906e-06,8.189646403697688e-06,1.394673867424462e-05,3.078899400931948e-05,5.3094651226318724e-05,8.056601818994601e-05,0.00011180747231815968,0.00014509321397021232
193,anti,kitaev,41,1.6623992678205453,,,0.34041373887368487,1.0176253147159753,0.0005652003458262954,0.33449251432850213,-1,True,False,True,2.9013769442780846,2.078456291169697,37.92154370883032,0.000565200352629531,6.803235600739976e-12,1.2036856755269632e-08,True,1.4038984089958185e-11,2.7352482046388606e-09,0.9999999999999999,0.9999999976728763,2.3271236888291707e-09,2.7677915034139255,2.7677914883234185,2.767035759004966,0.0007557293184525804,0.0007557444089596466,1.0189575740877953e-06,1.0189635159946198e-06,False,5.9419068244252055e-12,4.1359298587444704e-14,1.8258365533331894e-08,1.386968026693384e-06,-0.25658808171268643,1.386968026693384e-06,6.600439933013755e-07,3.521363669944606e-07,1.4394285332601547e-07,7.239475679332556e-08,3.6316468430384914e-08,1.4551565051682659e-08,1.0382745377908307e-12,1.3869680234657378e-06,6.600439917979399e-07,3.5213636620789664e-07,1.4394285302135484e-07,7.239475664770809e-08,3.631646835859999e-08,1.4551565022754624e-08,1.0382771198072284e-12
194,node,kitaev,80,1.2193493760442062,,,0.2865848304948188,0.8499551185993758,1.519185776364593e-11,0.2745644500124182,-1,True,False,True,2.87464791653174,2.064744007293737,76.93525599270625,1.5192335358168037e-11,4.775945221073053e-16,3.143753249521514e-05,True,4.659000040758746e-16,7.08573396657722e-11,1.0,1.0000000001163996,1.1351082654652993e-10,2.559816889220289,2.559816889220289,2.559825857565882,8.968345592830218e-06,8.968345592830218e-06,2.8989040917941354e-05,2.898909162001411e-05,True,5.070207275537477e-11,6.768975125785315e-11,0.6750000157037823,1.5562305070205816e-11,,1.5562305070205816e-11,2.483515856281271e-11,4.280410974418581e-11,9.834886619870231e-11,1.8244002366914125e-10,3.14635026399026e-10,5.239708126436551e-10,8.403644933420782e-10,1.556230507201726e-11,2.4835158565640312e-11,4.2804109749017134e-11,9.834886620982201e-11,1.8244002368983274e-10,3.146350264347508e-10,5.239708127031525e-10,8.403644934374687e-10
194,anti,kitaev,80,1.2506309382436671,,,0.2865848304948188,0.8499551185993758,5.775105303867448e-07,0.2761095484227903,-1,True,False,True,2.875573988065918,2.0627611383500457,76.93723886164996,5.775104529884404e-07,7.739830439375267e-14,1.3402059412132433e-07,True,1.945954428970888e-13,2.3897456849693152e-08,1.0,1.0000000118218186,1.1821818726844671e-08,2.5986818857721588,2.598681885772124,2.59866549136836,1.6394403764330434e-05,1.6394403798969392e-05,-1.0537374311755867e-09,-1.0482357268239663e-09,False,5.501704351620347e-12,2.6675501685340682e-11,2.9959211012604045e-09,4.63280964489263e-12,-0.001453147891650921,4.63280964489263e-12,2.2725479115972067e-12,1.2201893721918158e-12,5.002638281764555e-13,2.523837975002485e-13,1.2736600484794121e-13,5.1421044820482854e-14,1.1103625738602027e-18,4.632809699660866e-12,2.272547937492376e-12,1.2201893854521544e-12,5.002638327360315e-13,2.5238379916779537e-13,1.2736600538139852e-13,5.142104507057878e-14,1.1104173160162635e-18
195,node,kitaev,63,2.2612937760009633,,,0.15889174672706302,1.3246649128671835,2.666765718073424e-07,0.1571904790658992,-1,True,False,True,8.19214357950004,7.338799060610713,54.66120093938925,2.6667659052958434e-07,1.8722241924831257e-14,7.020579947441704e-08,True,6.731420483311444e-14,5.455134185835176e-13,1.0,1.000000000000114,2.682590292263736e-14,2.8470695765378675,2.847069576537866,2.847448980578396,0.0003794040405296073,0.00037940404052827503,0.1651939656851059,0.16519409111286057,True,1.2542775468249445e-07,2.0162173063257564e-15,0.6772487130670778,0.0006395869888009223,,0.0006395869888009223,0.0010133513884904668,0.0017453033656912571,0.003971261154593339,0.007220128764104636,0.01195641786676718,0.01859615244990798,0.027289046298771946,0.0006395869888009951,0.0010133513884905165,0.0017453033656913077,0.003971261154593425,0.0072201287641047865,0.011956417866767445,0.01859615244990843,0.027289046298772678
195,anti,kitaev,63,2.32568444154591,,,0.15889174672706302,1.3246649128671835,0.006792421764496015,0.15783209884394578,-1,True,False,True,7.891386363745112,7.198254780261631,54.801745219738415,0.006792421559842559,2.0465345564046888e-10,3.012967432472942e-08,True,7.257984423696194e-10,1.2281828365973062e-08,1.0,1.000000012850057,1.2850057091529126e-08,2.896214471185585,2.896213648370697,2.89589801004028,0.00031563833041703404,0.00031646114530481384,8.164432847774508e-06,8.16445062598592e-06,False,1.777821141170366e-11,1.893807271199177e-15,7.91712651733545e-09,0.00013364228978355943,-4.060213683789588,0.00013364228978355943,6.252986148429976e-05,3.3224825111876114e-05,1.3537783626478071e-05,6.792118525083443e-06,3.401581042284459e-06,1.361925741501899e-06,6.665796372582917e-11,0.00013364229150087049,6.252986228517299e-05,3.322482553665149e-05,1.3537783798609522e-05,6.792118610760135e-06,3.4015810849134786e-06,1.361925758527262e-06,6.66576465860783e-11
196,node,kitaev,91,2.739061959809115,,,0.3065405059763554,1.0808637915113808,4.557647926122699e-11,0.29518849166533756,-1,True,False,True,3.449895792651793,2.6077993901947605,87.39220060980526,4.55764888471864e-11,9.585959409512528e-18,2.1032689590982812e-07,True,8.86427344255232e-17,1.3682377260800622e-10,0.9999999999999999,0.9999999999997056,1.3327433200122838e-12,2.595227874386394,2.595227874386394,2.595235142440499,7.268054105225019e-06,7.268054105225019e-06,5.2698611480410336e-05,5.269856843682149e-05,True,4.30435888483776e-11,4.697555815154781e-12,0.673992655520522,4.5279517305596045e-11,,4.5279517305596045e-11,7.226057274984133e-11,1.2482452750887598e-10,2.883267340607762e-10,5.396710483150343e-10,9.485026655575617e-10,1.6390911974921645e-09,2.7771436519632368e-09,4.527951730558271e-11,7.226057274976117e-11,1.2482452750868493e-10,2.883267340601691e-10,5.396710483137102e-10,9.485026655551937e-10,1.639091197488714e-09,2.7771436519595356e-09
196,anti,kitaev,91,2.774087839349807,,,0.3065405059763554,1.0808637915113808,1.1747346323856882e-06,0.293721086407896,-1,True,False,True,3.4491897562105867,2.609279764268897,87.39072023573112,1.1747345715494081e-06,6.083628008163853e-14,5.1787253397041927e-08,True,1.3588677472514218e-13,9.83926528947753e-09,1.0,1.0000000047131659,4.713165765876721e-09,2.5611479109598516,2.5611479109597557,2.5611327144896365,1.519647011916092e-05,1.519647021508419e-05,-1.3126165301435386e-09,-1.2947439217560564e-09,False,1.787260838748223e-11,7.452149076563618e-12,1.4136763696724571e-09,1.3393199789847469e-11,-0.0023637778448052167,1.3393199789847469e-11,6.6235947383891416e-12,3.562254534633494e-12,1.4612326755403759e-12,7.37422085748848e-13,3.725200795253866e-13,1.506987641114383e-13,1.7229621552061712e-18,1.339319985297184e-11,6.623594768706768e-12,3.562254550302758e-12,1.4612326810355942e-12,7.374220877876922e-13,3.7252008012616185e-13,1.5069876431328042e-13,1.7229193952151642e-18
197,node,kitaev,90,2.803749082680487,,,0.3313449865233138,1.291468228114191,4.028181523689701e-10,0.33015039932004525,-1,True,False,True,3.833056812624633,2.9627399223604676,86.0372600776395,4.0281794208360296e-10,2.1028536713157292e-16,5.220354790241862e-07,True,2.6947886446907635e-16,1.9634267031433004e-11,1.0,1.0000000000045186,3.404615204953e-12,2.9689760066955575,2.9689760066955575,2.969469440572968,0.0004934338774105207,0.0004934338774105207,0.00018949232279589188,0.0001894921029105061,True,2.1988538577823527e-10,2.1913201187502935e-12,0.674073307667642,5.91879910292865e-10,,5.91879910292865e-10,9.393156177271128e-10,1.627842959247592e-09,3.764909409618683e-09,7.0440202976001314e-09,1.2362361064271064e-08,2.1296619169538832e-08,3.590734039858249e-08,5.918799102955395e-10,9.393156177305617e-10,1.6278429592529368e-09,3.764909409629571e-09,7.044020297619156e-09,1.236236106430436e-08,2.1296619169601417e-08,3.590734039870474e-08
197,anti,kitaev,90,2.8477316068042753,,,0.3313449865233138,1.291468228114191,5.305805895673597e-06,0.3295707943546312,-1,True,False,True,3.8328539656613847,2.963157901500349,86.03684209849968,5.305805641324109e-06,2.543494877742117e-13,4.7937955661289955e-08,True,4.956691229936633e-13,6.679220328472889e-09,1.0,1.000000004797087,4.797086935124634e-09,2.9344803122981755,2.9344803122977323,2.934213839250825,0.00026647304690730067,0.0002664730473505017,1.1816415142889351e-08,1.1815554871144508e-08,False,8.602717448433053e-13,2.5852072249979935e-12,8.799659616645842e-09,1.7630437856808134e-10,-0.006766215046680021,1.7630437856808134e-10,8.219115125038598e-11,4.364032440206819e-11,1.777692058971315e-11,8.91865114907499e-12,4.468084011666352e-12,1.7905325962998027e-12,1.3962766682907744e-16,1.7630437941382877e-10,8.219115164182941e-11,4.364032460881713e-11,1.777692067252369e-11,8.918651189534747e-12,4.468084031363704e-12,1.7905326043364842e-12,1.3962814584971102e-16
198,node,kitaev,48,3.0896737336938402,,,0.27665324930036217,1.265030550653448,1.5304229830884936e-07,0.26972144213049315,-1,True,False,True,4.509551772651692,3.6318778595494177,43.36812214045059,1.5304230342765949e-07,5.1188101268054975e-15,3.344702858862851e-08,True,1.0861529025896838e-14,3.0122870504529977e-13,0.9999999999999999,1.0000000000000613,1.7497845689424942e-14,2.6927961982256488,2.692796198225647,2.693052070517506,0.00025587229185886073,0.0002558722918570844,-0.05003265252756299,0.05003277315029928,True,1.2062273629237508e-07,4.691957790786789e-15,0.6805556181310166,7.66305945543216e-05,,7.66305945543216e-05,0.00012135566672029805,0.00020751804311462484,0.00046386544365125136,0.0008177112500028497,0.0012831650530146317,0.0018531317439403152,0.0025032663189438554,7.66305945543263e-05,0.00012135566672030136,0.00020751804311462815,0.0004638654436512567,0.000817711250002859,0.001283165053014648,0.0018531317439403428,0.002503266318943899
198,anti,kitaev,48,3.1677127912216707,,,0.27665324930036217,1.265030550653448,0.002484901363064519,0.2676334695746965,-1,True,False,True,4.483116677359776,3.6255316602203482,43.37446833977967,0.002484901499734105,1.3666958623842484e-10,5.5000004535341516e-08,True,3.1574989255191257e-10,1.8388405256308983e-08,1.0,0.9999999851452607,1.4854739358500532e-08,2.6288947288259337,2.6288944588337397,2.6287286461398898,0.0001658126938499649,0.0001660826860439002,2.711959580193159e-06,2.7119514641772698e-06,False,8.116015889285643e-12,4.23439733662842e-15,8.283003142188562e-09,1.8498536094407234e-05,-1.0088468600216034,1.8498536094407234e-05,9.020482799101804e-06,4.8375609804943144e-06,1.9830792111074468e-06,9.998432470115163e-07,5.029207839110746e-07,2.0194488481249124e-07,7.35472476460129e-12,1.84985358196163e-05,9.020482667255598e-06,4.837560911032998e-06,1.983079184229932e-06,9.998432342883098e-07,5.029207775970696e-07,2.019448820338102e-07,7.354566868564192e-12
199,node,kitaev,82,1.1879844425068125,,,0.3473106117639448,0.8604868283374068,1.4554899421002311e-12,0.3294949383883468,-1,True,False,True,2.366946517364166,1.5998869572332703,79.40011304276673,1.4056859600036436e-12,4.9803982096587576e-14,0.034218018727578306,True,1.1036426741623041e-13,1.5468552799941244e-07,0.9999999999999643,1.0000000402070486,2.7792668924961106e-08,2.498132684751713,2.498132684751714,2.498137107634366,4.422882652121984e-06,4.422882653010163e-06,-1.476640791682101e-06,1.4766255058973358e-06,True,1.5285784765297424e-11,6.963554972901025e-10,0.6747967181081942,3.940605043633258e-14,,3.940605043633258e-14,6.299934281162298e-14,1.085133034141337e-13,2.494531567301086e-13,4.63539070372025e-13,8.024340400088455e-13,1.3458392849802997e-12,2.1804680276595428e-12,3.9406052020733565e-14,6.299934456850131e-14,1.0851330577446563e-13,2.494531612752854e-13,4.635390786013571e-13,8.024340553217717e-13,1.3458393153281861e-12,2.1804680882605687e-12
199,anti,kitaev,82,1.218407967477568,,,0.3473106117639448,0.8604868283374068,2.860781734261668e-08,0.3315142842881988,-1,True,False,True,2.3681167624801054,1.5972911055373074,79.40270889446273,2.8607816770052467e-08,5.725642126004469e-16,2.001425714318672e-08,True,5.327835884824727e-16,2.461138610603155e-09,1.0,0.9999999999413077,1.2612407808822526e-10,2.53606640728389,2.53606640728389,2.5360557536167865,1.06536671036217e-05,1.06536671036217e-05,3.8813119711548095e-11,4.858135275721204e-11,False,9.768233045663947e-12,6.578102895509232e-10,1.5315906854896168e-09,1.1995007798382269e-14,-7.60791569916049e-05,1.1995007798382269e-14,5.970689988369086e-15,3.216619965564134e-15,1.3211047425038655e-15,6.672696811533038e-16,3.372272772783415e-16,1.3635435313247913e-16,1.5064582617424677e-21,1.1995007797678255e-14,5.970689987108919e-15,3.216619964132958e-15,1.3211047409910062e-15,6.672696797659205e-16,3.372272762649617e-16,1.3635435271977082e-16,1.5064242328884543e-21
200,node,kitaev,60,1.9882862876191372,,,0.3277471973919536,0.8827671180467802,1.4765324495216744e-10,0.32503440815120976,-1,True,False,True,2.5992280325141808,1.7892600099530929,57.210739990046925,1.4765357766340463e-10,3.327112371983396e-16,2.25332831192516e-06,True,2.1721349603073196e-16,8.818913902498765e-12,1.0,1.0000000000037708,3.6367837374492604e-12,2.8840843677160386,2.8840843677160386,2.8848222826206804,0.0007379149046418121,0.0007379149046418121,0.0002482820431486511,0.0002482818782937003,True,1.648549508167195e-10,7.896621002289107e-13,0.6777775743510865,1.5158358553710739e-09,,1.5158358553710739e-09,2.3995438633887274e-09,4.130018522993346e-09,9.373335515434112e-09,1.695904692835966e-08,2.7828771823841927e-08,4.269430610938656e-08,6.164397295006865e-08,1.5158358553767897e-09,2.399543863397044e-09,4.130018523006219e-09,9.373335515459834e-09,1.695904692840489e-08,2.7828771823920817e-08,4.269430610952284e-08,6.164397295029284e-08
200,anti,kitaev,60,2.0324431334085054,,,0.3277471973919536,0.8827671180467802,6.9788757955404745e-06,0.3238451183474686,-1,True,False,True,2.598606743965243,1.7905989730635357,57.20940102693652,6.978875955129346e-06,1.595888711165925e-13,2.286741816190085e-08,True,3.518291441044351e-13,3.355527874269041e-09,1.0,0.9999999976366669,2.363333052239616e-09,2.8326624752850025,2.832662475282513,2.8323040200438285,0.00035845523868438534,0.00035845524117394945,8.697023119312127e-09,8.706145668520087e-09,False,9.122549207960141e-12,3.0374679828661334e-12,2.804114683349168e-09,4.49566795460669e-10,-0.008836011885819117,4.49566795460669e-10,2.1189232055027696e-10,1.12785461978973e-10,4.602224899473731e-11,2.3123639440844803e-11,1.1599826530226024e-11,4.651076516555336e-12,7.563821113785959e-17,4.4956679439819294e-10,2.1189232005937588e-10,1.1278546172248089e-10,4.602224889578527e-11,2.3123639394572006e-11,1.1599826508037783e-11,4.651076507045732e-12,7.56377132918215e-17
