cfg,phase,model,L,mu,alpha,Ez,Delta,t0,E_low,E_gap,z2,subgap,near_edge,domain,width,center_left,center_right,E_pred,E_abserr,E_relerr,q_resolved,secular,K_relerr,K_corr,N0_ratio,N_err,q_root,q_energy,q_fft,q_diff_fft,q0_diff_fft,sumK,fd,fd_kink,fd_err,Kmaj_dev,p0,N0,eps2,Nex_xi0.0,Nex_xi1.0,Nex_xi2.0,Nex_xi5.0,Nex_xi10.0,Nex_xi20.0,Nex_xi50.0,Nex_xiinf,Nro_xi0.0,Nro_xi1.0,Nro_xi2.0,Nro_xi5.0,Nro_xi10.0,Nro_xi20.0,Nro_xi50.0,Nro_xiinf
1,node,rashba,74,1.1543500537078126,0.2185113447884537,2.6847963276975464,1.2909557369540143,1.3053473645769023,3.0957135820682844e-07,0.09820128267275939,-1,True,False,True,10.676605507053715,9.896826006066162,63.10317399393381,3.09571389892445e-07,3.1685616584986755e-14,1.0235319174397653e-07,True,8.256077236966862e-14,1.075076576481064e-12,1.0,1.0000000000001623,1.288179292850698e-13,2.429352226250254,2.4293522262502503,2.4293551236143474,2.897364097087518e-06,2.8973640935348044e-06,-0.1972084708100697,0.19720884703835465,True,3.762282849428811e-07,1.6543391547110441e-15,0.6776925246519669,0.0007755087747488059,,0.0007755087747488059,0.0012439206788771606,0.002138049543483302,0.004891255975726684,0.009016951852930694,0.015356791265453328,0.025006480650468833,0.03889118095924611,0.0007755087747489317,0.001243920678877319,0.0021380495434835407,0.004891255975727185,0.009016951852931603,0.01535679126545493,0.02500648065047168,0.03889118095925112
1,anti,rashba,74,1.2053582659342785,0.2185113447884537,2.6847963276975464,1.2909557369540143,1.3053473645769023,0.00643475122717029,0.09742200392870902,-1,True,False,True,10.07128669015408,9.57874815193985,63.421251848060216,0.006434751378736149,1.5156585882192264e-10,2.3554268606678425e-08,True,3.964092797286227e-10,1.1517179497812775e-08,1.0,0.9999999892071959,1.0792804131527349e-08,2.3876017283746496,2.387600327427255,2.387428174095508,0.00017215333174691594,0.00017355427914145238,1.3386824694024656e-05,1.3386732564471536e-05,False,9.212955312007485e-11,1.185414077737497e-15,1.6071131718421133e-08,0.00015068741127947759,-6.176511820940329,0.00015068741127947759,7.801418708059077e-05,4.2368185030487465e-05,1.7430648433350743e-05,8.799282412271908e-06,4.440398191102352e-06,1.7909826365265856e-06,1.792070753885476e-10,0.00015068740965313787,7.801418624244188e-05,4.236818457837732e-05,1.743064825276173e-05,8.799282325472664e-06,4.440398148896859e-06,1.7909826183299733e-06,1.7920585234102873e-10
2,node,rashba,63,0.5629215724147735,0.26585967975754765,2.3741261161803187,0.9342183033866048,0.8440627245550573,1.1620816209891691e-07,0.08061377797282192,-1,True,False,True,7.44941683600074,6.591633672564226,55.40836632743576,1.1620816465167908e-07,2.5527621678092375e-15,2.1967150342127558e-08,True,7.61039179541522e-15,2.9986741853694817e-13,0.9999999999999997,1.0000000000001765,1.8368279248429606e-13,1.7667961047627418,1.7667961047627356,1.7667938343115384,2.2704511972726493e-06,2.2704512034898983e-06,-0.11312290229229649,0.11312350748722265,True,6.051949261592915e-07,9.842155991635659e-16,0.6796038574099519,0.0002988853945096615,,0.0002988853945096615,0.0004960740630260346,0.0008339759147506187,0.0018700801555964286,0.003390311539810542,0.005609496827663598,0.008721792150653279,0.012796791023032458,0.00029888539450971427,0.0004960740630261203,0.0008339759147507564,0.0018700801555967229,0.0033903115398110713,0.0056094968276645,0.008721792150654769,0.012796791023034809
2,anti,rashba,63,0.5947468199806654,0.26585967975754765,2.3741261161803187,0.9342183033866048,0.8440627245550573,0.0022923854414736576,0.07896428951410925,-1,True,False,True,7.271816367541287,6.523947858280792,55.476052141719244,0.0022923855233996505,8.192599289941205e-11,3.57383149522822e-08,True,1.9639290815090892e-10,1.5182749875380642e-08,0.9999999999999998,0.9999999876201173,1.2379882688933271e-08,1.7181150204836788,1.718112228406163,1.7176526979964053,0.000459530409757658,0.0004623224872735143,5.105519955734758e-06,5.1052337270846015e-06,False,2.862286501564837e-10,2.4915983208325788e-15,6.38730316179818e-09,6.477715604609076e-05,-5.621544078719069,6.477715604609076e-05,4.5211259918400894e-05,2.6705276676143865e-05,1.1441762161944826e-05,5.911247547278018e-06,3.049345133545733e-06,1.249632615522203e-06,2.6066334018406032e-11,6.477715524415716e-05,4.5211259371827995e-05,2.670527636840271e-05,1.1441762055279932e-05,5.9112475097169e-06,3.0493451192817664e-06,1.2496326062843381e-06,2.6065254599176953e-11
3,node,rashba,82,0.4882698094098251,0.2795958669893257,2.513357629294701,1.084745494050659,0.8280353580351006,5.804318361875713e-09,0.08902464208962284,-1,True,False,True,6.253984278789449,5.3929645060133975,75.60703549398663,5.804319523626364e-09,1.16175065104301e-15,2.0015281357991895e-07,True,1.0318365667542009e-15,7.46779220625732e-13,1.0,1.0000000000005471,5.645252259207612e-13,1.6651262916614504,1.6651262916614513,1.6651259305865727,3.610748784410589e-07,3.610748775528805e-07,-0.016719356757909698,0.016719451746294446,True,9.498838474814031e-08,9.719490332982212e-15,0.6771113826560194,5.034602216993415e-06,,5.034602216993415e-06,8.441064722260238e-06,1.4188528734793663e-05,3.2117241479472734e-05,5.950294186984145e-05,0.00010291554405300276,0.00017255779861601988,0.0002795368903982607,5.03460221699617e-06,8.441064722264763e-06,1.4188528734800775e-05,3.21172414794873e-05,5.950294186986743e-05,0.00010291554405304887,0.00017255779861610494,0.0002795368903984185
3,anti,rashba,82,0.5114208405311187,0.2795958669893257,2.513357629294701,1.084745494050659,0.8280353580351006,0.0002462313999615027,0.08745612834981577,-1,True,False,True,6.246203302896284,5.397379166631436,75.60262083336862,0.0002462313859054054,1.4056097269194573e-11,5.708490985062096e-08,True,2.8205198062581085e-11,1.8077906992975802e-08,1.0,1.0000000109888982,1.0988898157104997e-08,1.6275293499247603,1.6275293088852498,1.6273308987981765,0.00019841008707333074,0.00019845112658378739,-9.958617172621618e-07,-9.95933806887013e-07,False,7.208962485120984e-11,3.0111933017119925e-14,9.363755233955658e-09,1.291618241813413e-06,-1.137044788509611,1.291618241813413e-06,9.521258218348388e-07,5.730606372805388e-07,2.476055442914602e-07,1.2870836952042507e-07,6.73139018894225e-08,2.8119784302350237e-08,9.917405599082475e-13,1.2916182560068743e-06,9.521258318954874e-07,5.730606428342747e-07,2.4760554580777495e-07,1.2870836958095566e-07,6.73139015505958e-08,2.8119784180778338e-08,9.916990398000168e-13
4,node,rashba,56,0.7683612255222054,0.13502751192897208,2.075533994490758,1.2705793615462126,0.931173714185628,7.039442950305206e-10,0.07875687395614268,-1,True,False,True,8.621627215886129,7.867134486177851,47.13286551382215,7.039444462944955e-10,1.5126397483039342e-16,2.1488060333500555e-07,True,3.11889205898637e-16,1.9309704027031074e-14,1.0,0.9999999999999882,1.146623439361053e-14,2.5351276976134995,2.5351276976135004,2.5351613663065975,3.366869309706644e-05,3.3668693097954616e-05,-0.2101823027933054,0.21018262021369458,True,3.1742038916759974e-07,3.0680682678441994e-15,0.6805335333963599,0.0011591902907158106,,0.0011591902907158106,0.0018490692399465176,0.003167892334168619,0.007147794841298074,0.012833279839895496,0.020777901921168976,0.031273317860643995,0.044176600407496706,0.001159190290715797,0.001849069239946496,0.0031678923341685807,0.007147794841297987,0.01283327983989534,0.02077790192116872,0.03127331786064362,0.0441766004074962
4,anti,rashba,56,0.8170170055489778,0.13502751192897208,2.075533994490758,1.2705793615462126,0.931173714185628,0.006557071733555266,0.07805686440236692,-1,True,False,True,8.008969118240174,7.520695897443681,47.47930410255635,0.006557071744829234,1.127396787037327e-11,1.7193601547287765e-09,True,3.314408991797004e-11,8.771785881315235e-10,0.9999999999999996,0.9999999991407298,8.592702401162766e-10,2.480212282293004,2.4802135555261025,2.4799583780499517,0.0002551774761507808,0.000253904243052272,-1.6393496828749979e-06,-1.6394840346434234e-06,False,1.3435176842553272e-10,1.5678334840820606e-15,2.2114517754773042e-10,0.00021700897803744395,-6.9545981674183635,0.00021700897803744395,0.00010949421872790912,5.913340480750455e-05,2.4284188366181617e-05,1.2244944315730229e-05,6.1615428289422455e-06,2.4753008881582966e-06,2.6874673827447e-12,0.0002170089778509746,0.00010949421863437099,5.9133404757346825e-05,2.4284188346132507e-05,1.224494430596639e-05,6.1615428240964505e-06,2.475300886135638e-06,2.6874800674237876e-12
5,node,rashba,89,0.9082183453877934,0.13844414125186866,2.1107362713244004,0.7425376574537277,1.3080131757262368,1.5654160893694098e-06,0.048333886739880774,-1,True,False,True,19.84542543150419,21.60081517976026,66.39918482023964,1.5654160628985276e-06,2.6470882226835974e-14,1.6909805901828397e-08,True,1.4922707964583857e-13,4.450446663770567e-13,0.9999999999999998,0.999999999999956,1.0161489559030123e-14,2.9320940794209633,2.932094079420988,2.932369379065988,0.0002752996449997269,0.0002752996450245959,-0.5772664890345715,0.5772669282906143,True,4.392560428723158e-07,4.1000562045110684e-16,0.675287791473354,0.005544645558214186,,0.005544645558214186,0.008811552178067773,0.015270680934326143,0.03530471172479285,0.0660057939105817,0.11565992139549433,0.1986139849022376,0.33323659936230116,0.005544645558213942,0.008811552178067731,0.015270680934326255,0.03530471172479327,0.06600579391058252,0.11565992139549579,0.19861398490223994,0.33323659936230454
5,anti,rashba,89,0.9535680701782002,0.13844414125186866,2.1107362713244004,0.7425376574537277,1.3080131757262368,0.01769597211347886,0.04842713005977107,-1,True,False,True,15.995640268851801,17.955655732935146,70.04434426706486,0.017695972625876903,5.123980441334997e-10,2.8955631306810818e-08,True,2.490705456788934e-09,2.067745570058559e-08,1.0,0.9999999772097095,2.2790290551069333e-08,2.8972084062305417,2.8972106171208107,2.89716812352527,4.249359554053811e-05,4.0282705271454944e-05,-4.296130048245982e-05,-4.296150596730385e-05,False,2.0548484403148893e-10,3.8330511968305447e-16,2.539404839634663e-08,0.0008166442137677038,-24.181322083880257,0.0008166442137677038,0.0003819480248128748,0.00020291275854747207,8.264594264991107e-05,4.1439623247893664e-05,2.0740075729712494e-05,8.300486897262741e-06,1.8456733391441202e-09,0.0008166441951561449,0.0003819480161166369,0.00020291275392912377,8.264594077061589e-05,4.143962230730473e-05,2.0740075260280458e-05,8.300486710639146e-06,1.8456773885830871e-09
6,node,rashba,55,1.092857155731727,0.19602879379465676,2.512973233998672,0.7720769236094298,1.2175578784395986,1.5827267130138131e-06,0.05419620738511875,-1,True,False,True,13.397097334150454,15.07479577734295,38.92520422265713,1.5827267848186663e-06,7.180485318749458e-14,4.536781530069993e-08,True,3.072567805375256e-13,7.775237353317828e-13,1.0,0.9999999999999437,4.560554605065174e-14,2.2438546934656234,2.2438546934654005,2.243853171186746,1.5222786542423705e-06,1.5222788771751539e-06,0.6863359846117885,0.6863339703323752,True,2.01427941326493e-06,4.2530206081991156e-16,0.6800202823094609,0.01259473352961141,,0.01259473352961141,0.020273440850142523,0.03451147650956906,0.07752694211895148,0.1388252301890067,0.2239221299236953,0.3353378940869754,0.4710570837730332,0.012594733529610701,0.02027344085014173,0.034511476509568026,0.07752694211894938,0.13882523018900267,0.2239221299236879,0.3353378940869622,0.4710570837730117
6,anti,rashba,55,1.1537642417204963,0.19602879379465676,2.512973233998672,0.7720769236094298,1.2175578784395986,0.029209533824565856,0.05339097124953183,-1,True,False,True,10.359542959708431,11.75097037022483,42.249029629775194,0.0292095343445925,5.200266432747735e-10,1.7803318820426355e-08,True,1.7677008373821843e-09,1.4139632402300894e-08,0.9999999999999999,0.9999999850892002,1.4910799772349638e-08,2.188110078651576,2.1880248845948644,2.187647248003192,0.0003776365916725588,0.0004628306483840383,2.4610598000678486e-05,2.46102338161136e-05,False,3.6418456488682333e-10,2.8434313051075606e-16,6.204692471362223e-09,0.0017748488869044749,-24.041944679292076,0.0017748488869044749,0.0009843399893109195,0.0005432128033304565,0.00022448979646271254,0.00011311512602080355,5.681724308547411e-05,2.2792552018779745e-05,6.056815339508749e-10,0.0017748488604400585,0.000984339974707736,0.0005432127953138273,0.00022448979320246275,0.00011311512439523682,5.6817242246896135e-05,2.279255164724194e-05,6.056641448845706e-10
7,node,rashba,60,0.5793236088228144,0.10338900778560983,2.140063248157354,1.1955685731176562,0.8021632613169809,4.6984212468356645e-08,0.05103368414391048,-1,True,False,True,10.676361253750706,10.266388547690118,48.73361145230991,4.698421813232965e-08,5.6639730055420025e-15,1.2055055747410106e-07,True,1.7864749174418972e-14,1.60120314748622e-13,0.9999999999999999,1.000000000000012,1.3699236051098107e-14,2.1629620601467456,2.162962060146744,2.162958404249285,3.6558974589873117e-06,3.6558974607636685e-06,0.3150830093328381,0.31508192307346194,True,1.086259376170684e-06,3.3642065453649573e-16,0.6785819196713417,0.0024383521942916986,,0.0024383521942916986,0.003940875212744776,0.006705415770031426,0.015122871330054171,0.02732882060727455,0.04482850436035157,0.06876470247762763,0.0992773027702373,0.002438352194291728,0.0039408752127448364,0.006705415770031543,0.015122871330054442,0.027328820607275033,0.044828504360352336,0.06876470247762867,0.09927730277023866
7,anti,rashba,60,0.6153817061256429,0.10338900778560983,2.140063248157354,1.1955685731176562,0.8021632613169809,0.007355681309078151,0.05029045297864521,-1,True,False,True,9.473726085000846,9.448910938213167,49.55108906178684,0.007355681318058732,8.980581035766821e-12,1.2209040411638375e-09,True,3.299957848681765e-11,7.143997233065216e-10,1.0,0.9999999992775659,7.224340742994517e-10,2.1117661804959083,2.1117534215942317,2.1113585636413337,0.00039485795289806447,0.0004076168545745773,2.4531074834065322e-05,2.4530656672627767e-05,False,4.181614375545087e-10,1.0590542342768405e-15,2.4028009834618275e-08,0.0004174112051285452,-14.505965338289501,0.0004174112051285452,0.00023876475290864063,0.0001328657731975284,5.523162677457868e-05,2.800011110996242e-05,1.4163493891709143e-05,5.714896675503894e-06,6.017736325144995e-10,0.0004174112048269931,0.00023876475273740562,0.00013286577310334642,5.5231626737211825e-05,2.8000111092163205e-05,1.4163493882839544e-05,5.7148966714226335e-06,6.017732692829241e-10
8,node,rashba,99,0.9590534031297446,0.2253716488531993,1.8415217397039,0.8432537230357686,0.8985989000168039,5.210318687985965e-09,0.09143025450533486,-1,True,False,True,7.8457278855028285,6.885062140263239,91.11493785973678,5.2103179701990115e-09,7.177869534431932e-16,1.3776258160528218e-07,True,1.9268668047950416e-15,5.066045128035338e-13,0.9999999999999998,0.9999999999997502,2.4654643295093366e-13,2.1989171899486273,2.1989171899486264,2.1989166939586915,4.959899349010755e-07,4.959899357892539e-07,-0.019849966568599532,0.01985000772034525,True,4.1151745719392174e-08,1.3446729643607533e-14,0.6773484001421592,5.875871036783956e-06,,5.875871036783956e-06,9.542212729098747e-06,1.6392631717194934e-05,3.7836100412623225e-05,7.11371881869785e-05,0.00012641222309604412,0.00022372308689784008,0.000394021172774519,5.8758710367824885e-06,9.54221272909645e-06,1.6392631717191105e-05,3.783610041261467e-05,7.113718818696274e-05,0.0001264122230960162,0.0002237230868977889,0.00039402117277442187
8,anti,rashba,99,0.9842250335522413,0.2253716488531993,1.8415217397039,0.8432537230357686,0.8985989000168039,0.00031804517134105867,0.09069846470167597,-1,True,False,True,7.835133215821234,6.884469127955323,91.11553087204469,0.00031804517767604215,6.3349834818031414e-12,1.9918502315539838e-08,True,1.994386596326999e-11,6.274356570203196e-09,1.0,0.999999995903191,4.0968090134984235e-09,2.16759849841063,2.1675984826274544,2.167517554061411,8.092856604324794e-05,8.094434921890326e-05,5.139086029085148e-07,5.138919834373618e-07,False,1.6619471153011406e-11,1.9556421253691067e-14,1.8025100607033414e-09,1.4799903504321382e-06,-1.2397617963245284,1.4799903504321382e-06,8.272082661168446e-07,4.576372270097621e-07,1.899270416224897e-07,9.653112009379392e-08,4.929786354647515e-08,2.022016473281539e-08,2.641020521434078e-13,1.4799903443689004e-06,8.272082627678038e-07,4.57637225199754e-07,1.899270409515755e-07,9.65311198278319e-08,4.929786345869059e-08,2.0220164698870918e-08,2.6409816345797047e-13
9,node,rashba,79,1.5822164102505591,0.1342478141591979,2.6966735973519707,0.9213072302212502,1.383785216434724,1.902139538533572e-06,0.04039192285561092,-1,True,False,True,19.324227957948043,22.328803661313934,55.671196338686016,1.902139494989947e-06,4.3543624948617974e-14,2.289191937106114e-08,True,2.8927988928628895e-13,6.127513968254622e-13,0.9999999999999996,0.9999999999999876,1.0871914063524242e-14,2.1205462896533716,2.120546289653058,2.120543017934447,3.2717186111419494e-06,3.2717189246689315e-06,-0.6890941863057276,0.689096433700065,True,2.2473943374068384e-06,4.03039138815542e-16,0.6756180618144493,0.008896697601208703,,0.008896697601208703,0.014434603797481856,0.024643264125088642,0.05630118007686995,0.10424160333014561,0.17937052980153112,0.2975984361762753,0.4748507976003527,0.008896697601208592,0.014434603797481786,0.02464326412508865,0.05630118007687011,0.10424160333014584,0.17937052980153118,0.2975984361762741,0.47485079760034754
9,anti,rashba,79,1.6291961811561413,0.1342478141591979,2.6966735973519707,0.9213072302212502,1.383785216434724,0.022729189605904213,0.03964335035774927,-1,True,False,True,14.87579874448107,17.36850660714522,60.631493392854686,0.022729189550091976,5.5812236776642266e-11,2.4555313121302084e-09,True,2.891827111068011e-10,1.9726421477689762e-09,0.9999999999999993,1.0000000020711919,2.071191871190142e-09,2.081468221916574,2.0814197080227785,2.0812068717362293,0.00021283628654922282,0.0002613501803447882,-3.5809056327913615e-05,-3.580952548376537e-05,False,4.691558517545824e-10,8.020364223415243e-16,1.2965478993048407e-08,0.001251901314235085,-31.816085327991686,0.001251901314235085,0.0007246438402383691,0.00040411795315806024,0.00016752016870281557,8.44234660225442e-05,4.2436598579227605e-05,1.704554497076509e-05,1.2822885150956327e-09,0.0012519013168280128,0.0007246438417349351,0.00040411795398976393,0.0001675201690428796,8.44234661904311e-05,4.243659866308148e-05,1.704554500587034e-05,1.282285646470076e-09
10,node,rashba,89,1.655668612415736,0.15091131188363754,2.472701075699975,0.7527005037087856,1.2218317166868533,7.55061145486132e-07,0.03531767642577428,-1,True,False,True,19.91503274490161,21.75522428141842,66.24477571858182,7.550612323882031e-07,8.690207113079074e-14,1.1509275990468358e-07,True,7.652520872036099e-13,1.989032885810154e-12,0.9999999999999998,0.9999999999999017,1.303231376034085e-13,1.7452968398525428,1.745296839852407,1.745297422868614,5.830162068676259e-07,5.830160709763277e-07,0.5920784728459173,0.5920761972173704,True,2.275628546932751e-06,1.0554949265826627e-15,0.6747584577968545,0.005837410009244544,,0.005837410009244544,0.009710932334656634,0.016387528513722823,0.03730126017740326,0.06953382307110134,0.12173544374309517,0.20897641424215085,0.35055691800755356,0.0058374100092439705,0.009710932334655737,0.01638752851372155,0.03730126017740061,0.06953382307109629,0.1217354437430853,0.20897641424212984,0.3505569180075079
10,anti,rashba,89,1.6879703418044816,0.15091131188363754,2.472701075699975,0.7527005037087856,1.2218317166868533,0.012939373018779695,0.03476434366814376,-1,True,False,True,16.014295116391875,18.04121091686589,69.95878908313408,0.01293937312940242,1.1062272452233568e-10,8.549311033987676e-09,True,8.609655486185533e-10,6.26243514901436e-09,1.0,0.9999999934218233,6.578176700588004e-09,1.7106218309191243,1.7105790210751577,1.7103068455385986,0.0002721755365593381,0.00031498538052598946,-1.45790210018832e-05,-1.4579821204507846e-05,False,8.002026246467221e-10,8.9070378748413e-16,2.7780723680070722e-09,0.0008596529576742781,-34.960935066462305,0.0008596529576742781,0.0006010880861468853,0.0003542833259528223,0.00015004405332566433,7.610587273928448e-05,3.850850893479094e-05,1.5575704681250654e-05,2.1254785337330144e-10,0.0008596529520193291,0.0006010880822079276,0.0003542833236456969,0.0001500440523750449,7.610587228048107e-05,3.850850871158819e-05,1.5575704583096513e-05,2.125516870720275e-10
11,node,rashba,62,1.041744744699325,0.27015538292830255,2.673002359629625,1.0344963335134862,1.289814738668859,8.918325048273812e-07,0.09707180865956544,-1,True,False,True,10.723738085169458,10.232463843937968,50.76753615606212,8.918325832498047e-07,7.842242355467411e-14,8.793402699518469e-08,True,1.9625045357208184e-13,1.476098004011261e-12,0.9999999999999997,1.0000000000001745,1.2883703300817778e-13,2.393351794446204,2.3933517944461657,2.393355162807308,3.3683611424528692e-06,3.368361104261197e-06,-0.3278725320542704,0.3278735987160897,True,1.066661819260073e-06,5.042636727452053e-16,0.6798935550148781,0.002550218872682545,,0.002550218872682545,0.0040912031423203064,0.007006809782219446,0.01588299362057586,0.028815616644351782,0.04756979528198886,0.07365166768779031,0.10750039727567859,0.00255021887268299,0.004091203142320817,0.007006809782220165,0.01588299362057732,0.028815616644354437,0.047569795281993586,0.0736516676877986,0.10750039727569244
11,anti,rashba,62,1.1013123525543618,0.27015538292830255,2.673002359629625,1.0344963335134862,1.289814738668859,0.012617052809272318,0.09597525764244257,-1,True,False,True,9.612397893690865,9.503553055547718,51.49644694445229,0.01261705237578638,4.3348593811720626e-10,3.435714700335057e-08,True,1.0893056153827359e-09,1.9540820341396115e-08,0.9999999999999997,1.0000000197323495,1.9732349467180545e-08,2.3436930929602005,2.343684254251036,2.3434094432976313,0.0002748109534045362,0.0002836496625691076,1.413525882914277e-06,1.4134189044862076e-06,False,1.0697842806939665e-10,1.1382672466660129e-15,7.287152389921704e-11,0.00044223996734394597,-9.068582836493574,0.00044223996734394597,0.00023216530575519153,0.00012649455216291026,5.210782888564783e-05,2.6302262739689183e-05,1.3252628722415865e-05,5.331250830318811e-06,1.9980554216972975e-12,0.00044223997607037956,0.00023216531031272479,0.00012649455462843413,5.210782987267639e-05,2.630226321834788e-05,1.3252628959324392e-05,5.33125093095301e-06,1.998480102914601e-12
12,node,rashba,71,1.0763370711623825,0.15361546796396716,2.160905351203795,0.9197533771707824,0.924307574593846,5.30910504705742e-07,0.05010446753175797,-1,True,False,True,12.070185867891379,11.638391528810404,58.36160847118963,5.309104700499675e-07,3.4655774513406724e-14,6.527611378233087e-08,True,1.7494157700328898e-13,1.3460744264815425e-12,0.9999999999999999,1.0000000000002927,3.242699730433294e-13,1.745240463821217,1.745240463821097,1.7452406541408432,1.9031974618499703e-07,1.9031962628091037e-07,0.3108627771038764,0.3108598777983626,True,2.8993055137815915e-06,6.033870809052586e-16,0.6770578187068527,0.0020102651256101852,,0.0020102651256101852,0.0033412451242453693,0.0056208894863899,0.012671210945849156,0.023220926103559577,0.03924354856926819,0.06312709210656124,0.09663566618873429,0.0020102651256107737,0.0033412451242463225,0.005620889486391405,0.012671210945852364,0.023220926103565426,0.039243548569278516,0.06312709210657949,0.09663566618876562
12,anti,rashba,71,1.1068380831683506,0.15361546796396716,2.160905351203795,0.9197533771707824,0.924307574593846,0.006114099685041584,0.04917539678849111,-1,True,False,True,10.867862339688157,10.86627741684989,59.1337225831502,0.006114099697944324,1.2902740507969579e-11,2.1103255054111574e-09,True,6.575465605073661e-11,1.1959364794202148e-09,0.9999999999999997,0.9999999988199116,1.1800883180690395e-09,1.7019550677788828,1.7019376957812922,1.7014952690024778,0.00044242677881456416,0.00045979877640522915,1.970119738339219e-05,1.9700516608670005e-05,False,6.807747221851401e-10,1.203702750794412e-15,1.5443968085531394e-08,0.0003539712586432284,-16.722969008538605,0.0003539712586432284,0.0002490505142120913,0.0001472601937395152,6.273953291111493e-05,3.210951689769876e-05,1.6411148150231214e-05,6.6866828747460245e-06,3.8813717833935e-10,0.00035397125822551103,0.00024905051392094655,0.00014726019357045022,6.273953284457728e-05,3.210951686788372e-05,1.6411148136301104e-05,6.686682867867038e-06,3.881365203171374e-10
13,node,rashba,44,0.5659319479159054,0.20500611774378297,2.0890371966468555,0.9851394105226503,0.8068522988901208,3.5126933501918404e-07,0.08344262894810857,-1,True,False,True,7.087825009586279,6.379055472312104,36.62094452768794,3.5126936005448063e-07,2.503529658887414e-14,7.127094253048554e-08,True,6.02062435602732e-14,7.040052118047361e-13,1.0,1.000000000000173,1.710217259578955e-13,2.093948815889931,2.0939488158899,2.0939334297467393,1.5386143160434074e-05,1.538614319152032e-05,-0.2621658890411245,0.26216704752471437,True,1.158483589891457e-06,2.1651704413066818e-15,0.6842795746069474,0.0022827908068065762,,0.0022827908068065762,0.0036964662557067932,0.006236626197173013,0.013758140162971227,0.0239388357024095,0.03686626587313723,0.052058412050332493,0.06873095337672319,0.002282790806806971,0.0036964662557073627,0.00623662619717388,0.013758140162973028,0.023938835702412717,0.03686626587314255,0.052058412050340674,0.06873095337673495
13,anti,rashba,44,0.6141317991936777,0.20500611774378297,2.0890371966468555,0.9851394105226503,0.8068522988901208,0.00811595602863559,0.08173240814514328,-1,True,False,True,6.500243947705073,6.0336592912561136,36.96634070874385,0.008115955813988883,2.1464670665882757e-10,2.6447495021102622e-08,True,5.231014237005994e-10,1.4108675258275898e-08,1.0,1.0000000137473979,1.374739787458091e-08,2.024738266863494,2.024718338182022,2.0239471196697747,0.0007712185122472626,0.0007911471937194214,-7.176811777793437e-06,-7.1771023586048024e-06,False,2.905808113651815e-10,7.720550670035563e-16,2.813366633998292e-09,0.0004160869584588199,-8.833570255817152,0.0004160869584588199,0.0002477045592533957,0.00013949657128408676,5.848885176667885e-05,2.979593487098858e-05,1.5091395614788689e-05,6.081650638714492e-06,5.1506627293872466e-11,0.00041608696417893285,0.0002477045625994508,0.00013949657311617542,5.848885246390665e-05,2.9795935194238312e-05,1.5091395779226976e-05,6.081650714103282e-06,5.15038925356794e-11
14,node,rashba,70,0.5908364473798048,0.26505040557399706,2.6108859482522435,1.1748351140240814,0.9187384245871864,1.2256186888814787e-08,0.0952530385334009,-1,True,False,True,6.928520328092098,6.034949294184536,62.965050705815536,1.2256186966854688e-08,7.803990159633972e-17,6.367388348782468e-09,True,9.354885940284839e-16,2.625692645818278e-13,0.9999999999999998,0.9999999999999848,1.4425686057572308e-14,1.8581067146864214,1.8581067146864232,1.8581049192709331,1.7954154900579056e-06,1.7954154882815487e-06,-0.05671641646284633,0.05671664990234078,True,2.3343949445003842e-07,2.995939824101511e-15,0.678479820600375,6.77302362200708e-05,,6.77302362200708e-05,0.00011172122294421965,0.00018883942431303374,0.00042682838625857447,0.0007817621755474356,0.0013182663015846863,0.002112199329533211,0.0032167518963870253,6.773023622006977e-05,0.00011172122294421831,0.00018883942431303214,0.00042682838625857154,0.0007817621755474298,0.0013182663015846743,0.0021121993295331867,0.003216751896386979
14,anti,rashba,70,0.6232318650553399,0.26505040557399706,2.6108859482522435,1.1748351140240814,0.9187384245871864,0.0011690703590455176,0.0936735099000062,-1,True,False,True,6.870110412370057,6.020200757338705,62.97979924266128,0.0011690703154735456,4.3571971985317814e-11,3.7270615620510605e-08,True,8.654388788775556e-11,1.3867822836831373e-08,0.9999999999999996,1.0000000101727191,1.0172719010865672e-08,1.8141533745920526,1.81415286210067,1.81385939780847,0.00029346429219989645,0.0002939767835825613,3.991845509847855e-07,3.990617081575664e-07,False,1.22842827219063e-10,1.0924427753224976e-14,1.4332339651477008e-10,1.588299205252261e-05,-2.7593918360971705,1.588299205252261e-05,1.0494627840974364e-05,6.089989124629892e-06,2.5889539773986454e-06,1.3349065356441959e-06,6.89434771344971e-07,2.834889824459698e-07,1.5934830574507263e-13,1.5882992214095826e-05,1.0494627945091773e-05,6.089989182031531e-06,2.588953996640093e-06,1.3349065416491917e-06,6.894347729189992e-07,2.8348898356489164e-07,1.59383886425454e-13
15,node,rashba,90,0.6738745719517495,0.16690440969172377,1.865551504865803,0.9069200426043452,1.2206753953223686,4.766198548762477e-07,0.08071153390164802,-1,True,False,True,12.882167728162662,12.113111599484853,76.88688840051518,4.766198194652516e-07,3.541099607720047e-14,7.429609932300195e-08,False,1.1915591973091416e-13,1.2171402200929715e-12,1.0,1.0000000000004388,1.2107052666621519e-14,3.0381660439290576,3.038166043929037,3.0409031116877356,0.0027370677586984193,0.0027370677586779912,-0.19301123343169946,0.19301093959683993,True,2.938348595271645e-07,6.15393014701872e-16,0.6773316649817636,0.0006111126638844401,,0.0006111126638844401,0.0009727779284390431,0.0016878281197682389,0.0039053616115748207,0.0073073057290865134,0.012824789586346853,0.02209394861705298,0.03725333623082599,0.0006111126638847082,0.000972777928439173,0.0016878281197683148,0.003905361611574871,0.007307305729086579,0.012824789586346967,0.022093948617053202,0.03725333623082644
15,anti,rashba,90,0.7159498210979475,0.16690440969172377,1.865551504865803,0.9069200426043452,1.2206753953223686,0.005197579235573251,0.08087291487061554,-1,True,False,True,12.172594709837046,11.741336259630446,77.2586637403696,0.005197579246325254,1.0752003454239656e-11,2.0686559967476467e-09,False,3.606955959249662e-11,6.475256126458312e-10,1.0,0.9999999990699149,9.300851286849865e-10,3.072704785849346,3.0727024924336606,3.0617301277702653,0.01097236466339524,0.010974658079080601,7.215218288116428e-06,7.215214146635839e-06,False,4.1414805892225925e-12,2.336961867166325e-15,4.436235878132478e-09,0.0001303892568567116,-7.317537210819406,0.0001303892568567116,6.0318610760822974e-05,3.197510214371831e-05,1.3013144908884102e-05,6.523107080318533e-06,3.2637768467688e-06,1.3058194717538564e-06,5.205937494519371e-11,0.00013038925673543848,6.0318610704761014e-05,3.1975102114006844e-05,1.3013144896799158e-05,6.523107074267245e-06,3.2637768437462284e-06,1.3058194705484894e-06,5.205938528056334e-11
16,anti,rashba,64,1.2569704009260556,0.12048183130217227,2.9878566370042554,1.0460662633727975,1.3854130394755262,0.03443419596354692,0.03749880629802899,-1,True,True,False,12.51418023622064,15.081905757348945,47.918094242651065,,,,,,,,,,,,2.17484417541418,,,2.5227320298056802e-05,2.5226741529049687e-05,False,5.787690071159277e-10,3.3154785598598933e-16,5.091697799413526e-09,0.001952988332957344,-35.03159266827691,,,,,,,,,,,,,,,,
17,node,rashba,58,0.7562059402602321,0.1324336880270046,1.903271576750762,1.0988934727914663,0.9369092033611152,3.631724028983996e-07,0.07414329607517042,-1,True,False,True,9.538858143576679,8.89317411679512,48.1068258832049,3.631723892890908e-07,1.3609308803781385e-14,3.747341123711071e-08,True,4.666998051189558e-14,4.1461879487173256e-13,1.0,1.0000000000000964,6.322274844841302e-14,2.6621847803104703,2.6621847803104792,2.6622740891645114,8.930885403213296e-05,8.930885404101474e-05,0.25661619602776936,0.2566157114549981,True,4.845727712421422e-07,1.8010132679133527e-15,0.6802165588401496,0.0016691406432145428,,0.0016691406432145428,0.0026558625328759453,0.004561504784115707,0.01032360414901438,0.018609251274344752,0.030338065162117105,0.046107697359295916,0.06585187206376256,0.0016691406432147035,0.0026558625328761297,0.004561504784115983,0.010323604149014967,0.018609251274345793,0.030338065162118837,0.04610769735929866,0.06585187206376672
17,anti,rashba,58,0.8044188866734223,0.1324336880270046,1.903271576750762,1.0988934727914663,0.9369092033611152,0.007963423712789793,0.07362563740004344,-1,True,False,True,8.695091908067777,8.374098305479906,48.62590169452008,0.007963423951040393,2.3825059980442376e-10,2.9918111656143236e-08,True,7.882783473193467e-10,1.6103240864465923e-08,1.0,0.9999999836514237,1.6348576319946715e-08,2.6090865218793784,2.6090898150588755,2.6089035743190303,0.0001862407398451893,0.00018294756034809012,1.7095467456633472e-05,1.7095343066500512e-05,False,1.243901329595759e-10,9.732728481489095e-16,1.6818847723407682e-08,0.0002995971854653762,-8.662040381739178,0.0002995971854653762,0.0001465637893388567,7.860868032068751e-05,3.2168491450546377e-05,1.618246072535665e-05,8.125803399583435e-06,3.260286007605419e-06,2.9225500756079015e-10,0.00029959718056738876,0.0001465637869523498,7.860867904546603e-05,3.216849093572398e-05,1.618246047073901e-05,8.125803272116469e-06,3.2602859543159547e-06,2.922529198681515e-10
18,anti,rashba,40,1.3353079742466907,0.16873360748733943,2.688706723027011,1.0175718580697102,1.2155703076284476,0.04157214867028848,0.0521812791173565,-1,True,False,True,7.7989214392694155,8.946100297747954,30.053899702252092,0.04157214784815121,8.221372679861894e-10,1.9776155293454172e-08,True,1.9406047120460757e-09,1.7124587037380805e-08,0.9999999999999996,1.0000000175838035,1.758380353401468e-08,1.9163886416984077,1.9160920853466852,1.9152476714018534,0.0008444139448320342,0.0011409702965545776,6.35918828086916e-05,6.359131450583977e-05,False,5.683028518263522e-10,3.7040586488648064e-16,3.581470194591275e-08,0.002822812517930131,-24.252054269743862,0.002822812517930131,0.0017685370779359647,0.001008613493866719,0.00042210530906825773,0.0002131696415976527,0.00010707660912409391,4.292977651712681e-05,4.043927559154539e-09,0.002822812567565912,0.0017685371086447383,0.0010086135111788993,0.00042210531617488384,0.00021316964525650099,0.00010707661113799855,4.2929777490974415e-05,4.044056102550727e-09
19,node,rashba,81,1.4394300814514844,0.19535060183569392,2.4887029504740985,1.285376707651758,1.1598369319053092,3.467527767022574e-08,0.08452777290364788,-1,True,False,True,9.813950513182586,8.924911461917697,71.07508853808234,3.467527872740107e-08,1.057175329754645e-15,3.048786919051549e-08,True,4.355871476164171e-15,1.2296479991638802e-13,0.9999999999999996,0.9999999999999186,8.050083270946455e-14,1.9921337991654262,1.9921337991654262,1.992132151388689,1.6477767372791163e-06,1.6477767372791163e-06,-0.11418068098347307,0.1141810174225207,True,3.36439047621262e-07,1.8751897537901734e-15,0.676625713360259,0.0002378766100780757,,0.0002378766100780757,0.0003891597652664718,0.0006622752865055875,0.0015113161857665896,0.002802233956343044,0.004840047786311289,0.00808806247163634,0.013037227909849642,0.00023787661007805634,0.00038915976526644015,0.0006622752865055349,0.0015113161857664781,0.002802233956342849,0.004840047786310954,0.008088062471635748,0.013037227909848592
19,anti,rashba,81,1.47646895848071,0.19535060183569392,2.4887029504740985,1.285376707651758,1.1598369319053092,0.0026942239234011493,0.08357376478989337,-1,True,False,True,9.55190880501381,8.81475806769081,71.18524193230918,0.002694223989549614,6.614846474392588e-11,2.455195508041552e-08,True,2.3290981761469623e-10,1.0487234880666573e-08,0.9999999999999996,0.9999999911413804,8.858619568840122e-09,1.9540195624267174,1.9540184222792236,1.9537920904042956,0.00022633187492804296,0.00022747202242179299,2.1759255911907e-07,2.1748257491779885e-07,False,1.0998420127116212e-10,3.1134619682466962e-15,1.1483561883990982e-11,5.0901015399324705e-05,-4.871580702304644,5.0901015399324705e-05,3.125589381270957e-05,1.7729398648030452e-05,7.435701370753372e-06,3.7961387891484556e-06,1.9430880480902047e-06,7.949292676001918e-07,4.7346521783962025e-14,5.0901014948411974e-05,3.125589353863354e-05,1.7729398495713193e-05,7.43570131274099e-06,3.7961387646253873e-06,1.943088038040842e-06,7.949292630499515e-07,4.7327496546929927e-14
20,node,rashba,64,0.5739851565829002,0.17989749870196242,1.8753278701646616,1.2072918488193816,0.8031089418342402,3.923179455186731e-08,0.11134031365418727,-1,True,False,True,5.345376981168551,4.3878464376104,58.612153562389615,3.923179152148438e-08,3.0303829304992602e-15,7.724303629529033e-08,True,4.7721005895806166e-15,7.312453972653734e-13,1.0,0.9999999999998165,2.3660705808462627e-13,2.6094851970733615,2.6094851970733624,2.6095238104077834,3.861333442101156e-05,3.8613334421899737e-05,0.022297499242567347,0.022297469108939434,True,3.0133627912376504e-08,9.704924387213343e-15,0.6819673415280186,1.139118130638575e-05,,1.139118130638575e-05,1.821391079609315e-05,3.1346278180912856e-05,7.133065496113545e-05,0.00012986440577826916,0.00021567516915113214,0.00033696001955050485,0.0004971784724722915,1.139118130638366e-05,1.821391079608919e-05,3.134627818090605e-05,7.133065496112091e-05,0.00012986440577824357,0.00021567516915108861,0.0003369600195504319,0.0004971784724721738
20,anti,rashba,64,0.6113082592075968,0.17989749870196242,1.8753278701646616,1.2072918488193816,0.8031089418342402,0.0005302325854596032,0.11058396312497543,-1,True,False,True,5.334960946992052,4.387022174065731,58.61297782593426,0.0005302326133921418,2.793253866054113e-11,5.2679785110395154e-08,True,5.5486094048484126e-11,1.6438189603856272e-08,0.9999999999999993,0.9999999880361155,1.1963884563434268e-08,2.5612646411041666,2.561264669341159,2.561162417511203,0.00010225182995604598,0.00010222359296374606,1.2918521171763312e-06,1.2918385111637676e-06,False,1.36060125636322e-11,3.119991160231591e-14,9.24909109778528e-09,2.8193342780402153e-06,-0.9413285917556558,2.8193342780402153e-06,1.3943898109120281e-06,7.49928215371549e-07,3.0769565304546935e-07,1.5530724235263682e-07,7.832683590538226e-08,3.155240462789408e-08,1.668881892652888e-12,2.8193342443100255e-06,1.3943897944068244e-06,7.499282066117126e-07,3.076956496308087e-07,1.553072407539476e-07,7.83268351380987e-08,3.155240429268406e-08,1.6688604175674232e-12
21,node,rashba,100,1.2416985065929644,0.21843448375868557,2.62369731455048,0.750658376784018,1.1441703125000398,2.6311615712899986e-07,0.047767322153773946,-1,True,False,True,16.673932956394253,16.36795132844154,82.63204867155847,2.6311614394737435e-07,1.3181625510388895e-14,5.009812264750524e-08,True,6.838100950952214e-14,5.613280520046068e-13,1.0,0.9999999999999302,7.932867782952813e-14,1.7418003451915425,1.741800345191522,1.7417996307337646,7.144577574003108e-07,7.144577778284145e-07,-0.31605529275620997,0.31605654088813756,True,1.2481319275892133e-06,1.804278994336378e-15,0.6744165481372518,0.0014811461604124902,,0.0014811461604124902,0.002467001920142058,0.00416921002489011,0.009529474501753689,0.01789290270976055,0.03181832424401483,0.05645730965738863,0.09989094807921356,0.0014811461604123867,0.0024670019201418905,0.00416921002488985,0.009529474501753128,0.01789290270975951,0.031818324244012916,0.05645730965738484,0.09989094807920564
21,anti,rashba,100,1.2687374345421794,0.21843448375868557,2.62369731455048,0.750658376784018,1.1441703125000398,0.005505422207873804,0.047162860733246485,-1,True,False,True,15.098158580008423,15.373057315376208,83.62694268462386,0.005505422076012885,1.3186091975259107e-10,2.3951100346855286e-08,True,6.879431567330226e-10,1.3394608267978936e-08,1.0,1.0000000131504498,1.315044979237467e-08,1.7108702381777263,1.710861421746963,1.7106373850972332,0.0002240366497296975,0.00023285308049292297,3.0165410258658283e-05,3.01648479632266e-05,False,5.622954316824669e-10,8.301367301665304e-16,3.453894173493772e-08,0.00026345682014707137,-19.088150823395445,0.00026345682014707137,0.00018420182651021847,0.00010859943324185183,4.6084696445076225e-05,2.3489819939765076e-05,1.2000048251647773e-05,4.91977737658158e-06,9.099519760732225e-10,0.00026345682361164706,0.00018420182892045134,0.00010859943464856013,4.60846970131421e-05,2.3489820200495045e-05,1.2000048367773987e-05,4.919777428954925e-06,9.099602261548456e-10
22,node,rashba,42,0.7770806953073258,0.27472766677628413,2.0231811747932964,0.7185501675544899,1.2125290199619347,3.4993625647126906e-07,0.09611395998073928,-1,True,False,True,9.3650486088819,9.61405553760976,31.385944462390217,3.499361944063168e-07,6.206495224654729e-14,1.7736073670218e-07,False,1.664892458903853e-13,4.869246293913584e-13,1.0,0.9999999999998849,8.004987385464978e-15,2.921828464800848,2.921828464800849,2.9281289762846976,0.006300511483848581,0.006300511483849469,-0.5647922216713068,0.5647924104165123,True,1.8874520546496854e-07,9.316940283059936e-16,0.6868396106250138,0.011057903362070576,,0.011057903362070576,0.017501130402183873,0.02991667341181353,0.06627300262875369,0.11472763002573791,0.1750231323135563,0.24436451610185278,0.31899025366041056,0.011057903362069302,0.017501130402183408,0.029916673411813505,0.06627300262875423,0.11472763002573896,0.1750231323135579,0.2443645161018549,0.3189902536604131
22,anti,rashba,42,0.8649118328510529,0.27472766677628413,2.0231811747932964,0.7185501675544899,1.2125290199619347,0.033417304852193255,0.09567365575803947,-1,True,False,True,7.5900291113483,7.9660791796407855,33.033920820359235,0.03341730564865636,7.964631038026582e-10,2.3833852171067124e-08,False,1.9519187612547096e-09,1.6032414562679024e-08,0.9999999999999999,0.9999999806835128,1.931648718547993e-08,2.848899464925145,2.8489042248951053,2.8481980743432445,0.0007061505518608513,0.0007013905819004407,-3.475995135365827e-05,-3.476008127167862e-05,False,1.299180203521988e-10,4.969946412461351e-16,1.772526402053686e-08,0.0016229917670442177,-12.096937756448517,0.0016229917670442177,0.000763630573800473,0.00040620496341474253,0.00016556158686938032,8.304354901294506e-05,4.15665912875589e-05,1.6633805475127926e-05,1.2082542181088075e-09,0.001622991735693718,0.000763630559106895,0.00040620495560907805,0.0001655615836954236,8.304354742369673e-05,4.1566590492330496e-05,1.663380515815223e-05,1.2082601699643399e-09
23,node,rashba,51,1.2911165361770758,0.2048917885687112,2.6156285639789356,0.9285698991292667,1.3275559057659256,2.7533382428615265e-06,0.06619966128519712,-1,True,False,True,12.24242165551108,13.52664492369081,36.473355076309204,2.7533381878108893e-06,5.5050637205527556e-14,1.9994142509826103e-08,True,2.1464486555106991e-13,5.335290123647737e-13,0.9999999999999998,1.000000000000051,4.1043442012482834e-14,2.2956317728747457,2.2956317728742732,2.295633752207396,1.9793331227369038e-06,1.9793326502259845e-06,0.6547837017317871,0.6547802998197373,True,3.401912049838529e-06,4.14028592239442e-16,0.6810820460569592,0.012343153033160706,,0.012343153033160706,0.019813195883851855,0.03371461273074277,0.07541710954347047,0.13387304236573852,0.21268220928453144,0.3120833432120449,0.4287416960535819,0.012343153033161337,0.019813195883852587,0.033714612730743776,0.07541710954347251,0.13387304236574224,0.21268220928453804,0.3120833432120561,0.4287416960535995
23,anti,rashba,51,1.363487895121495,0.2048917885687112,2.6156285639789356,0.9285698991292667,1.3275559057659256,0.03284937794755874,0.06545891279666885,-1,True,False,True,9.5437194125287,10.662346498552125,39.33765350144787,0.03284937723906466,7.084940759072289e-10,2.1567960192070606e-08,True,2.221266232014667e-09,1.6798685005218662e-08,1.0,1.000000017796681,1.7796680957199804e-08,2.2355948115383013,2.235517451970228,2.2350970368095027,0.0004204151607254403,0.0004977747287986389,-8.729205322514054e-06,-8.729474955393446e-06,False,2.6963287939191227e-10,3.329389741334686e-16,8.532015190337582e-10,0.0017511672296778597,-18.78738862219273,0.0017511672296778597,0.0009542450234315892,0.0005243982760625254,0.00021643042495279806,0.00010903059186130948,5.474798268842807e-05,2.1952932036299934e-05,7.619902556260857e-11,0.0017511672608428242,0.0009542450403200686,0.0005243982852903967,0.00021643042869562478,0.00010903059372387903,5.474798364118904e-05,2.1952932442368302e-05,7.619221506328821e-11
24,node,rashba,71,0.95378233349241,0.2556894698081068,2.7390118999985527,1.0187857269377112,1.067215500714336,1.2322374725640463e-07,0.07277546701354884,-1,True,False,True,10.23484385863601,9.498029301582061,60.501970698417956,1.232237441502257e-07,3.1061789260130375e-15,2.5207632418041013e-08,True,7.261615128489986e-15,1.252743449484824e-13,1.0,0.999999999999895,1.0782056756174075e-13,1.7451533964344836,1.74515339643448,1.745152102619549,1.293814931191406e-06,1.2938149347441197e-06,-0.20903990719752752,0.20904083626761766,True,9.290700901387616e-07,4.489457546418839e-16,0.6776116361378388,0.0009082788552022071,,0.0009082788552022071,0.0015103391723568398,0.0025413159869262787,0.005729404091411067,0.010499743413280905,0.01774487503474163,0.028544848569955157,0.043697682801150904,0.0009082788552021117,0.0015103391723566824,0.0025413159869260207,0.0057294040914105055,0.01049974341327989,0.017744875034739895,0.028544848569952236,0.04369768280114619
24,anti,rashba,71,0.9891307981966838,0.2556894698081068,2.7390118999985527,1.0187857269377112,1.067215500714336,0.0047228250437467804,0.07139136229554958,-1,True,False,True,9.650126880922837,9.19412801993172,60.80587198006826,0.00472282525841834,2.1467155917470615e-10,4.5454057092150884e-08,True,6.425578630838714e-10,2.2490192857771158e-08,1.0,0.9999999794020128,2.059798724803228e-08,1.7018559656703323,1.701848270779137,1.7014283220341295,0.00041994874500739243,0.0004276436362027347,-3.6716324723416564e-06,-3.671949203032376e-06,False,3.1673069071951724e-10,1.2702180480253225e-15,1.0727122908933244e-09,0.000177001439713674,-9.455360281802449,0.000177001439713674,0.0001245864075623974,7.371022255344771e-05,3.1474194065697584e-05,1.6170027220836834e-05,8.30434900337681e-06,3.3968618989401923e-06,1.3480885011950448e-11,0.0001770014360678006,0.00012458640502943023,7.371022109361528e-05,3.1474193511744827e-05,1.617002699079782e-05,8.30434890580078e-06,3.3968618510062734e-06,1.3482585867302437e-11
25,node,rashba,92,1.245553065588832,0.22416876422976667,2.562854092689767,0.7631012395473444,1.3739390217586795,6.775652846219682e-07,0.062454764882866595,-1,True,False,True,17.632394872276215,17.927686979974215,73.0723130200258,6.775652699153739e-07,1.470659430010974e-14,2.1705058735875087e-08,True,6.602390895343812e-14,3.1968923674843077e-13,1.0,0.999999999999998,5.2093292372579226e-15,2.432106746067678,2.4321067460676575,2.432107385728964,6.396613065895451e-07,6.396612861614415e-07,-0.4318353972145106,0.43183607707720795,True,6.798626973614219e-07,7.505323430296022e-16,0.6756051079179197,0.0030002381199025823,,0.0030002381199025823,0.004817567892954048,0.008305416320455986,0.01916918146604743,0.03589680010158704,0.063182033615826,0.10952397870849079,0.1864818102874142,0.0030002381199025763,0.004817567892954072,0.008305416320456052,0.01916918146604761,0.03589680010158737,0.06318203361582654,0.10952397870849157,0.18648181028741517
25,anti,rashba,92,1.2889351376130993,0.22416876422976667,2.562854092689767,0.7631012395473444,1.3739390217586795,0.012250639257478255,0.061987335339119744,-1,True,False,True,15.192718141327632,16.080583834428115,74.91941616557177,0.012250639037371109,2.2010714605114057e-10,1.7966992695240685e-08,True,9.31681305041856e-10,1.1303192968408868e-08,0.9999999999999998,1.0000000116900993,1.1690099372725234e-08,2.3984153042164813,2.398408028015246,2.398286752578075,0.00012127543717088685,0.00012855163840619355,-3.248996473336342e-05,-3.2490106178367784e-05,False,1.4144500436359675e-10,7.619323712099535e-16,2.3613219529022618e-08,0.00048590956465581427,-17.005619688299433,0.00048590956465581427,0.0002506426604422878,0.00013595739582297642,5.582055743369163e-05,2.8090638684796562e-05,1.4122341397776214e-05,5.678457015504156e-06,1.0555978083749052e-09,0.00048590957033614536,0.0002506426633665733,0.00013595739740509378,5.5820558075471405e-05,2.809063900016104e-05,1.4122341551767478e-05,5.678457076858356e-06,1.0555932341612514e-09
26,node,rashba,90,1.2892977473896918,0.1599456458664647,2.590262121124664,1.2590433996048176,1.0782290943695685,1.1695570940454468e-07,0.05905230146638473,-1,True,False,True,11.96446525450903,11.169979002833452,77.83002099716666,1.1695570962068937e-07,2.1614468957516009e-16,1.84809010757675e-09,True,3.4850045802049997e-15,8.080056113805472e-14,0.9999999999999998,0.9999999999999593,4.160945745740054e-14,1.7260918384847876,1.726091838484784,1.7260918143100454,2.4174738655347028e-08,2.4174742208060707e-08,0.15656971621205926,0.15656891231240191,True,8.038996573422885e-07,2.019028177601692e-15,0.6749264365585727,0.00040356786733218293,,0.00040356786733218293,0.0006725986969316414,0.0011343759952486265,0.002581754965496762,0.004815706529287214,0.00844404603487995,0.014541711334967258,0.024514076034724774,0.0004035678673321665,0.0006725986969316144,0.0011343759952485816,0.0025817549654966604,0.004815706529287023,0.008444046034879613,0.014541711334966666,0.024514076034723754
26,anti,rashba,90,1.317299010916446,0.1599456458664647,2.590262121124664,1.2590433996048176,1.0782290943695685,0.0027966904409074357,0.05823253969477618,-1,True,False,True,11.469892721409675,10.93527906276015,78.06472093723991,0.002796690563262007,1.2235457135315042e-10,4.374977278981592e-08,True,5.33287384327463e-10,2.0280573646132876e-08,0.9999999999999999,0.9999999821148869,1.7885113094820227e-08,1.691784192862161,1.6917814152261696,1.691524573690385,0.0002568415357844245,0.00025961917177586,7.716811457236968e-06,7.716494544035557e-06,False,3.1691320141052914e-10,1.6862959805581449e-15,8.029811985466046e-09,8.240012921615337e-05,-8.872412919899709,8.240012921615337e-05,5.830213354947156e-05,3.45325410844594e-05,1.4724032035451259e-05,7.552512520422765e-06,3.889270454783816e-06,1.6044449318550407e-06,5.95491790665287e-11,8.240012774241774e-05,5.83021325168298e-05,3.453254048529388e-05,1.4724031804374831e-05,7.552512424640536e-06,3.889270418028542e-06,1.6044449146513657e-06,5.954714403854761e-11
27,node,rashba,64,0.8573001541048281,0.2850030412713882,2.405538136448873,0.803935599095571,1.2446851125724567,8.409504554654446e-07,0.09133164998776248,-1,True,False,True,11.477739488877356,11.104955515783066,51.895044484216946,8.409504902456847e-07,3.478024007577511e-14,4.135825107143219e-08,True,9.648790999976713e-14,6.453708100984323e-13,0.9999999999999998,0.9999999999999301,3.2990528888405716e-14,2.609622305807962,2.609622305807944,2.6096609209493273,3.8615141383147034e-05,3.8615141365383465e-05,0.36459358559836946,0.3645927977441682,True,7.878542012673684e-07,6.214590150919005e-16,0.6803968833740968,0.003052641175036545,,0.003052641175036545,0.004873340338680022,0.008383229013514472,0.01907357659843797,0.034724279221291524,0.05766781939474915,0.09009465649685247,0.1329284826594756,0.003052641175036332,0.004873340338679833,0.00838322901351424,0.019073576598437537,0.03472427922129073,0.057667819394747744,0.09009465649684997,0.13292848265947121
27,anti,rashba,64,0.9151912475755035,0.2850030412713882,2.405538136448873,0.803935599095571,1.2446851125724567,0.013686769534655543,0.09083063910510358,-1,True,False,True,10.159800663866953,10.198092174309252,52.801907825690805,0.013686768944495767,5.901597769503164e-10,4.3118997178699043e-08,True,1.5692040550723193e-09,2.5225325666888227e-08,1.0,1.000000026037732,2.6037732005818748e-08,2.561427361555964,2.561421090870864,2.5612404725328917,0.00018061833797222704,0.00018688902307228972,-1.7846598684115485e-05,-1.7846686368311326e-05,False,8.768419584165299e-11,5.123050016754981e-16,9.657506856175413e-09,0.0005153068510187778,-10.482333508924496,0.0005153068510187778,0.0002547161304143571,0.00013690555612421546,5.605231561461864e-05,2.8193253337951456e-05,1.415525050535822e-05,5.678588743379502e-06,3.185010845918346e-10,0.0005153068644361995,0.00025471613702413286,0.00013690555966465164,5.605231704496451e-05,2.81932540435525e-05,1.415525085535553e-05,5.6785888850776276e-06,3.184960313110953e-10
28,node,rashba,89,1.2793348943296898,0.23888899148017054,2.4621777350168217,1.1628392710767956,1.2603987807656847,1.4293575382660285e-08,0.10428042124875972,-1,True,False,True,9.882542276977556,8.940384633096508,79.05961536690356,1.4293575176854668e-08,2.0580561682379443e-16,1.43984700338489e-08,True,2.228612149285349e-15,1.0046831998684419e-13,1.0,0.9999999999999961,4.599481910435301e-15,2.3735034526583974,2.3735034526583982,2.3735041678997164,7.152413181721329e-07,7.152413190603113e-07,-0.08685116896683866,0.08685128507255549,True,1.1610571683251525e-07,5.756290122971074e-15,0.6769256368186556,0.0001252046237625512,,0.0001252046237625512,0.00020160031024788033,0.0003471300851893488,0.0007998255296195341,0.0014944330604751348,0.002618195090704984,0.004495818701940843,0.007543125550906365,0.00012520462376255071,0.00020160031024787963,0.0003471300851893475,0.0007998255296195301,0.001494433060475125,0.0026181950907049655,0.004495818701940816,0.0075431255509063305
28,anti,rashba,89,1.3200207830463704,0.23888899148017054,2.4621777350168217,1.1628392710767956,1.2603987807656847,0.0022506124375537002,0.10349974678191007,-1,True,False,True,9.717856040453652,8.877839792488748,79.12216020751129,0.0022506124967838935,5.923019323270107e-11,2.631736688395859e-08,True,1.6502858823256804e-10,1.0507656790378841e-08,1.0,0.999999991492592,8.507407968632372e-09,2.3386963088437547,2.3386960904457226,2.3385850250528897,0.00011106539283289862,0.00011128379086500217,-2.8281071094114762e-06,-2.8281248436873292e-06,False,1.7734275852963644e-11,6.2223835173118446e-15,3.228001564903821e-09,2.7839918775527883e-05,-3.3646561665957258,2.7839918775527883e-05,1.4633444738058803e-05,7.974994290259434e-06,3.2862269682582828e-06,1.6614451963970869e-06,8.411731210815462e-07,3.4086228889540116e-07,7.998189822304122e-12,2.7839918538682336e-05,1.4633444614259777e-05,7.974994223436117e-06,3.2862269419386482e-06,1.6614451842162641e-06,8.411731155717448e-07,3.408622866718117e-07,7.998299714137554e-12
29,node,rashba,44,0.4589302163611463,0.21179565016986263,2.994688019953508,1.2194892151847752,0.9588430699487341,1.1223480337516529e-07,0.06402073110228997,-1,True,False,True,8.857628604925553,8.72519559075726,34.27480440924271,1.1223480323040925e-07,1.447560380965184e-16,1.2897606958212861e-09,True,8.612808158130115e-16,1.6935161171721588e-14,0.9999999999999999,1.0000000000000124,1.1914773765478087e-14,1.6752865564462711,1.6752865564462667,1.675282523826101,4.0326201657947536e-06,4.032620170235646e-06,0.4527657378701752,0.45276359648363346,True,2.141386541754109e-06,3.4894884933695047e-16,0.6827517503510762,0.006823883620541077,,0.006823883620541077,0.011368742652700338,0.01887934511347818,0.04119312929680623,0.07150823745100635,0.11003475406754902,0.15531389075605767,0.20499681338912423,0.006823883620541162,0.011368742652700478,0.018879345113478413,0.04119312929680672,0.07150823745100718,0.11003475406755032,0.1553138907560595,0.20499681338912668
29,anti,rashba,44,0.5074737292343755,0.21179565016986263,2.994688019953508,1.2194892151847752,0.9588430699487341,0.014452194766484721,0.06200467832678005,-1,True,False,True,7.487040104142698,7.638716872580179,35.361283127419846,0.01445219439812637,3.6835835076631795e-10,2.548805608547134e-08,True,8.884866072315161e-10,1.68785486687158e-08,1.0,1.0000000172082044,1.7208204408013282e-08,1.6064654624999175,1.606352250683968,1.6051219766862446,0.0012302739977236854,0.001343485813673162,5.50542145621221e-06,5.5047956644405085e-06,False,6.257917717017591e-10,4.165875965846159e-16,6.376208217134809e-10,0.0010803537284214584,-16.329551005832798,0.0010803537284214584,0.0008082772136352365,0.0004890497965087716,0.0002108468791099894,0.00010800906994877242,5.481965001126937e-05,2.2111244349599743e-05,3.030966541049182e-11,0.0010803537470124062,0.0008082772272763416,0.0004890498045013925,0.00021084688221888025,0.00010800907141353942,5.4819650792485865e-05,2.2111244736523675e-05,3.0316033978848194e-11
30,node,rashba,81,0.8369500667251762,0.22754456108478419,1.9562634626355624,0.8416585585288296,1.217109578368349,3.1583257070734445e-07,0.09705940843608876,-1,True,False,True,11.105891120688808,10.26306492222065,69.73693507777932,3.1583254735349985e-07,2.3353844603136932e-14,7.394374985085683e-08,False,6.685034402318934e-14,8.0707185998255e-13,0.9999999999999996,0.9999999999998022,8.632197049099057e-15,2.988112981576151,2.9881129815761565,2.989248675200341,0.0011356936241844195,0.0011356936241897486,-0.17591983765388886,0.17591979164472848,True,4.600916037045266e-08,1.2188786801639066e-15,0.6788657160670094,0.0005628086137685961,,0.0005628086137685961,0.0008960980942211696,0.0015526264726640946,0.003577765446731417,0.006645776036603829,0.011484942482976155,0.01919659717692473,0.030947789280170623,0.0005628086137684847,0.0008960980942211247,0.0015526264726640818,0.0035777654467314423,0.00664577603660389,0.011484942482976265,0.019196597176924908,0.03094778928017089
30,anti,rashba,81,0.883396446615066,0.22754456108478419,1.9562634626355624,0.8416585585288296,1.217109578368349,0.005222862209385302,0.09685874848323542,-1,True,False,True,10.593615485336583,10.009147458899294,69.99085254110074,0.005222862246477908,3.709260676387771e-11,7.101969241544146e-09,True,1.095111693358185e-10,3.033404193987538e-09,1.0,0.9999999967508678,3.2491321570754414e-09,2.9498209077088955,2.9498218160027827,2.949577335679139,0.00024448032364388084,0.0002435720297566668,5.608509052756915e-06,5.608468529004484e-06,False,4.0523752431791615e-11,1.706163667938138e-15,3.4520801508039583e-09,0.00011249389675793158,-6.022787593561608,0.00011249389675793158,5.2379513268507375e-05,2.780298265436095e-05,1.1321920653124734e-05,5.6777984508443955e-06,2.842502375119255e-06,1.137989763934918e-06,3.145537379484971e-11,0.00011249389639242404,5.237951309858459e-05,2.780298256420684e-05,1.1321920616447549e-05,5.677798432479525e-06,2.8425023659350493e-06,1.1379897602458236e-06,3.1455356474471654e-11
31,node,rashba,82,0.673292149584471,0.15976194891261486,1.9620091558539603,1.0100571462381285,1.044771987008608,5.263639188772196e-08,0.08130573320983837,-1,True,False,True,10.780757420343583,9.910452640437923,71.08954735956216,5.263639296178703e-08,1.0740650674612222e-15,2.040537029499091e-08,True,3.4911128554753107e-15,1.4787187686627577e-13,1.0,1.000000000000006,1.4345431698274028e-14,2.87647987431067,2.87647987431067,2.8766603892558535,0.00018051494518367406,0.00018051494518367406,0.14753483300704084,0.1475347570552182,True,7.595182263675504e-08,1.2240027831709148e-15,0.6772254558429468,0.00039196023764998715,,0.00039196023764998715,0.0006237133388970639,0.0010797745846510963,0.0024883389459165687,0.004625934846745996,0.008009113075409687,0.013433908378892013,0.02176652695041542,0.0003919602376499895,0.000623713338897071,0.0010797745846511094,0.002488338945916594,0.004625934846746033,0.008009113075409748,0.013433908378892148,0.021766526950415734
31,anti,rashba,82,0.7124150359628052,0.15976194891261486,1.9620091558539603,1.0100571462381285,1.044771987008608,0.0036851419947720974,0.08105321528712557,-1,True,False,True,10.363985009230944,9.713818772251491,71.28618122774853,0.0036851419799869226,1.4785174820564073e-11,4.012104510908661e-09,True,4.4898932055007173e-11,1.7597012865063913e-09,1.0,1.0000000016827186,1.6827187389914085e-09,2.8386661143900866,2.8386668604169314,2.8386089971639645,5.786325296686101e-05,5.711722612211645e-05,-1.1140665442141906e-05,-1.1140718686117322e-05,False,5.324397541615802e-11,2.049367470985888e-15,1.8866517683326646e-08,8.022628194573545e-05,-5.977742915834646,8.022628194573545e-05,3.7764886682888814e-05,2.0090165167687445e-05,8.18928826502445e-06,4.109627320792666e-06,2.059167391215418e-06,8.249960255049134e-07,1.2411442649373597e-10,8.022628208073372e-05,3.776488674630369e-05,2.0090165201383395e-05,8.189288278701782e-06,4.109627327603723e-06,2.0591673945968666e-06,8.249960268495329e-07,1.2411439047523055e-10
32,node,rashba,68,0.9111821699085297,0.1749302232071294,2.663373910088429,1.170617528752854,1.0256966923993147,6.133422555104057e-07,0.06067158128990855,-1,True,False,True,11.360678383586247,10.86091134072746,56.13908865927256,6.133422865405886e-07,3.103018286097829e-14,5.0591953484691624e-08,True,1.0358270256262123e-13,1.026999101216706e-12,1.0,1.0000000000002047,2.2512636590650462e-13,1.8211100372424385,1.8211100372423266,1.8211071018918215,2.935350504884582e-06,2.9353506167950627e-06,-0.29555061413364636,0.2955530221407822,True,2.40800713585676e-06,8.113321094187998e-16,0.6773954035279615,0.0018963241422662001,,0.0018963241422662001,0.0031321682463771633,0.005281521735060797,0.011906484683187482,0.02174651305690816,0.03648264195266213,0.05796807859591348,0.08735016551477548,0.0018963241422665883,0.003132168246377781,0.005281521735061771,0.011906484683189583,0.021746513056912015,0.036482641952668905,0.057968078595925225,0.08735016551479514
32,anti,rashba,68,0.9476088263331663,0.1749302232071294,2.663373910088429,1.170617528752854,1.0256966923993147,0.006932131154271487,0.059682548956568264,-1,True,False,True,10.288764415366973,10.188289299560738,56.81171070043937,0.006932130924407554,2.298639334430419e-10,3.31592014529908e-08,True,7.909218972934454e-10,1.8504010999710263e-08,1.0,1.0000000181439168,1.8143916705409108e-08,1.7759226434548827,1.7759068117595458,1.7754613696991643,0.00044544206038121814,0.000461273755718139,-2.2160642538595916e-06,-2.216502979421331e-06,False,4.387255617393365e-10,9.968821674715376e-16,2.1373970379574105e-10,0.00033788629828590457,-13.264462244228381,0.00033788629828590457,0.00022781909506156196,0.00013287274951056258,5.632008202273569e-05,2.8788459510955094e-05,1.4690592422528231e-05,5.972822812701268e-06,4.9109407772360535e-12,0.0003378863044164854,0.00022781909915453138,0.00013287275185365258,5.63200829387022e-05,2.8788459921106587e-05,1.4690592613742785e-05,5.972822902548295e-06,4.909876279581094e-12
33,anti,rashba,47,1.07989826733978,0.19839048731855163,2.1591235675385674,0.7114412557171373,1.1567355838615747,0.03421497462070494,0.06101282198097244,-1,True,False,True,8.90005647229736,9.977327659074696,36.022672340925325,0.03421497394206455,6.786403938807695e-10,1.983460170302436e-08,True,2.1513857434152224e-09,1.5765954950856385e-08,1.0,1.000000016803258,1.6803257850490712e-08,2.4217656419549707,2.4216946073559447,2.421340810821805,0.00035379653413958323,0.00042483113316560406,6.175538242612476e-05,6.175507813455106e-05,False,3.0429157370920334e-10,2.76703990073454e-16,3.934484437728959e-08,0.002062357456126414,-20.802434600494802,0.002062357456126414,0.0010575765044952838,0.0005730093438301992,0.00023519809105911903,0.00011825867128298164,5.929863729431491e-05,2.375988252576914e-05,3.813727258597422e-09,0.002062357490780738,0.0010575765221777897,0.0005730093533747842,0.00023519809494195495,0.0001182586732355418,5.929863830326698e-05,2.3759882969268916e-05,3.81376760387182e-09
34,node,rashba,86,0.7090568846246826,0.1327192031958904,2.2234303850983794,0.7122442679564552,0.8859738404698705,1.7708688551298632e-07,0.03431627702563641,-1,True,False,True,17.206682877071056,17.748755653063217,67.25124434693677,1.7708688070792308e-07,4.805063246851433e-15,2.7133930516266622e-08,True,3.011667944782622e-14,1.7654094279252136e-13,0.9999999999999996,1.000000000000033,3.525451757642263e-14,1.8776723940137794,1.8776723940137687,1.8776719428902593,4.5112350921527877e-07,4.511235198734198e-07,0.4695120542638225,0.4695101283699504,True,1.925893872101181e-06,1.1262323655197798e-15,0.6750580840358945,0.003797116307335125,,0.003797116307335125,0.0062535835929062155,0.010604290588692456,0.02419225763387008,0.045024683803252724,0.07845558245564618,0.13337365439284932,0.2204415690990345,0.0037971163073352507,0.006253583592906415,0.010604290588692776,0.024192257633870777,0.045024683803254,0.07845558245564851,0.13337365439285354,0.22044156909904228
34,anti,rashba,86,0.7346209001650311,0.1327192031958904,2.2234303850983794,0.7122442679564552,0.8859738404698705,0.007901088776848654,0.03382992843181372,-1,True,False,True,14.561740028109003,15.625443802758204,69.37455619724182,0.00790108878686384,1.0015186596712411e-11,1.2675704424507131e-09,True,5.6747845112429724e-11,8.324665774060718e-10,1.0,0.9999999991372014,8.627986021917664e-10,1.8417746839297324,1.8417508008144248,1.8414868758496572,0.00026392496476734806,0.0002878080800750027,3.987830420948413e-05,3.987733485436018e-05,False,9.693551239475795e-10,9.142751857224562e-16,3.0812900325503877e-08,0.0006001258495194729,-32.035645945107,0.0006001258495194729,0.000389904324898781,0.00022461097112896834,9.43892915735409e-05,4.78873944023244e-05,2.427867592482146e-05,9.845590619609255e-06,1.5902791466241427e-09,0.0006001258490016851,0.0003899043245637854,0.00022461097093739795,9.43892914956641e-05,4.7887394365112165e-05,2.427867590680254e-05,9.845590611308674e-06,1.5902781773394602e-09
35,node,rashba,67,0.8711692379237673,0.274848780398959,2.053057830430245,0.8084201600507182,1.0548432498052538,4.489878816913745e-07,0.10181160128086243,-1,True,False,True,8.942561233068165,8.070286810702342,57.92971318929768,4.4898783572624566e-07,4.5965128826277877e-14,1.0237498761241269e-07,True,1.2013621824192495e-13,1.956149930357462e-12,0.9999999999999997,0.9999999999997728,1.3755858357303263e-13,2.494421788549637,2.4944217885496283,2.494432287282241,1.0498732612607142e-05,1.0498732603725358e-05,-0.16481401138785115,0.16481442358407322,True,4.1219622207155915e-07,2.519615053727847e-15,0.6811410514723628,0.0005952184730124927,,0.0005952184730124927,0.0009545045676845958,0.0016410400416784568,0.003739661019152267,0.006836388149594599,0.01144712264796632,0.01811803454798553,0.027163658349754736,0.0005952184730123575,0.0009545045676844589,0.0016410400416782761,0.0037396610191519106,0.006836388149593953,0.011447122647965156,0.01811803454798341,0.027163658349751
35,anti,rashba,67,0.9173149154324007,0.274848780398959,2.053057830430245,0.8084201600507182,1.0548432498052538,0.004856456614072438,0.10103011697672529,-1,True,False,True,8.575956282182727,7.8964202782068265,58.10357972179317,0.004856456455363947,1.5870849079391292e-10,3.2679894706364126e-08,True,4.1839583390550044e-10,1.4893592204027903e-08,0.9999999999999993,1.0000000135500082,1.355000832785849e-08,2.4483655506394246,2.4483642445158242,2.448183052181072,0.0001811923347521116,0.000182498458352498,9.542305868406528e-06,9.54221836095559e-06,False,8.750745093821788e-11,1.7750404321387525e-15,1.1318475931228092e-08,0.00012007259929916087,-5.673616365950343,0.00012007259929916087,6.109224990506373e-05,3.305272542987229e-05,1.35833427005705e-05,6.855722806324555e-06,3.4571526292473956e-06,1.3926424775781604e-06,9.105560128623878e-11,0.0001200726009261456,6.109225072815257e-05,3.305272587171028e-05,1.358334287636335e-05,6.855722890771526e-06,3.4571526705414236e-06,1.3926424953691474e-06,9.105657601425185e-11
36,node,rashba,54,0.578143416410993,0.2605754417963657,2.539504306493625,0.9715169408106848,0.8870820037711407,1.2350833954403342e-07,0.07514433773890875,-1,True,False,True,8.050398995221615,7.326720318103918,45.67327968189614,1.235083239128783e-07,1.563115511423504e-14,1.265595114624806e-07,True,3.520026558491779e-14,5.764918454851062e-13,1.0,1.000000000000106,1.259837683172362e-13,1.7132568497555045,1.7132568497554965,1.7132547007329926,2.1490225039499933e-06,2.149022511943599e-06,0.22717347523601084,0.22717218942193884,True,1.285814071994018e-06,8.584883207342021e-16,0.6809012080703631,0.0014035806717443413,,0.0014035806717443413,0.0023363670732105676,0.003906401939823556,0.008664130174444395,0.015445864246282887,0.02480464099480849,0.03694968009468611,0.05160778785080642,0.0014035806717444899,0.0023363670732108066,0.0039064019398239135,0.00866413017444512,0.015445864246284207,0.02480464099481084,0.03694968009469014,0.05160778785081292
36,anti,rashba,54,0.6159640460438619,0.2605754417963657,2.539504306493625,0.9715169408106848,0.8870820037711407,0.005496878105951324,0.07325469511137427,-1,True,False,True,7.529545859821966,7.049695360676445,45.95030463932351,0.005496878260755276,1.548039517754174e-10,2.8162158372734382e-08,True,3.8682810999872165e-10,1.435562109295977e-08,0.9999999999999998,0.9999999867608697,1.3239130369043386e-08,1.6567406139468819,1.6567240204779576,1.6559726400906547,0.0007513803873031577,0.0007679738562273997,1.177282648557351e-05,1.1772411387736546e-05,False,4.1509783696432143e-10,1.2634699382659666e-15,9.5591735066205e-09,0.0002685019116539766,-9.650271327798707,0.0002685019116539766,0.00019454024589851988,0.00011639662014523946,5.011114857843566e-05,2.5846175163824434e-05,1.3252999565388516e-05,5.392464952690722e-06,1.385994434594218e-10,0.00026850190809924476,0.00019454024337761167,0.00011639661869762364,5.0111148049644276e-05,2.5846174946448912e-05,1.3252999461091632e-05,5.392464894044502e-06,1.3859439627888153e-10
37,node,rashba,47,0.7695832088562419,0.237406949368866,2.0547085326863277,1.1146873154959518,0.9525866270741702,3.367605056023612e-07,0.12131158670203863,-1,True,False,True,6.19307145810072,5.297436117030189,40.70256388296981,3.3676050152290215e-07,4.0794590635611575e-15,1.2113828657740779e-08,True,8.98790822752634e-15,1.7270565999422403e-13,1.0,0.9999999999999716,1.6944618075763243e-14,2.486519477279389,2.486519477279389,2.4865678810562755,4.840377688664077e-05,4.840377688664077e-05,-0.1438053092596203,0.14380568941864227,True,3.801590219842943e-07,1.1653147558370807e-15,0.6854476426642118,0.000641915253440142,,0.000641915253440142,0.0010259763484100671,0.0017507382025215771,0.0039031387873587025,0.006860264834222174,0.010717825250965403,0.015394990349250987,0.020679966971255043,0.0006419152534401238,0.0010259763484100494,0.001750738202521554,0.0039031387873586587,0.0068602648342220955,0.010717825250965266,0.015394990349250764,0.020679966971254692
37,anti,rashba,47,0.8283064639735965,0.237406949368866,2.0547085326863277,1.1146873154959518,0.9525866270741702,0.005390746638455948,0.1198852654416983,-1,True,False,True,5.956405669200031,5.189444227912703,40.81055577208733,0.005390746562865157,7.559079057140039e-11,1.4022322999222161e-08,True,1.5461125883417728e-10,6.203745747271405e-09,0.9999999999999998,1.0000000057224816,5.722481536555747e-09,2.4213642004655167,2.4213633252709243,2.4210068367673276,0.00035648850359670803,0.00035736369818906155,-1.6253329706789141e-06,-1.6253957164577557e-06,False,6.274577884157391e-11,2.5315917609557877e-15,4.301653558384359e-10,0.00013066263194508857,-3.8919416485176317,0.00013066263194508857,6.706536435239684e-05,3.6379148040720584e-05,1.4992734638946327e-05,7.58019526383448e-06,3.82051224835825e-06,1.5356886542994394e-06,2.6417072655769593e-12,0.00013066263269280307,6.706536473189762e-05,3.637914824358036e-05,1.4992734718387251e-05,7.580195301868486e-06,3.8205122673502945e-06,1.5356886624383653e-06,2.6416199581861164e-12
38,node,rashba,44,0.8209841055917828,0.12119678422729652,2.2601671898246436,1.1005619741951325,0.9330868903521807,1.5598484412175352e-06,0.051057622814234024,-1,True,False,True,10.312771172518907,11.056080024362512,31.94391997563747,1.5598484679169293e-06,2.669939414007153e-14,1.711665917954913e-08,True,1.0826382455409566e-13,3.67104228006829e-13,1.0,1.0000000000000409,4.052565612978688e-14,2.094278085407617,2.0942780854071543,2.0942613046174086,1.6780789745762803e-05,1.678079020850376e-05,-0.5828421210401361,0.5828457828345985,True,3.661794462428425e-06,5.344270785991016e-16,0.682589503453267,0.011310702457332573,,0.011310702457332573,0.01828722133662029,0.030837559660050674,0.06801405207124464,0.11833627178479939,0.1822312381670627,0.25731327173158247,0.3397049380585646,0.011310702457333035,0.018287221336620897,0.030837559660051538,0.06801405207124642,0.11833627178480269,0.18223123816706846,0.2573132717315917,0.3397049380585784
38,anti,rashba,44,0.8764328795698437,0.12119678422729652,2.2601671898246436,1.1005619741951325,0.9330868903521807,0.02213829160437477,0.05006470974770882,-1,True,False,True,8.1408691898816,8.861296344977996,34.138703655022084,0.022138291492706845,1.116679249069108e-10,5.044107598837662e-09,True,3.8610601296777787e-10,3.8280610048492934e-09,0.9999999999999997,1.000000004039757,4.039757012538766e-09,2.025092203932622,2.0249820720171714,2.0242444103550743,0.0007376616620970999,0.0008477935775474954,-2.022367067422426e-05,-2.0224278501901338e-05,False,6.078276770793423e-10,6.193824995351386e-16,5.701475230794371e-09,0.0016303470074266356,-21.012939427739532,0.0016303470074266356,0.0009693504745438736,0.000544925016716643,0.00022710419519340292,0.00011479767940709443,5.774830558286479e-05,2.3173583980540056e-05,4.089968555394337e-10,0.0016303470140128413,0.0009693504784215303,0.0005449250188707098,0.00022710419606110032,0.00011479767983721311,5.7748305806152065e-05,2.31735840773706e-05,4.0899223855804294e-10
39,node,rashba,91,1.2426420974157615,0.16964492195790076,2.6081775727173593,0.8723880871481706,1.0560591650414652,3.266345576360237e-07,0.03726877425176441,-1,True,False,True,16.237161175710035,16.1758233763777,73.82417662362231,3.266345558300499e-07,1.80597382285703e-15,5.52903475960271e-09,True,1.1565601951563008e-14,8.968673510904033e-14,0.9999999999999999,0.9999999999999938,8.138771874795352e-15,1.4341602006883187,1.434160200688253,1.4341598093010033,3.913872497207649e-07,3.9138731544596794e-07,-0.36469346815001785,0.3646958933706972,True,2.4252206793362596e-06,4.378845531027126e-16,0.6745352363967126,0.002166755642895422,,0.002166755642895422,0.0037167639274128406,0.006182023496240227,0.013913129251851578,0.0259080888254452,0.045465106762405456,0.07852211827150726,0.13300132571128812,0.0021667556428954086,0.003716763927412818,0.006182023496240197,0.01391312925185152,0.025908088825445093,0.045465106762405234,0.07852211827150679,0.13300132571128703
39,anti,rashba,91,1.2660141109797796,0.16964492195790076,2.6081775727173593,0.8723880871481706,1.0560591650414652,0.005520494385086232,0.03661454638712653,-1,True,False,True,14.363787221818946,14.888761721922604,75.11123827807745,0.005520494277669094,1.0741713768469552e-10,1.9457883695142573e-08,True,6.860732219462369e-10,1.1585254999848071e-08,1.0,1.000000011571721,1.1571720907145067e-08,1.4002990593080717,1.4002784997199988,1.399903650655588,0.0003748490644106539,0.00039540865248355317,-2.6546232811142773e-05,-2.6547525267504864e-05,False,1.292456362091387e-09,1.0182174662751365e-15,2.0961979616179404e-08,0.00036942995841205415,-25.94726774263678,0.00036942995841205415,0.000316658882417101,0.000201765639145797,8.846050514143652e-05,4.546553950964475e-05,2.334190746204317e-05,9.581957798876696e-06,7.047024764634267e-10,0.0003694299626869945,0.0003166588860552054,0.00020176564142959536,8.846050607506539e-05,4.546553992523177e-05,2.3341907640145523e-05,9.581957876589615e-06,7.046918870374699e-10
40,node,rashba,97,0.9355734736991109,0.17071494353331348,2.2475089697803665,0.9448273270698881,0.9646242534119769,2.0276407679259934e-07,0.06007063583367332,-1,True,False,True,12.127074727360363,11.269775354061442,84.7302246459385,2.027640665433791e-07,1.0249220237474745e-14,5.0547515120039396e-08,True,4.1071106189474473e-14,9.500411433937234e-13,1.0,1.0000000000001381,1.433875203697123e-13,1.9874487397637903,1.9874487397637806,1.9874486827824263,5.6981354301655074e-08,5.698136407161769e-08,0.13435191536172725,0.1343510758409469,True,8.395207803379989e-07,9.504893516729455e-16,0.6748393628387698,0.0002757500396275141,,0.0002757500396275141,0.0004515171814483902,0.0007699743551443368,0.0017689010709496158,0.0033193197947395414,0.005881681586497589,0.010348515145780338,0.018050437161364723,0.00027575003962755217,0.0004515171814484482,0.0007699743551444285,0.001768901070949818,0.0033193197947399226,0.005881681586498288,0.010348515145781662,0.01805043716136731
40,anti,rashba,97,0.9613443814232091,0.17071494353331348,2.2475089697803665,0.9448273270698881,0.9646242534119769,0.002207277078926803,0.05945773073615017,-1,True,False,True,11.748547613754932,11.102326996168182,84.89767300383183,0.002207277166852724,8.792592088441298e-11,3.983456437066945e-08,True,3.522174400852975e-10,1.7553596248884663e-08,0.9999999999999993,0.9999999849569071,1.504309291768218e-08,1.9555342174287533,1.9555330042174681,1.9553706086032148,0.00016239561425335225,0.0001636088255385637,1.293236233681011e-05,1.2932116282785703e-05,False,2.460540244064057e-10,2.376329396253769e-15,2.9678342769226396e-08,5.809574797235672e-05,-8.239848264603904,5.809574797235672e-05,3.5629219136874066e-05,2.0193560300803192e-05,8.451603518058546e-06,4.303028898786706e-06,2.2001340309422186e-06,9.030319250110462e-07,1.6724599561054324e-10,5.8095747098416984e-05,3.562921860462802e-05,2.0193560003394732e-05,8.451603401992352e-06,4.30302884784907e-06,2.20013400982226e-06,9.030319156227875e-07,1.6724413929024318e-10
41,node,rashba,76,1.0772596137353152,0.18314256464087503,2.162816939378063,1.0484835577738654,1.260090483747515,3.9514202897574974e-07,0.08699558025170247,-1,True,False,True,11.970728058139038,11.323901928626857,63.67609807137313,3.9514204026116214e-07,1.1285412397221418e-14,2.8560394920465458e-08,True,3.726806633853125e-14,3.1710150509904027e-13,1.0,0.9999999999999576,1.237155715510558e-14,2.7742580599258924,2.774258059925897,2.7743386455182533,8.058559235646356e-05,8.058559236090446e-05,0.24838724083607064,0.24838694551749138,True,2.953185792575752e-07,5.396648427020977e-16,0.6778774460396274,0.0011975503709682105,,0.0011975503709682105,0.001907035112839691,0.0032951654178173897,0.007566290546232198,0.013984566336709284,0.023924621439826453,0.039260516451680695,0.06169622141015613,0.0011975503709681598,0.001907035112839653,0.0032951654178173476,0.007566290546232118,0.013984566336709135,0.023924621439826196,0.03926051645168024,0.061696221410155364
41,anti,rashba,76,1.127671871016811,0.18314256464087503,2.162816939378063,1.0484835577738654,1.260090483747515,0.008042850153153043,0.08665035973067554,-1,True,False,True,11.042633180755482,10.779613222698673,64.22038677730139,0.00804285048445611,3.313030665780259e-10,4.1192246563010374e-08,True,1.0966441775135973e-09,2.1431605536769715e-08,0.9999999999999998,0.9999999785520729,2.1447927127164065e-08,2.7335264415070917,2.73352781739384,2.7334452689126256,8.25484812145838e-05,8.117259446605019e-05,2.1645145963642472e-05,2.1645096565797713e-05,False,4.939784475902127e-11,1.0415148727294526e-15,2.7986628694739615e-08,0.00022027076464641634,-7.9571147006988685,0.00022027076464641634,0.00010523932109266304,5.615637356171563e-05,2.2920364502443542e-05,1.1510978491119917e-05,5.773235772839966e-06,2.3156238441258462e-06,4.685123437873645e-10,0.00022027075992206503,0.00010523931884034134,5.615637236167954e-05,2.2920364015441912e-05,1.1510978248763665e-05,5.773235651902833e-06,2.315623794406032e-06,4.685104191764284e-10
42,node,rashba,67,0.807069025547879,0.24333706903382066,2.8873970667352182,0.9219010217740541,1.0834751511449197,3.739707513649588e-07,0.05977421545504326,-1,True,False,True,12.191355161877556,11.950704689905912,54.04929531009425,3.739707394067144e-07,1.1958244389724721e-14,3.197641619318685e-08,True,3.7750148017257205e-14,3.03455838008339e-13,1.0,1.0000000000000577,6.517093586852482e-14,1.7554361286862958,1.755436128686255,1.7554354183345626,7.103516921347364e-07,7.103517329909437e-07,0.38052885905606304,0.3805272779641612,True,1.581091901847742e-06,7.760724775562885e-16,0.6777976166128483,0.003188602320780002,,0.003188602320780002,0.005294172481300432,0.008902010594620284,0.020016575427092318,0.03649655429380935,0.06106077000692293,0.09660756172690517,0.1448022125745091,0.0031886023207801863,0.005294172481300729,0.00890201059462075,0.020016575427093317,0.03649655429381117,0.06106077000692616,0.09660756172691078,0.14480221257451853
42,anti,rashba,67,0.8451323084401752,0.24333706903382066,2.8873970667352182,0.9219010217740541,1.0834751511449197,0.009399270968731336,0.0585126717409446,-1,True,False,True,10.72064935460001,10.920140453525873,55.079859546474104,0.009399271056116335,8.738499854277215e-11,9.296997483472585e-09,True,2.826169090313295e-10,5.601662826885926e-09,1.0,0.9999999943590692,5.640930783164764e-09,1.7096233116234005,1.7095942525850498,1.7090962171254906,0.0004980354595591763,0.0005270944979098857,-1.3744845642401369e-05,-1.3745353596647523e-05,False,5.079542461546423e-10,1.2174427166275506e-15,5.251063323964265e-09,0.0005369794622990504,-16.736079894687922,0.0005369794622990504,0.0003761401394661635,0.00022207440844947216,9.452109159918814e-05,4.830363110010126e-05,2.461633599689493e-05,9.992747794853545e-06,1.8892078173343663e-10,0.0005369794592699864,0.0003761401373642335,0.00022207440722986772,9.452109111700379e-05,4.8303630880812396e-05,2.461633589278507e-05,9.992747746705713e-06,1.8892349344112803e-10
43,node,rashba,46,0.8614607931688522,0.15266758762632363,2.719508891363383,1.251425308196626,1.0665688711871235,1.1526060615122837e-06,0.05925258098482614,-1,True,False,True,10.471654746747998,11.051025941011021,33.94897405898892,1.1526060691650874e-06,7.652803765039254e-15,6.639565781042611e-09,True,2.5898626625645398e-14,1.0507377419083415e-13,1.0,0.9999999999999897,1.1093371311616206e-14,2.0051420869033674,2.0051420869031205,2.0051318091052988,1.0277797821700574e-05,1.0277798068614175e-05,0.5614726640015241,0.5614698077691563,True,2.8562323677316925e-06,5.820966526033376e-16,0.6819314463869262,0.010049829281459175,,0.010049829281459175,0.016339243049947456,0.027508188317795737,0.060777194135106405,0.1063582908849267,0.16532246350885282,0.2360809655469149,0.31525155242096836,0.010049829281459071,0.016339243049947313,0.027508188317795546,0.060777194135106,0.10635829088492599,0.16532246350885155,0.23608096554691266,0.31525155242096486
43,anti,rashba,46,0.9204736158832292,0.15266758762632363,2.719508891363383,1.251425308196626,1.0665688711871235,0.02246806466098098,0.05787592654272933,-1,True,False,True,8.38061355630865,9.038255543476767,35.961744456523235,0.022468065009841463,3.488604821688668e-10,1.5526948468094498e-08,True,1.0235536563324594e-09,1.1462528282047886e-08,0.9999999999999997,0.9999999879412464,1.2058753565569707e-08,1.9389477891195694,1.9388390929279247,1.9380759439391388,0.0007631489887858223,0.0008718451804305971,-1.2973050324014811e-05,-1.2973495888690676e-05,False,4.4556467586509454e-10,2.566775074323125e-16,2.485353955680066e-09,0.001472102755571253,-18.365768317511396,0.001472102755571253,0.0009116894154975435,0.000518366695219923,0.00021708879274232338,0.00010995830802407846,5.540398363583992e-05,2.2256633746996293e-05,1.6830003470947065e-10,0.0014721027378195287,0.0009116894046176623,0.0005183666891188175,0.00021708879029289668,0.00010995830681972374,5.540398300912435e-05,2.22566334682716e-05,1.6830889008483262e-10
44,node,rashba,57,1.0759893267229739,0.14232197740576327,2.5680380493927983,1.2333135689577166,1.0997284510856584,2.323543574337129e-07,0.05866087877349165,-1,True,False,True,11.926407426278654,12.201016379036634,43.79898362096332,2.3235434793149103e-07,9.502221881291177e-15,4.089538920741787e-08,True,3.0977591213943876e-14,1.3738868812052517e-13,0.9999999999999999,1.0000000000000149,1.5056600036812754e-14,2.0581955185861434,2.0581955185861354,2.058190525101373,4.993484762572109e-06,4.993484770565715e-06,0.4722852120827024,0.4722840109735611,True,1.201109141313328e-06,1.2795194518371457e-15,0.6791710700747984,0.005761753319598895,,0.005761753319598895,0.009358487276700607,0.015859188042854855,0.035594808812324664,0.06395274936824881,0.10386138884041804,0.15705727580283096,0.22305332155200322,0.005761753319598981,0.009358487276700729,0.01585918804285504,0.03559480881232506,0.06395274936824956,0.10386138884041933,0.15705727580283313,0.22305332155200658
44,anti,rashba,57,1.1263536682412576,0.14232197740576327,2.5680380493927983,1.2333135689577166,1.0997284510856584,0.01577707674089484,0.0576180025555234,-1,True,False,True,9.917353471995572,10.495317013147243,45.50468298685272,0.01577707643232432,3.085705198302424e-10,1.955815547441782e-08,True,1.135217999921544e-09,1.3285560696249341e-08,1.0,1.0000000139266045,1.39266044896026e-08,2.0044206898424264,2.0043788631340798,2.0038913270209138,0.0004875361131659872,0.0005293628215126134,3.223550817289941e-05,3.2235113536782656e-05,False,3.9463611675380483e-10,4.739123408663526e-16,2.0558851697372295e-08,0.0008867380256762816,-16.81266290091098,0.0008867380256762816,0.0005318012398189614,0.0002995984270140977,0.00012501101623900364,6.333400331581559e-05,3.1979294186584856e-05,1.2879773254176594e-05,1.0391279871649946e-09,0.0008867380380255314,0.0005318012471729986,0.0002995984311139468,0.00012501101788460112,6.333400411390805e-05,3.197929459394932e-05,1.2879773443081201e-05,1.0391434842061782e-09
45,node,rashba,95,0.7303560405837926,0.1684673973913563,2.0516667432814435,0.8738538914438085,1.3886576948884137,7.53428218972184e-07,0.07164353204025511,-1,True,False,True,16.409721104111153,16.161554555358514,77.83844544464156,7.534281777556183e-07,4.121656572103296e-14,5.4705365001141066e-08,False,1.5769027537774622e-13,9.740950606460914e-13,1.0,0.999999999999829,4.8322338380601896e-14,3.0107972601525996,3.010797260152569,3.011760355444557,0.0009630952919881253,0.0009630952919574831,0.32376700104111433,0.3237670008975528,True,1.435615515354982e-10,6.445976506984214e-16,0.6760270340326626,0.001632215494445546,,0.001632215494445546,0.0025969408342114406,0.004507341916330331,0.010448111109212165,0.01961578282685678,0.03468121722479335,0.060673047991581006,0.10482507096315695,0.0016322154944452669,0.002596940834211407,0.004507341916330477,0.01044811110921268,0.019615782826857792,0.03468121722479513,0.06067304799158405,0.10482507096316201
45,anti,rashba,95,0.7757104711977061,0.1684673973913563,2.0516667432814435,0.8738538914438085,1.3886576948884137,0.009496042328917181,0.07161042057966799,-1,True,False,True,14.698588226928615,15.03067253736277,78.96932746263725,0.00949604266547015,3.3655296778623e-10,3.544139296445266e-08,False,1.2556844761893365e-09,1.7160165393217836e-08,0.9999999999999997,0.9999999776544709,2.2345529071727682e-08,3.043537239365399,3.043532650488864,3.0412300043978333,0.0023026460910307023,0.0023072349675659076,-2.1225288749794597e-06,-2.122554736139204e-06,False,2.58611597441687e-11,8.02849930266947e-16,1.6399668728421454e-10,0.00028916686959233997,-11.752097721128354,0.00028916686959233997,0.00013390555187192793,7.099799624896163e-05,2.889672693867124e-05,1.4485572697765041e-05,7.2480892868801236e-06,2.9001074060440952e-06,4.505128825112056e-12,0.0002891668631307533,0.00013390554888207705,7.0997994664088e-05,2.8896726293920133e-05,1.4485572374821873e-05,7.248089125431414e-06,2.9001073413845223e-06,4.505032221924718e-12
46,node,rashba,76,0.9373728020343574,0.2187192569693461,1.900487237272401,0.7399183033286395,1.3248152196818603,9.147219083078767e-07,0.08459005712981937,-1,True,False,True,13.399497378081822,13.061120670135134,61.9388793298649,9.14721886814653e-07,2.149322376147352e-14,2.349700336928996e-08,False,7.820359796753389e-14,2.1003057245147773e-13,1.0,0.9999999999997748,4.36794667787234e-15,3.100596169882195,3.100596169882224,3.060369289566302,0.04022688031592203,0.04022688031589272,-0.34402071641995635,0.3440205734465422,True,1.4297341416336096e-07,9.71009591878311e-16,0.6783081340347135,0.0022957710474156385,,0.0022957710474156385,0.0036477875183060227,0.006314041976382172,0.01451039421630855,0.0268232141737405,0.04589115631486561,0.07531017976529844,0.11835025332610004,0.0022957710474151216,0.0036477875183057785,0.0063140419763820345,0.014510394216308486,0.026823214173740458,0.04589115631486558,0.07531017976529839,0.11835025332609977
46,anti,rashba,76,0.9913793499466381,0.2187192569693461,1.900487237272401,0.7399183033286395,1.3248152196818603,0.012033830005557945,0.08456975584236698,-1,True,False,True,11.928740411016202,12.06690530523541,62.933094694764634,0.01203383022574122,2.201832743908838e-10,1.829702383108204e-08,False,7.887876162888594e-10,7.4422499210600705e-09,1.0,0.9999999887382529,1.126174713907453e-08,3.0598024307287215,3.059807055921281,3.0459511929373164,0.013855862983964684,0.013851237791405069,2.6003830527701626e-05,2.6003763942475385e-05,False,6.658522624125606e-11,1.1419843230935913e-15,2.115546666615123e-08,0.00042057015630767795,-10.545940286696421,0.00042057015630767795,0.00019464619031548216,0.00010319205042075259,4.199859486794514e-05,2.1053399921460897e-05,1.0534546028564905e-05,4.215415630847623e-06,6.761992021131294e-10,0.0004205701515713232,0.0001946461881251696,0.00010319204925970757,4.199859439539677e-05,2.1053399684560103e-05,1.0534545910026105e-05,4.215415583443639e-06,6.761992671013117e-10
47,node,rashba,89,1.2628677855192578,0.24545353469848044,2.641256853561917,0.9943323640511743,1.3540688851246783,5.747772827504629e-07,0.08548513512691558,-1,True,False,True,13.254256338756196,12.565650882175559,75.43434911782442,5.74777248840098e-07,3.391036487339485e-14,5.89973993250476e-08,True,1.0605396619005412e-13,1.1573733912145534e-12,0.9999999999999997,0.9999999999999603,1.653190793840384e-14,2.373526271395221,2.373526271395206,2.373526076885981,1.945092247268576e-07,1.9450923982589075e-07,-0.22813634379154507,0.22813700710343865,True,6.633118935783777e-07,6.869528525446566e-16,0.6762535993650979,0.000864747585076516,,0.000864747585076516,0.0013914637618918744,0.0023954222038182755,0.005518897684762745,0.010311651348894058,0.018065531533010597,0.031020802131195367,0.052046191358574086,0.0008647475850764816,0.0013914637618918572,0.002395422203818277,0.0055188976847627795,0.010311651348894129,0.018065531533010673,0.031020802131195267,0.052046191358573225
47,anti,rashba,89,1.3065525324244411,0.24545353469848044,2.641256853561917,0.9943323640511743,1.3540688851246783,0.0063830531880450046,0.0848283449399651,-1,True,False,True,12.402852587233392,12.098831785479645,75.90116821452038,0.006383053327537558,1.3949255379258618e-10,2.1853578480882097e-08,True,4.4718481967308444e-10,1.102649496832631e-08,1.0,0.9999999895688411,1.0431158895083748e-08,2.3387225849754874,2.3387205062788023,2.3385886649392322,0.00013184133957011568,0.0001339200362551196,1.6753384823637793e-05,1.675327290090456e-05,False,1.119227332341266e-10,1.541183637386987e-15,1.9152456047166174e-08,0.00016466096171914726,-8.371096182435354,0.00016466096171914726,8.653447561633146e-05,4.714807184539274e-05,1.9408586535412417e-05,9.794102666561411e-06,4.944782094194735e-06,1.998323742954829e-06,2.8067590304892797e-10,0.0001646609600015426,8.653447471668562e-05,4.714807135780148e-05,1.9408586339580497e-05,9.79410257226056e-06,4.944782048886615e-06,1.998323723686435e-06,2.8067438740909453e-10
48,node,rashba,70,0.6318390420769641,0.29700929209415167,1.9370417829111741,1.1722844195739996,0.810610904322996,7.452943662393553e-10,0.16568618193579082,-1,True,False,True,3.6604164122470957,2.7401991165325783,66.25980088346739,7.452944203489137e-10,5.4109558410169654e-17,7.260159322443084e-08,True,1.4639441823537978e-16,1.6996077674376588e-12,1.0,0.9999999999989283,1.1779607302774593e-12,2.3885178268332874,2.3885178268332874,2.3885223807091625,4.5538758750574004e-06,4.5538758750574004e-06,-0.0011204871108686349,0.001120485509473617,True,1.6013950178937753e-09,2.2534616213943243e-13,0.685787239326419,2.615328765096895e-08,,2.615328765096895e-08,4.229838581149968e-08,7.274832258883805e-08,1.6606411432858392e-07,3.047342389648559e-07,5.141910647686401e-07,8.241515462106976e-07,1.2554913656227407e-06,2.615328765094092e-08,4.229838581145217e-08,7.274832258875843e-08,1.6606411432841605e-07,3.0473423896456075e-07,5.14191064768133e-07,8.241515462098205e-07,1.2554913656212618e-06
48,anti,rashba,70,0.6653793076299567,0.29700929209415167,1.9370417829111741,1.1722844195739996,0.810610904322996,2.399325833257782e-05,0.16424546967130488,-1,True,False,True,3.6619787665818615,2.7444489509335703,66.25555104906647,2.3993258430848385e-05,9.827056364291285e-14,4.095757328194229e-09,True,1.3775449623676454e-13,9.270269711471092e-10,0.9999999999999999,0.999999999489506,5.104939801696222e-10,2.344343229857052,2.3443432298332825,2.3442773258113196,6.590402196282596e-05,6.590404573225683e-05,5.304969673115378e-08,5.303399151855136e-08,False,1.5705212602424465e-11,9.88652720032402e-13,5.588512254054211e-09,7.194018717914883e-09,-0.052920860257173415,7.194018717914883e-09,3.7800638364862075e-09,2.06225225654159e-09,8.530048331175015e-10,4.3338914255137954e-10,2.2041112598885535e-10,8.951859967305496e-11,2.8142703232668815e-15,7.19401871424238e-09,3.780063834615247e-09,2.0622522555695993e-09,8.530048327882337e-10,4.3338914243557297e-10,2.2041112595058277e-10,8.95185996515925e-11,2.814266110107385e-15
49,node,rashba,84,0.676746696711905,0.20286603534886494,1.8856029434022583,0.8369575365600671,1.0546098333220935,2.1925204340944774e-07,0.08883957189436194,-1,True,False,True,10.466727504426556,9.559391243810888,73.44060875618915,2.1925201873083837e-07,2.467860937365902e-14,1.1255817273078879e-07,True,6.852737809999624e-14,1.4112674637387519e-12,1.0,1.0000000000002875,8.475041026142565e-14,2.8826461791621156,2.882646179162119,2.8828235417024803,0.00017736254036115895,0.00017736254036471166,0.1304986101851592,0.1304985145308788,True,9.565428041313773e-08,1.4194266950812178e-15,0.6781476134205829,0.00029895667121160405,,0.00029895667121160405,0.0004763198965882566,0.0008251822299646767,0.0019037194685132131,0.0035452625271082646,0.006160449140102275,0.010405127625367352,0.017029887260258142,0.00029895667121169003,0.00047631989658832274,0.0008251822299647536,0.0019037194685133545,0.0035452625271085135,0.006160449140102711,0.010405127625368141,0.017029887260259585
49,anti,rashba,84,0.7153482837362846,0.20286603534886494,1.8856029434022583,0.8369575365600671,1.0546098333220935,0.003214062415273922,0.08859513837998328,-1,True,False,True,10.150972451468808,9.420003792959562,73.57999620704052,0.003214062373494029,4.1779893347054786e-11,1.2999092098680992e-08,True,1.2212823935051742e-10,5.437017210338842e-09,1.0,1.0000000050900408,5.090040797134513e-09,2.84572074067845,2.845721028031127,2.8456666528330445,5.437519808237923e-05,5.408784540561484e-05,-1.353432738165287e-06,-1.3534827555602977e-06,False,5.0017395010704e-11,2.218811168034802e-15,3.4749808477747336e-10,6.275403468737991e-05,-5.345445152945238,6.275403468737991e-05,2.9515174874258487e-05,1.5698794509228872e-05,6.398854353291049e-06,3.211138695712199e-06,1.6090962007688482e-06,6.447947967518304e-07,1.8317801767377637e-12,6.275403500680051e-05,2.951517502417349e-05,1.5698794588874967e-05,6.398854385622352e-06,3.211138711819144e-06,1.609096208777787e-06,6.447947999664323e-07,1.8317684353154696e-12
50,node,rashba,83,0.6370083919611151,0.2976342886270884,1.8434470061610255,1.1232152930169903,1.315296712454141,2.4734029049760788e-08,0.17593823082926663,-1,True,False,True,5.824894094525748,4.821634890708389,77.17836510929159,2.4734026515203168e-08,2.5345576199015623e-15,1.024724930500587e-07,True,5.512273343240865e-15,2.1602804908450934e-12,0.9999999999999997,0.9999999999990143,7.25638291783581e-13,2.76822277219787,2.7682227721978694,2.768272173209071,4.940101120176621e-05,4.940101120132212e-05,0.008937574441271993,0.008937642174645806,True,6.773337381249522e-08,2.3800941445626892e-14,0.6880849736867732,1.3986826184177157e-06,,1.3986826184177157e-06,2.2543087128504825e-06,3.912449321557181e-06,9.026470721347128e-06,1.6796500505020783e-05,2.9135541568259356e-05,4.904557683634293e-05,7.988023689327834e-05,1.3986826184163371e-06,2.254308712848774e-06,3.912449321554633e-06,9.026470721342001e-06,1.6796500505011778e-05,2.9135541568243384e-05,4.904557683631276e-05,7.988023689322037e-05
50,anti,rashba,83,0.685121562466672,0.2976342886270884,1.8434470061610255,1.1232152930169903,1.315296712454141,0.00027470656004268464,0.17654989127112988,-1,True,False,True,5.827868075158755,4.822070556851251,77.17792944314878,0.0002747065498335368,1.0209147817494962e-11,3.7163829709449375e-08,True,1.6651730508387662e-11,1.0160881123688007e-08,1.0,1.0000000070872,7.0871999386635005e-09,2.805732720255678,2.8057327063130053,2.805693962849782,3.874346322341182e-05,3.875740589620591e-05,-6.503073723854673e-08,-6.503033517495788e-08,False,4.0206358885687757e-13,1.047877952071263e-13,1.4229261130461176e-10,3.5807740146398917e-07,-0.2936510421720285,3.5807740146398917e-07,1.6928556234340664e-07,9.014210058352372e-08,3.676777393887194e-08,1.8463533003560423e-08,9.260564006100514e-09,3.714619065826948e-09,4.2289967857889616e-15,3.580774040017553e-07,1.692855635326688e-07,9.01421012110247e-08,3.6767774186151884e-08,1.8463533120622374e-08,9.260564060964597e-09,3.7146190879436116e-09,4.22927450575721e-15
51,node,rashba,56,0.6796059147358983,0.22420293934149782,1.8471017137033676,1.1831308471456898,0.9352991869510563,4.3319308791581497e-08,0.1412733071590955,-1,True,False,True,5.057610845716263,4.0810675312869735,50.91893246871306,4.3319310560230925e-08,1.7686494285328325e-15,4.0828200584690417e-08,True,3.2071287522620775e-15,2.3766168146255606e-13,1.0,0.9999999999999443,6.369703210459906e-15,2.8653264986260965,2.8653264986260965,2.8661187565726896,0.0007922579465931001,0.0007922579465931001,0.03248563666748107,0.03248566020921869,True,2.3541737621812775e-08,1.673444295641405e-14,0.686384001491266,2.745538803452915e-05,,2.745538803452915e-05,4.3787051648824994e-05,7.541711233000649e-05,0.0001705849114397781,0.00030641361921836713,0.0004962025550405975,0.0007469641563221325,0.001055316589691591,2.745538803452762e-05,4.378705164882455e-05,7.541711233000668e-05,0.00017058491143977895,0.0003064136192183684,0.0004962025550405995,0.0007469641563221364,0.0010553165896915978
51,anti,rashba,56,0.730529419918324,0.22420293934149782,1.8471017137033676,1.1831308471456898,0.9352991869510563,0.0010549627055449593,0.14071597520965598,-1,True,False,True,5.039760425073085,4.076952150195171,50.923047849804846,0.0010549626835447184,2.2000240821815065e-11,2.0854046030423853e-08,True,3.9937941189561776e-11,6.154636844537284e-09,1.0,1.000000005497635,5.497635093247821e-09,2.810257553008098,2.8102577425606166,2.8100283098639065,0.0002294326967100524,0.00022924314419148217,-2.9066071615406377e-06,-2.9066207828196823e-06,False,1.3621279044592863e-11,2.1927468330330953e-14,2.2853390660288e-08,6.60136897744575e-06,-1.0070742402860369,6.60136897744575e-06,3.1202075200360857e-06,1.6616322208678374e-06,6.780987003335833e-07,3.4068923808896176e-07,1.7085242842962638e-07,6.846874772482887e-08,8.448365191519363e-12,6.601369013737668e-06,3.120207537093803e-06,1.6616322299259614e-06,6.78098703997556e-07,3.4068923990855613e-07,1.7085242933527723e-07,6.846874808693502e-08,8.448354655939725e-12
52,node,rashba,74,1.2045854804733402,0.20329276809224595,2.387178305230281,0.9505180948743646,1.1079227275226762,4.0643812524676394e-07,0.06817567188703391,-1,True,False,True,12.027156218276655,11.474997718726671,61.52500228127332,4.0643815076041387e-07,2.5513649922566975e-14,6.277376146018948e-08,True,9.922249318727765e-14,8.330463694688326e-13,0.9999999999999999,1.0000000000000717,7.523835163600655e-14,2.0105016890508054,2.010501689050778,2.0104989905151607,2.698535617184916e-06,2.698535644718447e-06,-0.28228146240963176,0.2822826033443302,True,1.1409346984403435e-06,4.635303379039585e-16,0.6772436791364487,0.001589966731862058,,0.001589966731862058,0.002596462498505756,0.004415119622087366,0.01003902455044527,0.018485360923665522,0.03147135667791319,0.05123942660648452,0.07968282402012036,0.0015899667318621722,0.0025964624985059144,0.004415119622087594,0.010039024550445738,0.01848536092366639,0.03147135667791483,0.051239426606487684,0.07968282402012636
52,anti,rashba,74,1.243467278487839,0.20329276809224595,2.387178305230281,0.9505180948743646,1.1079227275226762,0.007056962525494577,0.06726297506094955,-1,True,False,True,10.987395988449745,10.842896693368496,62.15710330663159,0.007056962776028239,2.505336623923049e-10,3.550162856713578e-08,True,9.845408714057632e-10,1.9274344259919724e-08,1.0,0.999999981176832,1.8823168077365074e-08,1.9688518192167876,1.9688428017200952,1.9685371203687263,0.00030568135136910257,0.00031469884806156756,1.9281351821191003e-05,1.928109043952686e-05,False,2.613816641426625e-10,7.817203306032484e-16,1.7469647890203752e-08,0.0002875802698680228,-11.797700524200303,0.0002875802698680228,0.00017530849030395574,9.920811476394955e-05,4.1505106511995746e-05,2.1107071961449274e-05,1.0732865264254524e-05,4.3578620700286925e-06,3.717705280525619e-10,0.00028758026445485104,0.00017530848702676668,9.920811293257998e-05,4.1505105787729484e-05,2.110707162682957e-05,1.0732865105908454e-05,4.357861996536008e-06,3.717635914669817e-10
53,node,rashba,84,1.3085901501727684,0.16333332472939438,2.4695824763127776,1.0513383206921412,1.3559950841804507,9.08196033701863e-07,0.06600115444475876,-1,True,False,True,15.905993258507255,16.010319196035073,66.989680803965,9.081961091854529e-07,7.548358991049523e-14,8.311376300865296e-08,True,3.2739794512452924e-13,1.5870193717678575e-12,1.0,1.000000000000145,9.394179618418791e-14,2.5132109617719474,2.5132109617719305,2.5132147454836975,3.783711767013642e-06,3.7837117501382522e-06,-0.3979496107418103,0.39795047511935916,True,8.643775488703653e-07,4.0900186323428455e-16,0.6758330996110113,0.0027895710314655613,,0.0027895710314655613,0.004464143953891615,0.00769664926795533,0.017715085653165374,0.03297672496794509,0.05729465440270186,0.09676504769449693,0.15836389268955836,0.002789571031465966,0.004464143953892054,0.00769664926795595,0.01771508565316667,0.03297672496794747,0.05729465440270616,0.09676504769450492,0.15836389268957324
53,anti,rashba,84,1.356049800471726,0.16333332472939438,2.4695824763127776,1.0513383206921412,1.3559950841804507,0.01232751797000513,0.06583783251138343,-1,True,False,True,13.776747252916081,14.426471397279053,68.57352860272104,0.01232751806780059,9.779546096544411e-11,7.93310228412536e-09,True,4.0911403472072385e-10,4.92606123334618e-09,0.9999999999999997,0.9999999949055104,5.094489595656688e-09,2.4763450707086516,2.476341249367227,2.47621675078355,0.00012449858367702404,0.0001283199251016498,2.9864097396062675e-05,2.9863917632225175e-05,False,1.797638374995711e-10,6.182509788698866e-16,2.3267454255059076e-08,0.0004563211851447772,-14.243869985354312,0.0004563211851447772,0.00023029333818423762,0.00012431958247615332,5.095879937881016e-05,2.5634475285969543e-05,1.288231084970246e-05,5.178346668538822e-06,8.918643132816218e-10,0.0004563211828200537,0.0002302933370133978,0.00012431958184558762,5.0958799122985336e-05,2.5634475159560114e-05,1.2882310786969473e-05,5.178346642185252e-06,8.918627412472714e-10
54,anti,rashba,59,1.3183016897983524,0.16498254256592432,2.669257350524851,0.8103532466870547,1.3983708938461088,0.03859562107994815,0.046200724282773484,-1,True,False,True,11.479474913354192,13.63397478458217,44.366025215417814,0.038595620063418344,1.0165298047759563e-09,2.6337956906310315e-08,True,2.630718784239608e-09,2.275798644339099e-08,0.9999999999999994,1.000000023665273,2.36652730202098e-08,2.356361583624544,2.3562837601451303,2.3560553432061346,0.00022841693899566806,0.00030624041840932037,3.3426590730097896e-05,3.342619063484431e-05,False,4.000952535856278e-10,4.5654624408988425e-16,9.073880303564883e-09,0.002087080066690918,-29.07540737616052,0.002087080066690918,0.0010909691735713494,0.0005935459541851379,0.0002438357531578366,0.0001225527993220227,6.143430370681014e-05,2.4612654769481097e-05,1.117336967837545e-09,0.0020870801160822374,0.0010909691993000094,0.0005935459681479939,0.00024383575885877516,0.00012255280218664301,6.143430518108881e-05,2.4612655412914565e-05,1.117375285608315e-09
55,node,rashba,93,0.8728079467963547,0.1958450327422558,2.9726090898206077,0.9228039825807499,1.1252402801681096,3.205898924035172e-07,0.04637836322370255,-1,True,False,True,16.381548961905303,16.251104786256665,75.74889521374331,3.205899033913998e-07,1.0987882598317248e-14,3.427395204489828e-08,True,4.3468516124789117e-14,3.7555795911156256e-13,1.0,1.0000000000000542,6.11094962487544e-14,1.7378355473381069,1.7378355473380793,1.7378346682895662,8.790485130916181e-07,8.790485406251491e-07,-0.35661514492182605,0.3566165559846832,True,1.4110628571706307e-06,5.726283441385959e-16,0.6745358334961599,0.002027269991784734,,0.002027269991784734,0.0033755173568530143,0.0056978636441295145,0.012988018513855374,0.024279071841865726,0.04276561778306878,0.07434037812019198,0.127174361587615,0.002027269991784844,0.0033755173568531917,0.0056978636441297895,0.012988018513855957,0.02427907184186679,0.04276561778307074,0.0743403781201958,0.12717436158762277
55,anti,rashba,93,0.9012623599657168,0.1958450327422558,2.9726090898206077,0.9228039825807499,1.1252402801681096,0.006566179200869925,0.04577594378617109,-1,True,False,True,14.56385692542874,15.021353850044825,76.97864614995508,0.006566179292687799,9.181787361672855e-11,1.3983455341054962e-08,True,3.8582573913589135e-10,8.203309298766297e-09,1.0,0.9999999917969304,8.203069588282206e-09,1.7046161304587804,1.7046027536067525,1.7043388594039024,0.0002638942028498903,0.00027727105487773684,-1.0508024473531276e-05,-1.0508676741294297e-05,False,6.522677630204217e-10,8.437575436224392e-16,3.4076525394862332e-09,0.0003484206583544141,-20.75883804041924,0.0003484206583544141,0.00024453488759110606,0.0001443586223822029,6.129479727693891e-05,3.1238577470852984e-05,1.5933464955558987e-05,6.505717201742565e-06,1.1041857833634721e-10,0.0003484206554962952,0.00024453488559581047,0.0001443586212165961,6.129479680633742e-05,3.123857725446957e-05,1.5933464858408628e-05,6.505717160113484e-06,1.1042068186463838e-10
56,node,rashba,68,1.0610763245593233,0.22885533529387,2.284501898149779,1.1844133713621126,1.2598997708470687,1.264294297280093e-07,0.11563112874375081,-1,True,False,True,9.013418351348864,8.125475081662692,58.87452491833728,1.2642944148085755e-07,1.1752848243847753e-14,9.295975050375487e-08,True,2.839404418386134e-14,4.548874985002891e-13,0.9999999999999996,0.9999999999998355,1.217010414436067e-13,2.7315798505136435,2.7315798505136435,2.7316652488525723,8.539833892884374e-05,8.539833892884374e-05,0.15016586432698847,0.15016577097297606,True,9.335401240928576e-08,1.0051992373126858e-15,0.6801083264967375,0.0004875907248574191,,0.0004875907248574191,0.0007772292226188457,0.0013404832554181469,0.003061733766365843,0.005606170028469557,0.009412525888264415,0.014961116363534751,0.022549786809071524,0.00048759072485733885,0.0007772292226187443,0.0013404832554179884,0.0030617337663655046,0.00560617002846895,0.009412525888263384,0.01496111636353304,0.02254978680906878
56,anti,rashba,68,1.1170799332050276,0.22885533529387,2.284501898149779,1.1844133713621126,1.2598997708470687,0.00537030641517621,0.11516794403754718,-1,True,False,True,8.65554061646716,7.956049844429516,59.04395015557051,0.005370306535163434,1.199872232821031e-10,2.23427145503328e-08,True,2.9373212919913237e-10,9.995568131466202e-09,0.9999999999999997,0.9999999906703552,9.329644833009752e-09,2.686141367291942,2.6861420490119485,2.686036238853382,0.00010581015856647724,0.00010512843855980947,1.4639217049111425e-05,1.4639186976354855e-05,False,3.007275656964723e-11,2.1581834050063697e-15,3.182594905510459e-08,9.902513060866313e-05,-4.25517675910897,9.902513060866313e-05,4.770659716506992e-05,2.5503500211211952e-05,1.0421920441162315e-05,5.240213543773643e-06,2.6315199545509376e-06,1.0564904921458961e-06,2.143066758110044e-10,9.902512968479384e-05,4.770659672155869e-05,2.5503499974831525e-05,1.0421920345675725e-05,5.240213496572006e-06,2.6315199310381e-06,1.0564904823343832e-06,2.143061651773029e-10
57,node,rashba,63,0.6440478880633734,0.22237794033434827,1.8051376450709382,1.2195620680109454,1.1752594546411796,2.1345886933406093e-08,0.14748990667879372,-1,True,False,True,5.8152457304005685,4.813724772536519,57.18627522746353,2.1345889272982158e-08,2.339576065057163e-15,1.0960313208610464e-07,True,3.4077916555756872e-15,2.2343308606071604e-13,0.9999999999999997,0.9999999999999363,1.019518098354474e-13,2.8476917804141437,2.847691780414144,2.848066749151678,0.0003749687375336208,0.0003749687375340649,0.034573299019275645,0.03457336642660599,True,6.740733034249491e-08,2.9464923641266965e-15,0.6880447613739405,2.7575563928297884e-05,,2.7575563928297884e-05,4.417856542991199e-05,7.632432864155609e-05,0.00017384645114201623,0.0003161207804768873,0.0005235495271194453,0.0008144096351029546,0.0011953130050762469,2.7575563928296126e-05,4.417856542990812e-05,7.632432864154929e-05,0.000173846451142002,0.0003161207804768625,0.0005235495271194026,0.0008144096351028811,0.001195313005076125
57,anti,rashba,63,0.7009497451794627,0.22237794033434827,1.8051376450709382,1.2195620680109454,1.1752594546411796,0.001255768232268979,0.14796288416352626,-1,True,False,True,5.791949617531708,4.805062970019726,57.19493702998029,0.0012557681896999751,4.256900387744622e-11,3.389877429892506e-08,True,7.813229603341397e-11,1.0131869960592766e-08,0.9999999999999999,1.0000000093622023,9.362202331821264e-09,2.8968942312404433,2.8968937683308766,2.8964711521721087,0.00042261615876793,0.0004230790683346086,-2.521145705687165e-06,-2.5211283418997282e-06,False,1.7363787436965733e-11,2.055678184439067e-14,1.5325121505258272e-08,6.5834177729641836e-06,-0.959199169272792,6.5834177729641836e-06,3.080212840686866e-06,1.6366674704774704e-06,6.669121598202606e-07,3.3463333303125074e-07,1.6761985911398658e-07,6.713253513957719e-08,6.356175669304534e-12,6.583417834599473e-06,3.080212869337629e-06,1.6366674856204297e-06,6.669121658847633e-07,3.3463333600356765e-07,1.6761986058487359e-07,6.713253575516005e-08,6.3562180173526415e-12
58,node,rashba,89,0.8344227852493623,0.12556605574383367,2.7572659452305803,1.2429088798194636,1.260291648953895,8.097170621969889e-07,0.05378229222078639,-1,True,False,True,17.495121996542835,17.93005034938089,70.06994965061914,8.097171114451353e-07,4.924814642057922e-14,6.082142605091614e-08,True,1.9821946794046065e-13,1.1389904384951821e-12,1.0,1.0000000000001221,8.851735128532357e-14,2.513230730965736,2.5132307309657183,2.513233469315671,2.7383499525690524e-06,2.738349934805484e-06,-0.42608887597836576,0.42608970785887385,True,8.318805080897995e-07,1.0117911431366908e-15,0.6747727442314133,0.0030231023684687227,,0.0030231023684687227,0.004836704072748028,0.008343874875434384,0.019246369349921046,0.035968257181652745,0.06301832714065239,0.10821107464717278,0.18155173023250723,0.003023102368469092,0.004836704072748467,0.008343874875435042,0.019246369349922455,0.03596825718165536,0.06301832714065705,0.10821107464718141,0.1815517302325233
58,anti,rashba,89,0.8760701670392244,0.12556605574383367,2.7572659452305803,1.2429088798194636,1.260291648953895,0.011649365072838072,0.05360329936591098,-1,True,False,True,14.92035955502241,15.911871769805025,72.088128230195,0.01164936508756676,1.472868702001584e-11,1.2643338866903214e-09,True,5.57600184256485e-11,8.137332620084266e-10,0.9999999999999998,0.999999999152394,8.476059898697968e-10,2.478407957394686,2.478403586150261,2.4782935890798354,0.00010999707042547158,0.00011436831485056587,3.873357554933388e-05,3.873336130999494e-05,False,2.1423933894287872e-10,4.070506003759127e-16,3.48874073761468e-08,0.00048318837290339795,-17.68885789176552,0.00048318837290339795,0.0002437024472150898,0.000131534980705243,5.3902961528272245e-05,2.71056973348546e-05,1.3616741977503292e-05,5.473145619736497e-06,1.5002898748360226e-09,0.0004831883724938446,0.00024370244700889162,0.00013153498059417315,5.390296148315321e-05,2.7105697312518622e-05,1.3616741966407477e-05,5.473145615063637e-06,1.5002895300278454e-09
59,node,rashba,58,0.6306054652463724,0.25657863028209116,1.913135684748943,1.2809364088370483,1.0187929820041943,3.693366314114341e-08,0.17026185468306654,-1,True,False,True,4.458779358219732,3.4790286451070833,53.52097135489293,3.6933661330282895e-08,1.8108605147484176e-15,4.90300815228683e-08,False,4.326026512039392e-15,4.0932079891579404e-13,0.9999999999999997,1.0000000000005125,2.593086430606122e-13,3.087431128098813,3.087431128098814,3.0346927530320236,0.052738375066790244,0.052738375066789356,0.014207176685434555,0.01420724566031652,True,6.89748819657221e-08,1.2828637090620325e-14,0.686211890135373,5.0714170991838186e-06,,5.0714170991838186e-06,8.081373026623861e-06,1.3941600780658792e-05,3.161399691668088e-05,5.7007916653443585e-05,9.295560562118182e-05,0.00014129919816996148,0.0002018438693711552,5.071417099186418e-06,8.081373026626531e-06,1.3941600780662572e-05,3.161399691668826e-05,5.700791665345625e-05,9.295560562120284e-05,0.0001412991981699955,0.00020184386937120754
59,anti,rashba,58,0.6846622515446346,0.25657863028209116,1.913135684748943,1.2809364088370483,1.0187929820041943,0.000490518300724674,0.170091451820742,-1,True,False,True,4.458754835674095,3.479385028370038,53.52061497162998,0.0004905183261168872,2.539221318018786e-11,5.176608730535501e-08,False,3.7930340512064136e-11,6.394730179606409e-09,0.9999999999999994,0.999999993167163,6.8328369341211275e-09,3.0341208383077927,3.0341208952995995,3.0202963134285037,0.013824581871095809,0.01382452487928898,-1.179033295598534e-06,-1.1790169535119688e-06,False,1.6342086565273098e-11,2.931599545203234e-14,1.6982418934016984e-08,1.4113170737612085e-06,-0.4159099134163442,1.4113170737612085e-06,6.537941676285043e-07,3.46686243429684e-07,1.411269356985927e-07,7.075938661995599e-08,3.5412074038441535e-08,1.4170516877668868e-08,1.3901195121297467e-12,1.4113170641179091e-06,6.537941631641987e-07,3.466862410583615e-07,1.4112693472731777e-07,7.075938612901834e-08,3.541207379077636e-08,1.4170516777399855e-08,1.3901163877162692e-12
60,node,rashba,67,0.6026526534008331,0.2285548575525157,2.8237915854135602,1.1845478388072215,0.9686548570121687,2.370922080653527e-07,0.07368479443614089,-1,True,False,True,9.06199360008899,8.266053776346377,57.73394622365362,2.3709219252127802e-07,1.55440746744827e-14,6.556130545714979e-08,True,3.740204234531341e-14,8.914254634895823e-13,1.0,1.0000000000002163,2.4002415095636775e-13,1.7554053096731934,1.755405309673173,1.7554046126964187,6.969767545328409e-07,6.969767749609446e-07,0.17040903733195062,0.17040779749998713,True,1.239831963484317e-06,1.3865839691871305e-15,0.6779081873231823,0.0006393513173434945,,0.0006393513173434945,0.001061638288216273,0.0017851851088389451,0.0040141365807874925,0.007319070726623427,0.012245255376536188,0.01937397430603039,0.029039240004402132,0.0006393513173436328,0.0010616382882164968,0.0017851851088392975,0.004014136580788242,0.007319070726624789,0.01224525537653858,0.019373974306034547,0.029039240004409102
60,anti,rashba,67,0.6367017930007917,0.2285548575525157,2.8237915854135602,1.1845478388072215,0.9686548570121687,0.0037019879735494627,0.07220756515690263,-1,True,False,True,8.660317315361386,8.074839268671226,57.925160731328866,0.003701987971733999,1.8154635780809336e-12,4.90402343565765e-10,True,4.476639123191319e-12,2.3081399566053036e-10,0.9999999999999997,1.0000000002039922,2.0399210728025132e-10,1.709579205757219,1.709573384018296,1.709123359765857,0.00045002425243900745,0.00045584599136194726,1.1965617521859668e-06,1.1962725731881618e-06,False,2.891789978049647e-10,1.204861174680103e-15,1.651559006140998e-10,0.0001293901856322612,-7.960232621491079,0.0001293901856322612,9.069805690754266e-05,5.361013114317388e-05,2.29180407731284e-05,1.1799088107616021e-05,6.068969356442216e-06,2.4834695410817242e-06,1.4317600267935897e-12,0.00012939018565865577,9.06980569257429e-05,5.361013115358208e-05,2.291804077697061e-05,1.1799088109142724e-05,6.068969357077493e-06,2.4834695414197755e-06,1.4317651211337664e-12
61,node,rashba,94,1.176746244800933,0.2872470341893323,2.3827950107195837,1.2044231390241418,1.0715635350039956,3.462651147619188e-10,0.12355432633130586,-1,True,False,True,6.455222017599529,5.519037869280934,87.48096213071908,3.462645000443266e-10,6.147175922149584e-16,1.7752801711995137e-06,True,4.2379893750627987e-16,4.819756506907371e-13,1.0,1.0000000000003837,3.8310237062646917e-13,2.0500741064137804,2.0500741064137795,2.0500731183680583,9.88045721239672e-07,9.880457221278505e-07,-0.008478413139017118,0.008478431989869199,True,1.8850852080698477e-08,1.0105601141737577e-13,0.6777787917366787,1.1282707296157602e-06,,1.1282707296157602e-06,1.845229418373911e-06,3.1547663056467214e-06,7.251047707305754e-06,1.3584390301414954e-05,2.397352706737159e-05,4.180943654629815e-05,7.188348935585812e-05,1.128270729616193e-06,1.8452294183745945e-06,3.1547663056478162e-06,7.251047707307998e-06,1.3584390301418827e-05,2.397352706737837e-05,4.1809436546311374e-05,7.188348935588566e-05
61,anti,rashba,94,1.2070698272886708,0.2872470341893323,2.3827950107195837,1.2044231390241418,1.0715635350039956,0.0001636385998531884,0.12230448071470762,-1,True,False,True,6.453128743970469,5.5216639344673295,87.47833606553272,0.00016363859871245005,1.1407383555556844e-12,6.971083574285775e-09,True,2.5189391518890686e-12,2.002070002987747e-09,1.0,1.0000000011894346,1.1894344444925356e-09,2.0171308251386675,2.017130820930819,2.0170420385879706,8.878234284859232e-05,8.878655069688435e-05,-1.9010812153873012e-07,-1.9010704468969128e-07,False,1.0768490388392782e-12,3.726901673180981e-14,1.2989758019493976e-09,2.9598685676091847e-07,-0.4399850960351944,2.9598685676091847e-07,1.7646711317363024e-07,9.932631755753004e-08,4.158399306676038e-08,2.1265008752426833e-08,1.0943125207890728e-08,4.520866917084367e-09,3.61410978749787e-14,2.9598685711297543e-07,1.7646711337897345e-07,9.932631766800172e-08,4.158399310379608e-08,2.1265008763186994e-08,1.0943125208466087e-08,4.520866917046472e-09,3.6140827727480996e-14
62,node,rashba,60,0.9469096107672853,0.22981251626374602,1.9530632520058686,0.8381645625014369,1.1094278997664084,8.847103919637264e-07,0.09541478049347976,-1,True,False,True,9.773203019598643,9.113734396032962,49.88626560396708,8.847102756440683e-07,1.1631965816134707e-13,1.3147766683644452e-07,True,3.499344261947643e-13,2.688672550033154e-12,0.9999999999999996,1.0000000000004134,1.9368991838207549e-13,2.677771147231482,2.677771147231481,2.677861520221839,9.037299035785651e-05,9.037299035696833e-05,0.2774014673605037,0.2774005963227062,True,8.710377975007511e-07,5.755147247919e-16,0.681723751684726,0.0018812990331150067,,0.0018812990331150067,0.002999220801167702,0.00515842750469869,0.01170081478055314,0.021167883815685757,0.03473527064387627,0.05329268931281126,0.0769515740937606,0.0018812990331157848,0.00299922080116842,0.005158427504699634,0.011700814780555041,0.02116788381568918,0.034735270643882106,0.05329268931282083,0.07695157409377551
62,anti,rashba,60,1.002354428006282,0.22981251626374602,1.9530632520058686,0.8381645625014369,1.1094278997664084,0.009895959062599428,0.0947889892602031,-1,True,False,True,8.934829228733136,8.604227609759475,50.395772390240495,0.009895958855261167,2.0733826114338605e-10,2.0951810717062862e-08,True,6.273471433434535e-10,1.1173699503760078e-08,1.0,1.0000000113221155,1.1322115415349479e-08,2.626402768055483,2.6264018664978765,2.626229632322123,0.00017223417575351618,0.00017313573335986376,-2.7247686152353894e-05,-2.7247774696259605e-05,False,8.854390571100073e-11,1.485919116822708e-15,3.6646387753272545e-08,0.0003376578366812693,-8.130560336908239,0.0003376578366812693,0.00016457760463864336,8.819866598207672e-05,3.607647201543393e-05,1.814144721304353e-05,9.105221757039186e-06,3.6511770482062454e-06,7.424364006571783e-10,0.0003376578405042703,0.0001645776064950167,8.819866697349747e-05,3.607647241574238e-05,1.8141447410670434e-05,9.105221854930506e-06,3.651177087205038e-06,7.424340560074955e-10
63,node,rashba,95,0.9770943975485362,0.10431689243137994,2.556237048841445,1.2186766499933426,1.193223247170891,5.326346872720014e-07,0.04657694598466285,-1,True,False,True,18.59949079305367,19.101590263764578,74.8984097362354,5.326346856775147e-07,1.5944866895261354e-15,2.993584022273556e-09,True,6.724545826475654e-15,4.0699049780536643e-14,0.9999999999999999,0.9999999999999992,1.5994191451601942e-15,2.4216117103344565,2.421611710334445,2.421613342259171,1.6319247260199177e-06,1.6319247144735982e-06,0.4165757396638694,0.4165748605764236,True,8.79087445782023e-07,6.000301389091836e-16,0.6741976220854591,0.0027094249549672084,,0.0027094249549672084,0.004347756331747109,0.007494215603749776,0.01731254755000807,0.03248362630561068,0.057421501688044475,0.10044823472291424,0.17353534687649982,0.002709424954967206,0.004347756331747102,0.007494215603749757,0.017312547550008016,0.03248362630561056,0.05742150168804427,0.10044823472291396,0.17353534687649957
63,anti,rashba,95,1.0134534099059795,0.10431689243137994,2.556237048841445,1.2186766499933426,1.193223247170891,0.00993758389424465,0.04623720946352801,-1,True,False,True,15.884480799769884,16.98332411251147,77.01667588748846,0.009937583925611044,3.136639385725726e-11,3.156340031043471e-09,True,1.4796713077785882e-10,2.026995249767008e-09,1.0,0.999999997895256,2.1047440848437772e-09,2.388973407310961,2.388969013626882,2.388856340393869,0.00011267323301300536,0.0001170669170917904,2.0002515501745324e-05,2.000222713155475e-05,False,2.883701905737057e-10,7.068880413613186e-16,9.700274505686341e-09,0.0004341717895259685,-19.769494012509064,0.0004341717895259685,0.00022458031593522527,0.00012189396951626089,5.005324409425379e-05,2.5187263094324126e-05,1.2664494990686964e-05,5.095887519984084e-06,4.001006263974728e-10,0.000434171788612148,0.0002245803154633796,0.00012189396926075081,5.0053243990444605e-05,2.5187263043147087e-05,1.2664494965477002e-05,5.0958875094828944e-06,4.001001556501636e-10
64,node,rashba,78,0.6608051063412256,0.19605464493620284,1.911662027746177,0.7266464841766617,0.9164134337242607,3.3670100308323573e-07,0.07005504690950032,-1,True,False,True,11.187713977588588,10.411718206677568,66.58828179332244,3.3670100622580844e-07,3.1425727024434434e-15,9.333422453946682e-09,True,8.629707857137829e-15,1.2738829144219939e-13,0.9999999999999998,0.9999999999999899,5.6207165525097036e-15,2.465339019398632,2.4653390193986233,2.465343940353819,4.9209551957751785e-06,4.920955186893394e-06,0.20487489297553807,0.20487425558633085,True,6.373892072197851e-07,1.342637623921643e-15,0.6778336291503458,0.0007938889647209426,,0.0007938889647209426,0.00127326935382216,0.0021920848011877975,0.005028647131598418,0.009309550302368184,0.015991295887539198,0.02643783467204313,0.04197372177173819,0.0007938889647209346,0.0012732693538221528,0.002192084801187791,0.005028647131598413,0.009309550302368182,0.01599129588753919,0.02643783467204306,0.04197372177173796
64,anti,rashba,78,0.6950916863898514,0.19605464493620284,1.911662027746177,0.7266464841766617,0.9164134337242607,0.00449335290874393,0.06956536494854022,-1,True,False,True,10.566826445277664,10.087591745484879,66.91240825451511,0.004493352856626491,5.211743883681841e-11,1.1598786005746275e-08,True,1.7790064265426515e-10,5.6499574883905505e-09,1.0,1.0000000052789921,5.278992181000248e-09,2.425687250682996,2.425685460267724,2.425537216365132,0.00014824390259216003,0.00015003431786420052,-1.4122926542957468e-05,-1.4123082239282657e-05,False,1.5569632518846923e-10,2.511034698372371e-15,1.6553779299536267e-08,0.00015447479837952583,-9.537481978465387,0.00015447479837952583,7.907567310836632e-05,4.283205445392791e-05,1.7597714958978808e-05,8.874548494888316e-06,4.473199635803278e-06,1.8020249163580483e-06,1.9945705413789224e-10,0.00015447479919499709,7.907567352409716e-05,4.2832054677781216e-05,1.759771504855405e-05,8.874548537984365e-06,4.4731996564914115e-06,1.8020249246882654e-06,1.9945645470265145e-10
65,node,rashba,97,0.7025407004134007,0.2202444144679717,2.868114443255859,1.081188477527198,1.1745365790649593,1.0462169397593891e-07,0.07466170377775341,-1,True,False,True,12.954674024069929,12.144706317427277,83.8552936825728,1.0462169728402545e-07,3.3080865402269595e-15,3.1619508483467676e-08,True,9.274716583958999e-15,2.078398006847723e-13,1.0,0.999999999999963,3.3218000323455176e-14,2.243881879757737,2.243881879757736,2.243881697452639,1.8230509679639795e-07,1.8230509768457637e-07,0.16792883122541705,0.16792846463166278,True,3.665937542696174e-07,1.014054750717651e-15,0.6749179689121202,0.0004307524988324545,,0.0004307524988324545,0.0006963796913277736,0.0011963696261856624,0.002760307077757758,0.00518383531563325,0.009187683260188734,0.01616667730830032,0.0282000923567346,0.0004307524988324386,0.0006963796913277508,0.0011963696261856253,0.002760307077757672,0.005183835315633088,0.009187683260188442,0.016166677308299793,0.028200092356733663
65,anti,rashba,97,0.7363314164990772,0.2202444144679717,2.868114443255859,1.081188477527198,1.1745365790649593,0.0036225182388675897,0.07406541597381439,-1,True,False,True,12.411813894813346,11.883660919042581,84.11633908095746,0.0036225182811004467,4.223285696852708e-11,1.165842493638602e-08,True,1.1447661548478274e-10,5.404397808868656e-09,1.0,0.9999999951792177,4.820782382487297e-09,2.2119290749682845,2.2119277567025772,2.211802242973612,0.00012551372896529855,0.00012683199467256046,1.0514359962095926e-05,1.051423418815811e-05,False,1.257739378158286e-10,2.7153558261278032e-15,1.301687989453196e-08,8.755622937393605e-05,-7.885630159201306,8.755622937393605e-05,4.809171381585624e-05,2.647947651084085e-05,1.0947873632491704e-05,5.538535124898243e-06,2.807635555573193e-06,1.140920053025002e-06,1.10551765412521e-10,8.755622895184652e-05,4.8091713585023445e-05,2.6479476384738e-05,1.0947873582303835e-05,5.538535101412222e-06,2.8076355448207192e-06,1.1409200484836237e-06,1.1055135409000589e-10
66,node,rashba,89,0.6899020804535291,0.22045831301612145,2.097168761822095,1.1647744583592354,0.817289461957887,7.000681404749274e-09,0.10566631248970865,-1,True,False,True,5.6040766767158114,4.68410060394761,83.31589939605239,7.000681342458749e-09,6.229052500839543e-17,8.897780288378418e-09,True,4.762680868205162e-16,1.4509875078832306e-12,0.9999999999999998,0.999999999998923,1.0746421752350304e-12,2.094109951263289,2.09410995126329,2.0941091186188436,8.32644446280284e-07,8.326444453921056e-07,0.004641792198243623,0.0046417704076021525,True,2.1790641470918748e-08,7.617476010631836e-14,0.6777841855569043,3.5718231722235326e-07,,3.5718231722235326e-07,5.824071916500392e-07,9.962257582416968e-07,2.286848102651776e-06,4.2698919255568155e-06,7.479215640696784e-06,1.2842097346503886e-05,2.154623481167537e-05,3.5718231722196854e-07,5.82407191649432e-07,9.962257582407157e-07,2.286848102649716e-06,4.269891925553161e-06,7.4792156406903525e-06,1.284209734649187e-05,2.1546234811652215e-05
66,anti,rashba,89,0.714597945481958,0.22045831301612145,2.097168761822095,1.1647744583592354,0.817289461957887,7.298092408494051e-05,0.10461453103456593,-1,True,False,True,5.603425636962132,4.687279643172036,83.31272035682807,7.298092855119992e-05,4.466259407123231e-12,6.119762750503232e-08,True,9.167769738521763e-12,1.6638009748499814e-08,0.9999999999999998,0.999999990622028,9.377971976493296e-09,2.059332566170762,2.059332564857727,2.059249382237795,8.318261993212062e-05,8.318393296713467e-05,-3.6036301126706583e-07,-3.6036017818038847e-07,False,2.833086677364364e-12,6.811901011746811e-14,1.5219729550537795e-08,9.587016454143182e-08,-0.2957936941426793,9.587016454143182e-08,5.61004515092626e-08,3.1427007442034413e-08,1.3140734075767067e-08,6.719619765193986e-09,3.454817461394906e-09,1.4234686854447796e-09,1.2986149988947564e-13,9.58701636423641e-08,5.610045099749579e-08,3.142700717080987e-08,1.3140733989136494e-08,6.719619743661704e-09,3.4548174634865503e-09,1.4234686872486114e-09,1.2986398727821742e-13
67,anti,rashba,61,1.2442880524096807,0.11739290917258588,2.7599506123447366,0.7173061874564145,1.1456216299178705,0.02718040567349339,0.021572572858038763,-1,False,True,False,12.124876073701667,14.974765840997465,45.02523415900272,,,,,,,,,,,,1.5706282286403024,,,-8.15039575359066e-05,-8.150538421264342e-05,False,1.4266767368181776e-09,4.238068452039952e-16,4.414489711771549e-08,0.0024668744675885156,-65.49955148801857,,,,,,,,,,,,,,,,
68,node,rashba,49,0.9206901098369489,0.21267053333724095,2.699578723761775,1.2700268675122228,1.0785382794798077,9.742240785874167e-07,0.08430491990172785,-1,True,False,True,8.816956498678445,8.346217837951619,39.65378216204837,9.742239908308465e-07,8.775657024995861e-14,9.007842464456626e-08,True,2.2303273422612965e-13,1.732205851355685e-12,0.9999999999999997,0.9999999999996706,3.4020707540814664e-13,2.0103920019532175,2.0103920019530506,2.0103807298220624,1.127213098817137e-05,1.1272131155148912e-05,-0.34245804662954676,0.3424607307633605,True,2.684133813712908e-06,6.368436352013407e-16,0.6818252152416783,0.003510311137609434,,0.003510311137609434,0.005712987188880847,0.009637174428697513,0.02139713436369428,0.03775798255590893,0.0594751273812138,0.08634008068374402,0.11727751370132482,0.003510311137608278,0.0057129871888791425,0.009637174428694918,0.021397134363688824,0.03775798255589906,0.05947512738119705,0.08634008068371725,0.11727751370128492
68,anti,rashba,49,0.9771060447158023,0.21267053333724095,2.699578723761775,1.2700268675122228,1.0785382794798077,0.012515764991372164,0.08260156687656703,-1,True,False,True,7.795867889685686,7.647705406072357,40.35229459392766,0.012515765221062626,2.296904628301677e-10,1.8352091381430262e-08,True,5.772869211702792e-10,1.0826300878867842e-08,1.0,0.9999999890582204,1.0941779631906067e-08,1.948107046905319,1.9480753990586681,1.9473731346477632,0.0007022644109051512,0.0007339122575560353,2.4405855379310698e-05,2.440561641670058e-05,False,2.3896261011963267e-10,1.0811431399058448e-15,2.038050886714911e-08,0.0005964540110543271,-10.120071600488307,0.0005964540110543271,0.00036784402796734766,0.00020904544905336637,8.780769569334115e-05,4.4712950135565536e-05,2.265744636330212e-05,9.140451960697434e-06,5.956457767958525e-10,0.0005964540045280588,0.00036784402399439727,0.0002090454468425965,8.780769483227523e-05,4.471294973002436e-05,2.265744615490088e-05,9.140451859969989e-06,5.956370288098159e-10
69,node,rashba,80,0.6242069276160597,0.2412474163760289,1.8682786329239796,1.2401599078950458,1.1381731691596735,1.1810265843760634e-08,0.15804893871852504,-1,True,False,True,5.369779624315482,4.373541797194677,74.62645820280534,1.1810267463279524e-08,1.6195188904345805e-15,1.3712806399613541e-07,True,2.2140110419640215e-15,1.0570418759094675e-12,0.9999999999999997,0.999999999999397,3.5859086731560544e-13,2.9482237172918886,2.9482237172918886,2.9487793074768196,0.0005555901849310096,0.0005555901849310096,-0.006377003662745036,0.006376971321449864,True,3.2341295172315376e-08,7.581575933919181e-14,0.6864487439240671,7.405173378677267e-07,,7.405173378677267e-07,1.1884467725217238e-06,2.0628657085657247e-06,4.7541115493425454e-06,8.823570626810946e-06,1.5220038591872289e-05,2.5350612399344153e-05,4.066617571466361e-05,7.405173378672803e-07,1.1884467725212333e-06,2.0628657085650225e-06,4.754111549341162e-06,8.823570626808537e-06,1.5220038591868067e-05,2.535061239933634e-05,4.066617571464903e-05
69,anti,rashba,80,0.667990721807276,0.2412474163760289,1.8682786329239796,1.2401599078950458,1.1381731691596735,0.0001782508437119663,0.15835664897747362,-1,True,False,True,5.372536084175577,4.373891044594755,74.62610895540524,0.00017825083626224836,7.449717952983173e-12,4.1793451283860934e-08,False,1.2432114643035679e-11,8.020731312937047e-09,1.0,1.0000000072689843,7.268984211893816e-09,2.98709121442384,2.9870912062089268,2.9858770734772766,0.0012141327316501638,0.001214140946563358,1.1985374605652678e-07,1.1986631847683837e-07,False,1.2572420311589543e-11,1.3688029714476252e-13,8.991113153910529e-10,1.9970998303940037e-07,-0.23005656131730534,1.9970998303940037e-07,9.274881260992115e-08,4.920596649428242e-08,2.003388070498413e-08,1.004564286432738e-08,5.028350537000038e-09,2.0126329979658033e-09,1.436492044379013e-14,1.9970998449108908e-07,9.27488132810717e-08,4.9205966849118144e-08,2.0033880847781864e-08,1.0045642934590261e-08,5.028350571426718e-09,2.0126330116398126e-09,1.4364639202222334e-14
70,anti,rashba,44,1.1909952030309783,0.11311664107308102,2.4776841085991044,1.2060073823967854,1.3167157360015884,0.04734898799180584,0.05300876399367434,-1,True,True,False,8.645553149116672,10.088458146965007,32.91154185303504,,,,,,,,,,,,2.582988312967713,,,8.370277247036692e-05,8.370207582597543e-05,False,6.966443914926479e-10,3.7721468952623407e-16,6.592942398167717e-08,0.002415170129215866,-21.477595005561096,,,,,,,,,,,,,,,,
71,node,rashba,90,1.0404548158984404,0.1471148056136308,2.6735910473989395,1.0705912627065244,1.1807063650620795,8.144608411665323e-07,0.05174748593731692,-1,True,False,True,16.701522632626,16.78220234592655,72.21779765407335,8.144608973758169e-07,5.620928457435165e-14,6.901410323649749e-08,True,2.497760927816864e-13,1.609084627465472e-12,1.0,0.9999999999998203,1.7455185105236062e-13,2.1403723818839113,2.1403723818838367,2.1403727191564084,3.3727257164883895e-07,3.372724970418517e-07,0.38620181377116947,0.3861997796928472,True,2.0340783222771996e-06,8.184295234589334e-16,0.6747808510166813,0.0024559717052402424,,0.0024559717052402424,0.003984734803900055,0.006819342462767846,0.01566652290776841,0.02927552009436972,0.051360497405436446,0.08846720401237802,0.14915184096014106,0.002455971705239801,0.003984734803899423,0.0068193424627668595,0.015666522907766264,0.029275520094365754,0.05136049740542928,0.08846720401236452,0.14915184096011502
71,anti,rashba,90,1.0759596955862065,0.1471148056136308,2.6735910473989395,1.0705912627065244,1.1807063650620795,0.0089270329820199,0.05113575213911714,-1,True,False,True,14.572243547897576,15.239320593973355,73.76067940602661,0.008927032773763204,2.0825669660995416e-10,2.3328769707629372e-08,True,9.00836511743408e-10,1.427203259452351e-08,1.0,1.0000000145837655,1.4583765573277474e-08,2.1059936102802785,2.1059838986762065,2.105802230372241,0.0001816683039654876,0.00019137990803752558,3.529347468313101e-05,3.529316062490795e-05,False,3.140582230582757e-10,5.632480124208386e-16,3.394239815170773e-08,0.0004077592310103294,-18.329157901323182,0.0004077592310103294,0.0002335803576752863,0.00012994165383517026,5.388441353126273e-05,2.7235893080803523e-05,1.3767939100328573e-05,5.571167249749391e-06,1.2456293552088247e-09,0.00040775923695699444,0.00023358036107103483,0.00012994165571434183,5.388441429164571e-05,2.7235893447802178e-05,1.376793927811499e-05,5.571167328043931e-06,1.2456379905731617e-09
72,node,rashba,83,1.1593005141535937,0.2694090133423863,2.010044743345045,0.9660449504419159,0.9230423842374331,1.030707864609309e-10,0.10362699235834587,-1,True,False,True,6.355722376711012,5.439284709307112,76.56071529069288,1.0307096109717097e-10,1.7463624006603624e-16,1.6943330507353051e-06,True,4.254076352552319e-16,3.991567078307527e-12,0.9999999999999998,1.0000000000079672,7.966402373810239e-12,1.8697490903358096,1.8697490903358096,1.869747864454816,1.2258809936049886e-06,1.2258809936049886e-06,0.01643879196677728,0.016438724062283992,True,6.790449328872294e-08,8.50638366141637e-12,0.678943195800399,4.795437844645508e-06,,4.795437844645508e-06,7.92568826005774e-06,1.3446738973755758e-05,3.064368814888716e-05,5.689278792394017e-05,9.861912472248389e-05,0.0001659589064991719,0.0002702338813269812,4.795437844683714e-06,7.925688260120882e-06,1.3446738973862835e-05,3.064368814913083e-05,5.6892787924392103e-05,9.861912472326724e-05,0.00016595890650049155,0.000270233881329134
72,anti,rashba,83,1.1871171756144354,0.2694090133423863,2.010044743345045,0.9660449504419159,0.9230423842374331,0.0002909755848774727,0.10221677282854946,-1,True,False,True,6.348498818823273,5.442043055500401,76.55795694449965,0.00029097556995788364,1.4919589055948507e-11,5.1274367442997035e-08,True,4.366572679441311e-11,1.5851333194493992e-08,0.9999999999999998,1.0000000099708077,9.970807767048491e-09,1.8325550085926992,1.8325549807384318,1.8323974925167392,0.00015748822169259213,0.00015751607595992922,1.4253479703197074e-06,1.4253198746044455e-06,False,2.809571526189032e-11,2.7871968135380233e-14,2.0045393770877315e-08,1.2210940609521932e-06,-0.930154814750598,1.2210940609521932e-06,7.985383323642312e-07,4.618133192817298e-07,1.959107128776455e-07,1.0097212590376912e-07,5.2356869538467545e-08,2.1726705946298047e-08,2.0316168364946354e-12,1.2210940731274874e-06,7.985383401015397e-07,4.618133234942174e-07,1.9591071420271156e-07,1.0097212620375365e-07,5.235686950241199e-08,2.1726705964158064e-08,2.0316571501642465e-12
73,node,rashba,70,0.8842948928454131,0.2865182951016476,2.818300004276274,1.2306193480520384,1.0513223204425488,8.04333049851916e-08,0.0965590733220195,-1,True,False,True,7.599304469901076,6.719146263937641,62.28085373606237,8.043330049387382e-08,4.491317783030577e-15,5.583903065847492e-08,True,1.07035029567698e-14,5.543353242011856e-13,0.9999999999999996,0.9999999999999606,5.007155584590592e-14,1.7696621993901696,1.769662199390167,1.7696606898908114,1.5094993557340786e-06,1.5094993583986138e-06,-0.08198236636532044,0.08198271654684272,True,3.501815222795024e-07,4.521073726381697e-15,0.6783050253375266,0.00014155259157113575,,0.00014155259157113575,0.0002350075472992074,0.0003958195647838805,0.0008924887536844896,0.0016338494485783877,0.0027546986410430735,0.004413436042610975,0.006721108394857623,0.00014155259157113017,0.00023500754729919904,0.000395819564783869,0.0008924887536844661,0.0016338494485783441,0.002754698641042991,0.004413436042610804,0.006721108394857287
73,anti,rashba,70,0.9200547301882374,0.2865182951016476,2.818300004276274,1.2306193480520384,1.0513223204425488,0.0018655800240757006,0.094861799516454,-1,True,False,True,7.4852548351224435,6.681452932456345,62.318547067543626,0.0018655800007479468,2.3327753791158035e-11,1.250429008142695e-08,True,5.069710357511435e-11,4.979322904877251e-09,1.0,1.0000000038639085,3.863908617135622e-09,1.7257425124452794,1.7257413237299364,1.725392301417557,0.00034902231237943226,0.00035021102772248014,3.4392471199223363e-06,3.43911217321087e-06,False,1.3494671146631356e-10,3.1072265397778588e-15,5.29245569060659e-09,3.1927983754816365e-05,-3.617482318667891,3.1927983754816365e-05,2.217495060919416e-05,1.3072867391309924e-05,5.592403386480306e-06,2.888766830601183e-06,1.494032117209561e-06,6.150104049738295e-07,1.1828420751891945e-11,3.192798387818318e-05,2.217495069293688e-05,1.3072867438394012e-05,5.59240340265663e-06,2.8887668359360267e-06,1.4940321188317536e-06,6.150104060940428e-07,1.1828584670676006e-11
74,node,rashba,50,0.8636501698651515,0.2795616249783854,2.7843205389614587,0.8877415899232242,1.0354095172792888,1.0049792991966297e-06,0.06384935418065237,-1,True,False,True,9.81024760606486,9.673829155799329,39.32617084420092,1.0049793253655559e-06,2.6168926204326367e-14,2.6039268893643425e-08,True,8.087844347960109e-14,5.140179332967393e-13,0.9999999999999997,0.9999999999998886,1.3377751100482943e-13,1.6013210704259313,1.6013210704254837,1.6013221942488352,1.1238233517119056e-06,1.123822904069982e-06,0.4467567259353153,0.44675167354718004,True,5.052388135251551e-06,1.1924098744787456e-15,0.6815200470430552,0.005857247282289648,,0.005857247282289648,0.009842355071284673,0.016344651631650386,0.035916184032073695,0.06338295982822978,0.10017580543780893,0.14614874635268493,0.19959157216844242,0.0058572472822889955,0.009842355071283577,0.016344651631648693,0.035916184032070135,0.06338295982822331,0.10017580543779794,0.14614874635266717,0.19959157216841572
74,anti,rashba,50,0.9086009104376199,0.2795616249783854,2.7843205389614587,0.8877415899232242,1.0354095172792888,0.013153273210303178,0.06192195184190884,-1,True,False,True,8.377801625070013,8.573958586401083,40.42604141359892,0.013153273484817833,2.745146557986411e-10,2.0870444292422147e-08,True,8.38736875289312e-10,1.3514941075478252e-08,0.9999999999999998,0.9999999862800918,1.3719908193738374e-08,1.5405469199173334,1.5404596685146048,1.5394223618203073,0.0010373066942976905,0.0011245580970262736,-2.6149031722696135e-05,-2.6149700200345235e-05,False,6.684776490997171e-10,6.78038531490121e-16,1.4542569200595375e-08,0.0009403728469197521,-17.1756403446674,0.0009403728469197521,0.0007336805374526191,0.000450714487004773,0.00019545251006734517,0.0001003491627128224,5.1076797685973004e-05,2.0649728222605513e-05,6.837718600345557e-10,0.000940372834017923,0.0007336805275562793,0.0004507144811038767,0.00019545250776514063,0.00010034916165878451,5.107679714688528e-05,2.064972796311953e-05,6.837944354714603e-10
75,node,rashba,98,0.5525639107831982,0.24779261063099603,2.294831936014328,0.7837666607995504,0.9620365113449083,6.891127114430424e-08,0.0766176093207082,-1,True,False,True,10.746735659053465,9.81751977844415,87.18248022155589,6.891126822043975e-08,2.9238644941231978e-15,4.242940879729898e-08,True,8.460740465734803e-15,3.701875873128616e-13,1.0,1.000000000000052,5.5602251128340295e-14,2.2845870186033475,2.2845870186033457,2.2845866000452824,4.1855806331980716e-07,4.18558065096164e-07,-0.08866846922360254,0.08866863294774419,True,1.6372414164689264e-07,1.3613954346324401e-15,0.6760662542799725,0.00011866512123210926,,0.00011866512123210926,0.00019176451390896367,0.00032993713916452044,0.0007620251331016735,0.0014321252041997992,0.002541732930877342,0.004485519546137202,0.007862097434456952,0.00011866512123211543,0.0001917645139089746,0.0003299371391645394,0.0007620251331017148,0.0014321252041998727,0.0025417329308774694,0.0044855195461374325,0.007862097434457389
75,anti,rashba,98,0.5803163726757639,0.24779261063099603,2.294831936014328,0.7837666607995504,0.9620365113449083,0.0015672991273308133,0.07605781392289307,-1,True,False,True,10.579400232573743,9.755078571668236,87.2449214283318,0.0015672991746832556,4.735244227976887e-11,3.021276631501249e-08,True,1.2855002641620147e-10,1.2027406124317652e-08,1.0,0.9999999904097011,9.590298844980673e-09,2.252944682376902,2.2529443459920957,2.25284201251094,0.00010233348115562535,0.00010266986596185745,3.816103568644565e-06,3.816005833805897e-06,False,9.773483866833133e-11,2.5399961903408914e-15,5.596191715973706e-09,2.6553492208752612e-05,-5.0324846491464195,2.6553492208752612e-05,1.436869817607916e-05,7.883947591670782e-06,3.256894760107982e-06,1.6485667439139227e-06,8.367170331795795e-07,3.405701012194376e-07,1.4562646446621617e-11,2.6553491954096686e-05,1.4368698039090379e-05,7.883947517309878e-06,3.256894730939706e-06,1.6485667306512104e-06,8.36717027395657e-07,3.4057009883053213e-07,1.4562459687691708e-11
76,node,rashba,40,0.8577850928515867,0.2643607322837114,2.456386289923084,0.9015872306434011,1.0682323731051895,1.7885774844027292e-06,0.08489333164201414,-1,True,False,True,8.57718039331144,8.586204686043684,30.413795313956278,1.7885776422234106e-06,1.5782068136886967e-13,8.823810136555068e-08,True,4.074152226025829e-13,1.7556744079901595e-12,1.0,1.0000000000002647,2.490884444020611e-13,2.145044798410135,2.145044798409698,2.1450233589901195,2.143941957832851e-05,2.1439420015312294e-05,-0.5205711721162495,0.5205745500233523,True,3.3779071028083862e-06,4.1180426735240193e-16,0.6857467034457908,0.009879535106649927,,0.009879535106649927,0.015936451847574272,0.0268554239209833,0.05881948805180375,0.10093930481895985,0.1522951177378319,0.210058635365668,0.2709943452384858,0.009879535106652543,0.01593645184757773,0.02685542392098828,0.058819488051813994,0.1009393048189784,0.15229511773786286,0.21005863536571556,0.2709943452385533
76,anti,rashba,40,0.9287374379650037,0.2643607322837114,2.456386289923084,0.9015872306434011,1.0682323731051895,0.024605767855577516,0.08317782553026706,-1,True,False,True,7.069187910418246,7.274503265950982,31.725496734048964,0.024605766731591178,1.1239863380307913e-09,4.56797912029399e-08,True,2.745111100016317e-09,3.152111145117735e-08,0.9999999999999996,1.0000000332480266,3.3248026490401295e-08,2.0691520765019,2.069055094744831,2.068172693391534,0.0008824013532970909,0.000979383110365717,4.538288566147174e-05,4.538263567027689e-05,False,2.499911948525041e-10,4.604787488655997e-16,3.444097402072316e-08,0.0014950261785010427,-13.356153213990932,0.0014950261785010427,0.0008722540252212867,0.000488149988851859,0.0002034264056644887,0.00010297089686368407,5.185364484373034e-05,2.0822878834702136e-05,2.059606310962213e-09,0.0014950262282077127,0.0008722540538634563,0.0004881500046309177,0.00020342641195871255,0.00010297089998672294,5.185364649917973e-05,2.082287960671523e-05,2.0596815986872753e-09
77,node,rashba,84,0.5916651191296642,0.2882705893859644,1.9102309474565256,1.2073359914016297,0.9693400483273559,1.2591834777905935e-09,0.17946140891644485,-1,True,False,True,4.186862386059744,3.2195635404411207,79.78043645955889,1.2591828127100584e-09,6.650805350954475e-16,5.281839754301896e-07,True,2.8519305871785875e-16,4.097880583525324e-12,1.0,0.9999999999991447,6.165697895409509e-13,2.95605060568589,2.956050605685891,2.9565786720459526,0.0005280663600615298,0.000528066360062418,0.0007016618819928891,0.0007016658470051032,True,3.965012214065568e-09,4.3234098708339084e-13,0.686212009357039,8.541185764480282e-09,,8.541185764480282e-09,1.37131849328141e-08,2.3820689227373692e-08,5.500841425083584e-08,1.0245720630780733e-07,1.780499853511486e-07,3.0076341925316885e-07,4.923293966418032e-07,8.541185764472976e-09,1.3713184932805417e-08,2.3820689227361155e-08,5.5008414250809736e-08,1.0245720630775908e-07,1.7804998535106163e-07,3.00763419253007e-07,4.923293966414996e-07
77,anti,rashba,84,0.627302753725929,0.2882705893859644,1.9102309474565256,1.2073359914016297,0.9693400483273559,1.5981671032232176e-05,0.17915048827112873,-1,True,False,True,4.190054670181643,3.221286621320329,79.77871337867973,1.5981671253372966e-05,2.2114079027712487e-13,1.383715068537723e-08,True,3.039835486515533e-13,2.1879215675157853e-09,1.0,0.9999999983072161,1.692783892384552e-09,2.919037926441524,2.91903792648469,2.9187727775979764,0.0002651488867138063,0.00026514884354744694,6.095642508463441e-08,6.095989937338932e-08,False,3.4742887549104456e-12,9.390079970446193e-13,1.843276501279048e-08,2.3997677095264716e-09,-0.031192905819434714,2.3997677095264716e-09,1.1202576792496082e-09,5.949841605972689e-10,2.4241274691533197e-10,1.2164351786749966e-10,6.095845203727315e-11,2.443549146492866e-11,3.715685759098068e-15,2.3997677054641835e-09,1.1202576773602975e-09,5.949841595943965e-10,2.4241274650723156e-10,1.2164351766321557e-10,6.095845193507057e-11,2.4435491423668193e-11,3.715685291555403e-15
78,node,rashba,82,0.8981962597522499,0.22749944260061641,2.902968347260358,0.8967824793365132,1.0777699047967857,3.494114170659716e-07,0.05013850825209087,-1,True,False,True,13.816639775777556,13.448898427546624,67.5511015724534,3.494114444142874e-07,2.734831582184194e-14,7.826966860867733e-08,True,1.093277676729702e-13,1.0942377470474538e-12,0.9999999999999996,0.9999999999998394,1.9231358790019733e-13,1.589619295812243,1.5896192958121933,1.5896199279271703,6.321149772503531e-07,6.321149275123616e-07,0.3210105013901118,0.32100850682719523,True,1.9945629165518675e-06,1.3480338786965932e-15,0.6756806911670653,0.0018598722694746785,,0.0018598722694746785,0.003136862165181991,0.0052514691621924,0.01185168696810799,0.02194387179629602,0.03794616978813738,0.06361718145740125,0.1030477420027309,0.0018598722694743797,0.0031368621651814907,0.005251469162191628,0.01185168696810636,0.021943871796293007,0.03794616978813187,0.06361718145739081,0.10304774200271108
78,anti,rashba,82,0.9269902699595708,0.22749944260061641,2.902968347260358,0.8967824793365132,1.0777699047967857,0.005956373997856556,0.04916129266700293,-1,True,False,True,12.470202846748471,12.591605419422642,68.40839458057737,0.005956374288097378,2.9024082182776967e-10,4.872776993724956e-08,True,1.1544379293353282e-09,2.7556538929202467e-08,0.9999999999999996,0.9999999730036736,2.699632638432548e-08,1.5520699822407087,1.5520536955785573,1.5516626249984886,0.0003910705800684866,0.00040735724221985237,-3.1242098265792974e-05,-3.124277312555046e-05,False,6.748597574865456e-10,1.1843093429520075e-15,3.615843072696956e-08,0.00032919782853777673,-18.260316367046254,0.00032919782853777673,0.0002542819812532993,0.000155370244815192,6.702046018469682e-05,3.438621934671007e-05,1.7634317871532885e-05,7.218100357946061e-06,9.760687040497246e-10,0.0003291978196506447,0.00025428197444727236,0.00015537024072865305,6.70204585592594e-05,3.438621863465086e-05,1.763431756575586e-05,7.218100224557748e-06,9.760941005978398e-10
79,node,rashba,42,1.133403257560751,0.17286331812024192,2.5061211037277618,1.2130158253772751,1.143988359174171,1.7890324495422764e-06,0.07430785790891936,-1,True,False,True,9.457396363662838,9.804083815599888,31.195916184400133,1.7890326171455942e-06,1.6760331771604434e-13,9.368377737302954e-08,True,5.397167999909772e-13,1.8124734067202796e-12,0.9999999999999998,0.9999999999997574,2.212861463838564e-13,2.1916277505622928,2.1916277505619988,2.191617044161306,1.0706400692672702e-05,1.0706400986659759e-05,0.5399034072038116,0.539899894049546,True,3.5131542656108294e-06,1.2471722841588803e-15,0.6838243426603989,0.010149351401038975,,0.010149351401038975,0.01632809545361647,0.027578305962837932,0.060696610494874036,0.10493736671138053,0.1600113826772711,0.2233456095511935,0.2914956891102849,0.010149351401036514,0.016328095453613307,0.027578305962833404,0.06069661049486469,0.1049373667113635,0.16001138267724235,0.22334560955114874,0.2914956891102204
79,anti,rashba,42,1.2066116535221258,0.17286331812024192,2.5061211037277618,1.2130158253772751,1.143988359174171,0.026685411552504777,0.07290396491904855,-1,True,False,True,7.617870350083242,8.07069429446775,32.92930570553227,0.02668541186752379,3.150190143463849e-10,1.1804914971109607e-08,True,9.192510698908244e-10,8.545064817954727e-09,1.0,0.9999999909287597,9.071240342521988e-09,2.119178517260072,2.1190986221447785,2.118352818488166,0.000745803656612587,0.0008256987719059694,-4.4841767259279006e-05,-4.484208698807279e-05,False,3.197287937810561e-10,4.75185442244163e-16,3.2043112536522653e-08,0.0014941061557103136,-14.03909780112525,0.0014941061557103136,0.0008529010437706491,0.0004744339381754567,0.00019702280718064644,9.953150830655015e-05,5.004911424182493e-05,2.007782447632973e-05,2.0107840909352482e-09,0.0014941061421569176,0.000852901036109822,0.00047443393396484114,0.00019702280549222583,9.953150747318475e-05,5.0049113815547286e-05,2.0077824299492238e-05,2.010802979858698e-09
80,node,rashba,71,1.0201872316788585,0.11533931081606807,2.163230258074985,0.7815903839951368,1.0134420247391456,8.36463798444105e-07,0.03605212749745434,-1,True,False,True,16.68657899163299,18.58156165372255,51.41843834627764,8.364638197228918e-07,2.1278786782964255e-14,2.5438981128106965e-08,True,1.4112152675815813e-13,3.973068395659741e-13,1.0,0.9999999999999614,3.888942832236024e-14,2.094343681314162,2.094343681314041,2.094342643567425,1.0377466161948234e-06,1.0377467369870885e-06,0.6333262624599061,0.6333244758344363,True,1.7866254697906925e-06,3.9371735473535136e-16,0.6766570228244375,0.008348876805055855,,0.008348876805055855,0.013555203721008427,0.023086829059898336,0.05246815300488607,0.09630596436568913,0.1628373684622515,0.2619908264326797,0.40110215472143385,0.008348876805055533,0.013555203721007962,0.023086829059897628,0.05246815300488456,0.09630596436568632,0.16283736846224647,0.26199082643267063,0.40110215472141825
80,anti,rashba,71,1.0580867193333428,0.11533931081606807,2.163230258074985,0.7815903839951368,1.0134420247391456,0.016520700646497796,0.035621826951054564,-1,True,False,True,13.11599301002811,14.900205481419393,55.09979451858049,0.016520700271708582,3.747892135530506e-10,2.2686036238572107e-08,True,2.0910540873503175e-09,1.741010656466918e-08,0.9999999999999996,1.00000001834852,1.834851995696689e-08,2.0509574621363678,2.050906204267128,2.050619582593711,0.0002866216734171978,0.0003378795426569603,-6.905868059627328e-05,-6.905939622242618e-05,False,7.156261529000195e-10,5.071201998342595e-16,5.607734644129671e-08,0.0011978177648029674,-33.79438352830132,0.0011978177648029674,0.000702804495709963,0.00039338757545799043,0.0001633879854019521,8.244794450415388e-05,4.148879466710761e-05,1.667326031856637e-05,4.769101365698181e-09,0.0011978177867811505,0.0007028045085555742,0.0003933875826113784,0.000163387988312974,8.24479459293428e-05,4.148879537299428e-05,1.667326060535091e-05,4.769052766920442e-09
81,node,rashba,73,1.1723281030043766,0.2118080256034593,2.7136773741308065,0.8931439449689931,1.2904985514762035,4.6729758889017254e-07,0.06215228959209805,-1,True,False,True,14.996686799232986,15.476516841170763,56.5234831588292,4.672976277964139e-07,3.890624137632641e-14,8.325795446265488e-08,True,1.4838127206369977e-13,6.466563655415608e-13,1.0,0.9999999999999409,5.4149102997741806e-14,2.2074973662067707,2.207497366206751,2.2074964031531827,9.630535684479469e-07,9.630535879878721e-07,0.4923909433154743,0.49239010857555326,True,8.34739921018457e-07,5.231650114653133e-16,0.6770784198433815,0.0049052176283773345,,0.0049052176283773345,0.007927424662832272,0.013553037654156259,0.030900176193142465,0.05687083570145191,0.09662241264812695,0.15671081439500642,0.24244884105910255,0.004905217628377045,0.007927424662831892,0.013553037654155694,0.030900176193141282,0.05687083570144971,0.09662241264812296,0.15671081439499912,0.24244884105908943
81,anti,rashba,73,1.2209015733450876,0.2118080256034593,2.7136773741308065,0.8931439449689931,1.2904985514762035,0.01581951795462766,0.061498810213088395,-1,True,False,True,12.559699295443664,13.45036718192388,58.549632818076134,0.015819517780932612,1.7369504792807966e-10,1.097979397515516e-08,True,6.469560615972762e-10,7.353222329593093e-09,0.9999999999999999,1.0000000076969389,7.696938810421968e-09,2.1652447362645875,2.1652216947842584,2.1649672895038896,0.00025440528036879684,0.00027744676069785257,-1.1029517604500784e-05,-1.1029763127140544e-05,False,2.4552263976078306e-10,4.848860011496474e-16,2.1893046157892294e-09,0.0007611740670746782,-17.972769931939165,0.0007611740670746782,0.0004257450749434496,0.0002354405641625015,9.742173733293783e-05,4.918206773918512e-05,2.4787317685896766e-05,9.97916778611861e-06,1.2165025858796755e-10,0.0007611740729333884,0.0004257450782080636,0.00023544056595800456,9.742173805883464e-05,4.918206809240188e-05,2.4787317860057467e-05,9.979167859815888e-06,1.216482569295703e-10
82,node,rashba,67,0.9773550851871852,0.2647141085721254,2.1093827395153344,0.7395193801221579,1.1665887512071358,4.607077169131004e-07,0.08861859283380434,-1,True,False,True,11.2417054187653,10.695155618689132,55.30484438131095,4.607077169301936e-07,1.7093230754710188e-17,3.710211513113063e-11,True,7.103696301402233e-16,4.12718643424359e-14,0.9999999999999996,0.9999999999999778,2.2067456304065352e-14,2.5869045805625515,2.5869045805625444,2.5869294868070156,2.490624447126777e-05,2.490624446416234e-05,-0.31019136161156124,0.3101917472783771,True,3.856668158719323e-07,5.777343538526005e-16,0.6804407274798223,0.0021105434400244087,,0.0021105434400244087,0.0033741885278136406,0.0058081136790802115,0.01324456371285244,0.02421508217345394,0.040547977758107076,0.06417786638631723,0.09621868081843439,0.002110543440024362,0.003374188527813568,0.005808113679080094,0.013244563712852198,0.024215082173453514,0.040547977758106354,0.06417786638631597,0.09621868081843227
82,anti,rashba,67,1.029081090059938,0.2647141085721254,2.1093827395153344,0.7395193801221579,1.1665887512071358,0.010344572597438078,0.08813017960467065,-1,True,False,True,10.177715254394803,10.022526757268592,55.977473242731485,0.010344572627596103,3.015802538253176e-11,2.915347647132435e-09,True,9.453168355737246e-11,1.61015450206419e-09,1.0,0.9999999983764211,1.623578903621468e-09,2.540833016748217,2.5408290877278326,2.5406593009416145,0.00016978678621804022,0.00017371580660263675,2.474251953470813e-06,2.4741439799691456e-06,False,1.0797350166735775e-10,1.0344918347516554e-15,2.459791502296536e-10,0.00037146230055814134,-9.806540703381598,0.00037146230055814134,0.00018450015056542654,9.927081533338648e-05,4.0666342400044597e-05,2.0465725187451245e-05,1.0284183146636334e-05,4.129557538894903e-06,6.121922729254117e-12,0.000371462299955043,0.00018450015026690145,9.9270815173365e-05,4.066634233546682e-05,2.0465725155672382e-05,1.0284183130871797e-05,4.1295575323806294e-06,6.121884565073351e-12
83,node,rashba,86,1.3248309848266295,0.15231192194966586,2.4527577248072685,0.783251543917691,1.1086463574127037,5.280113234319087e-07,0.037242517271759645,-1,True,False,True,18.101393092373684,19.10675995035643,65.89324004964355,5.280113534915872e-07,3.0059678450398324e-14,5.692998827187985e-08,True,2.1491235309073588e-13,8.07163215025616e-13,1.0,1.0000000000000582,7.224472170519326e-14,1.7332498334305368,1.7332498334304534,1.7332485881903552,1.2452400981466383e-06,1.2452401816354097e-06,-0.5215412779803721,0.5215430829568175,True,1.80497644541866e-06,2.9041396975183643e-16,0.6750480267087068,0.00468537386136152,,0.00468537386136152,0.0078009852646558344,0.013151913816004338,0.029885751379993067,0.055577502771016626,0.09682110032336143,0.1645797214383751,0.2720053046373999,0.004685373861361792,0.007800985264656268,0.013151913816004984,0.029885751379994437,0.05557750277101923,0.09682110032336635,0.1645797214383849,0.27200530463741956
83,anti,rashba,86,1.354994472054463,0.15231192194966586,2.4527577248072685,0.783251543917691,1.1086463574127037,0.010462048989161931,0.03646231953175723,-1,True,False,True,14.979767411756116,16.40851858604365,68.59148141395653,0.010462048949737984,3.942394674605332e-11,3.7682816040045516e-09,True,2.6097644383234037e-10,2.598511961485754e-09,0.9999999999999997,1.0000000027126783,2.7126782799733155e-09,1.6973833440238417,1.6973481612750563,1.6970424146420362,0.0003057466330202985,0.0003409293818057435,-4.388145134334384e-05,-4.38823208239597e-05,False,8.694806158629389e-10,1.147342207549119e-15,3.1246133802635914e-08,0.0007165841976590737,-31.2048127691731,0.0007165841976590737,0.0005050752689832233,0.00029853371499603874,0.00012667006372147537,6.43682734974136e-05,3.264325246832232e-05,1.3227050208070529e-05,1.9255817719979585e-09,0.0007165841996029361,0.0005050752703470503,0.00029853371579566864,0.0001266700640486683,6.43682736528316e-05,3.2643252542186645e-05,1.3227050239428558e-05,1.925577460119819e-09
84,node,rashba,66,0.49456650292877696,0.15778542412086524,2.39614827937333,1.273162764614813,0.8365272414855751,7.663833794544164e-08,0.0718427183334689,-1,True,False,True,8.38062113927171,7.518470528005218,57.48152947199483,7.663833932995468e-08,1.3845130452533067e-15,1.80655411164962e-08,True,3.256238735567352e-15,9.898233270577096e-14,0.9999999999999999,0.9999999999999974,1.6225596613706477e-15,2.062961475445917,2.0629614754459142,2.0629582734630025,3.201982911704704e-06,3.201982914369239e-06,-0.1307900729085778,0.1307905428465595,True,4.6993798169525647e-07,1.4472300397882359e-15,0.6780898041721416,0.00038222440552817074,,0.00038222440552817074,0.0006216916445758265,0.0010567967815527097,0.0023918761239609533,0.004361474754250775,0.007280715794876682,0.011472178462529584,0.017106043171431093,0.00038222440552816977,0.0006216916445758247,0.0010567967815527078,0.0023918761239609563,0.0043614747542507866,0.007280715794876699,0.011472178462529594,0.017106043171431065
84,anti,rashba,66,0.5279116489640173,0.15778542412086524,2.39614827937333,1.273162764614813,0.8365272414855751,0.002779940350894043,0.07086590212936451,-1,True,False,True,8.101793018151598,7.395308342999619,57.604691657000366,0.002779940225304022,1.2559002102174865e-10,4.5177235900532276e-08,True,3.1427830260301497e-10,2.0047902467166203e-08,1.0,1.0000000173368908,1.7336890819554275e-08,2.0163437930478105,2.0163415164205825,2.016018857352915,0.0003226590676672636,0.00032493569489533414,-6.888553920087078e-06,-6.888726492449564e-06,False,1.7257236248652573e-10,1.4935551701194101e-15,8.983558647412121e-09,8.00320205354062e-05,-6.21230757150322,8.00320205354062e-05,4.774875973800698e-05,2.6882845590967138e-05,1.1255972415600187e-05,5.745633814802808e-06,2.931430101020469e-06,1.1915564771203193e-06,4.745217510995034e-11,8.00320219229126e-05,4.774876055501063e-05,2.6882846039743838e-05,1.1255972584358874e-05,5.745633886714362e-06,2.931430132634621e-06,1.1915564915162526e-06,4.7450694569982755e-11
85,node,rashba,95,1.8202577879635855,0.2570107049699707,2.9562844366396233,0.8042731832237763,1.3171925567131844,5.364650125251499e-07,0.044310535003305486,-1,True,False,True,16.86689201591966,16.82321814230638,77.17678185769384,5.364649999882427e-07,1.2536907229619232e-14,2.3369477853938313e-08,True,7.873503053026309e-14,4.689111415309057e-13,1.0,1.0000000000000575,7.479222072949082e-14,1.3743892804101776,1.374389280410048,1.374390559082545,1.278672496773936e-06,1.2786723670998867e-06,0.3685423898121193,0.3685389432157399,True,3.446596379408362e-06,4.522969029446311e-16,0.6745156271528617,0.0021196261766581437,,0.0021196261766581437,0.0036637068523544115,0.006078797390508483,0.013660545769746334,0.025490090298474682,0.04498482865801234,0.07864426447878589,0.13582349308842806,0.0021196261766582656,0.003663706852354629,0.006078797390508815,0.01366054576974701,0.02549009029847589,0.04498482865801458,0.07864426447879048,0.13582349308843822
85,anti,rashba,95,1.8472831658809807,0.2570107049699707,2.9562844366396233,0.8042731832237763,1.3171925567131844,0.006448846474133367,0.04341385645809729,-1,True,False,True,14.945190206116841,15.510838904240856,78.48916109575909,0.006448846664984616,1.90851248867141e-10,2.959463365001082e-08,True,1.2440888597471932e-09,1.755610804441204e-08,1.0,0.9999999824976448,1.75023551769389e-08,1.3419495911588015,1.3419296262266238,1.3415657771229887,0.00036384910363507217,0.0003838140358127795,2.121607982427556e-05,2.1215108055722128e-05,False,9.717685534332712e-10,5.784483111952536e-16,1.3081175217446721e-08,0.0003622095638058514,-22.653128478287123,0.0003622095638058514,0.00032394276294568647,0.00021037400818401254,9.298065655799048e-05,4.786355913250795e-05,2.4615888846803055e-05,1.0138533478698015e-05,4.501220431100405e-10,0.00036220955746633096,0.000323942757314928,0.00021037400458006887,9.298065507044832e-05,4.786355846843095e-05,2.4615888560946807e-05,1.0138533343886655e-05,4.501088515585144e-10
86,node,rashba,97,0.6122436459451907,0.13122689953228922,2.540978133587351,0.9981340595917387,0.8703910228574201,5.957795701107797e-08,0.03700508249448425,-1,True,False,True,14.977681978677204,14.445533555669376,81.5544664443305,5.957796356681482e-08,6.555736849533406e-15,1.1003628151120435e-07,True,3.2908959040177266e-14,5.013198192908404e-13,1.0,1.0000000000000768,9.033488764006986e-14,1.6028068987919255,1.602806898791922,1.6028066861221364,2.1266978578182716e-07,2.1266978933454084e-07,-0.2503585621112885,0.2503602271431816,True,1.6650318931388242e-06,6.793867220036935e-16,0.6739818332058785,0.0009587491068861524,,0.0009587491068861524,0.001615581762549466,0.002711686771040276,0.006161971377903902,0.011538071317977067,0.020431846052758555,0.03593987629074822,0.06267940962243189,0.0009587491068862262,0.0016155817625495914,0.0027116867710404785,0.006161971377904361,0.011538071317977945,0.020431846052760157,0.03593987629075122,0.06267940962243755
86,anti,rashba,97,0.63205890888882,0.13122689953228922,2.540978133587351,0.9981340595917387,0.8703910228574201,0.003180463665907413,0.036432796825971205,-1,True,False,True,13.872827264733527,13.812674182956654,82.1873258170436,0.0031804638535860717,1.8767865863841826e-10,5.9009842071210066e-08,True,9.106721573137763e-10,3.100572351659229e-08,0.9999999999999997,0.9999999706244119,2.9375588060998408e-08,1.5709618272489791,1.570954658954009,1.5706867806879545,0.00026787826605456644,0.00027504656102461666,2.1044945576073615e-05,2.104390223276603e-05,False,1.0433433075863216e-09,8.937132614872926e-16,2.5450698722472064e-08,0.0001794007150558898,-20.328779490793757,0.0001794007150558898,0.0001368162135213803,8.317383976908913e-05,3.577587789407669e-05,1.8339402307408648e-05,9.429012810247006e-06,3.889766467343628e-06,4.428897342999642e-10,0.0001794007097858883,0.00013681620953079386,8.317383737942429e-05,3.57758769394182e-05,1.833940188984855e-05,9.429012637795764e-06,3.889766387655807e-06,4.428766475822068e-10
87,node,rashba,71,0.6484769194904099,0.29939665862964426,2.074666025439648,0.7731626656042271,0.9127342520594269,9.108432732433878e-08,0.10034866231085539,-1,True,False,True,7.699467010270187,6.766700065670732,63.233299934329295,9.108433128500212e-08,3.960663341218342e-15,4.348347797656741e-08,True,1.106837065580544e-14,4.628443514990599e-13,0.9999999999999999,1.0000000000000229,1.2561256836682449e-14,2.2684546884347787,2.268454688434776,2.26845370818553,9.802492462185342e-07,9.802492488830694e-07,-0.08351111249174817,0.08351126954490391,True,1.5705315574432444e-07,1.1284153008570804e-15,0.6807560993145795,0.0001442908023831378,,0.0001442908023831378,0.00023330314092723738,0.00039971861524115536,0.0009112863245753929,0.0016736784389984626,0.002830521181989262,0.004554708511898559,0.006974105909609417,0.00014429080238314112,0.00023330314092723947,0.0003997186152411562,0.0009112863245753937,0.001673678438998466,0.002830521181989274,0.004554708511898595,0.0069741059096095044
87,anti,rashba,71,0.6846226954089917,0.29939665862964426,2.074666025439648,0.7731626656042271,0.9127342520594269,0.0019227275659879056,0.09928198173149101,-1,True,False,True,7.5891038512747295,6.728317562024613,63.271682437975436,0.001922727472413742,9.357416360863957e-11,4.86674062742533e-08,True,2.150026121143462e-10,1.903501897250933e-08,0.9999999999999999,1.0000000151744632,1.51744633307079e-08,2.224989069203838,2.224988512695594,2.2247934023267923,0.00019511036880182075,0.00019566687704575259,-5.99083657906648e-06,-5.990933118517338e-06,False,9.653945085747899e-11,5.653824873624225e-15,1.5651395292084217e-08,3.2297100644351386e-05,-3.645347971830424,3.2297100644351386e-05,1.766860270662125e-05,9.725889415927246e-06,4.031442044463782e-06,2.047558685811229e-06,1.0403734270974667e-06,4.21869604864828e-07,3.5890122917080745e-11,3.2297101134442556e-05,1.766860297169384e-05,9.725889558962435e-06,4.031442098802139e-06,2.0475587095080217e-06,1.0403734374522107e-06,4.2186960923786693e-07,3.588950848665309e-11
88,node,rashba,43,0.9439917418282694,0.23612225727475736,2.596367770091757,1.1958957975106075,1.0583107916997991,8.174788865766733e-07,0.09126115941712871,-1,True,False,True,7.938833232280167,7.474680312571561,34.52531968742842,8.174788817675826e-07,4.809090756166729e-15,5.882831758879528e-09,True,1.3102279498491241e-14,9.631309417787279e-14,0.9999999999999999,1.000000000000022,2.3490489724126664e-14,1.9988651284402357,1.9988651284401104,1.9988501405479573,1.4987892153150995e-05,1.4987892278384152e-05,0.36377939396122483,0.36377694096034463,True,2.453000880198175e-06,3.1553831856046355e-16,0.6841671915293969,0.004498269697722315,,0.004498269697722315,0.007318650834242081,0.012302248461393623,0.027036124139674395,0.04686974431989526,0.0718152095713122,0.10081812487414303,0.13233544747079604,0.004498269697722414,0.00731865083424223,0.012302248461393847,0.027036124139674853,0.04686974431989607,0.07181520957131353,0.10081812487414517,0.13233544747079914
88,anti,rashba,43,1.0065734886904791,0.23612225727475736,2.596367770091757,1.1958957975106075,1.0583107916997991,0.014786174604097056,0.08911743159230773,-1,True,False,True,6.956211591333515,6.783247204843752,35.216752795156246,0.01478617469208287,8.798581307978282e-11,5.95054606317195e-09,True,2.1142650027618166e-10,3.5825559681251647e-09,1.0,0.9999999963538955,3.6461044798078374e-09,1.9281931414789009,1.9281456768666683,1.9272240106756373,0.0009216661910311785,0.0009691308032637735,2.2559473143660873e-05,2.2559186723530852e-05,False,2.864201300213523e-10,6.833842633868686e-16,1.5747484038242112e-08,0.0007515852931610744,-9.774708299840375,0.0007515852931610744,0.00046848007650207915,0.000267171897288386,0.00011246907193843355,5.728178475720726e-05,2.8990541432500585e-05,1.167760596422176e-05,5.089298285195661e-10,0.0007515852904207159,0.0004684800748214489,0.0002671718963538633,0.00011246907157617791,5.7281784584698035e-05,2.8990541341891068e-05,1.1677605920525324e-05,5.089265672921186e-10
89,node,rashba,66,0.7081352715772335,0.19125536858669667,2.4020073812140477,0.9252631414166488,0.899980920572027,1.4481794449616088e-07,0.0571816087385942,-1,True,False,True,10.779096921059717,10.221129591193318,54.77887040880673,1.448179368584417e-07,7.637719167039839e-15,5.274014345123034e-08,True,2.619478631140007e-14,2.9591028115860317e-13,1.0,0.9999999999999503,5.669420742464243e-14,1.7816443453448105,1.7816443453448016,1.7816423780858164,1.9672589850472377e-06,1.967258993929022e-06,-0.28721408087519895,0.28721547677049114,True,1.3958952921888645e-06,4.054721131738482e-16,0.6779584586202168,0.001843590392465289,,0.001843590392465289,0.00305434013579628,0.005140018605558147,0.01155746589383475,0.021047025120878422,0.03512007281529399,0.055328998189384554,0.08249192825298533,0.0018435903924651973,0.003054340135796134,0.0051400186055579195,0.011557465893834266,0.021047025120877534,0.035120072815292405,0.05532899818938178,0.08249192825298066
89,anti,rashba,66,0.7405623141582898,0.19125536858669667,2.4020073812140477,0.9252631414166488,0.899980920572027,0.005987820594118891,0.056173981390512134,-1,True,False,True,9.83117366751059,9.64431221241705,55.35568778758302,0.005987820682186799,8.806790800092168e-11,1.4707840125908263e-08,True,3.077688573979216e-10,8.06146422645521e-09,0.9999999999999998,0.9999999921838244,7.816175606749144e-09,1.735136945429331,1.735120460938342,1.7346323398849324,0.0004881210534097846,0.0005046055443989061,1.4073013240827568e-05,1.4072440435164422e-05,False,5.728056631462984e-10,8.287726344573077e-16,9.006328424778437e-09,0.0003331827259873091,-14.411504873543345,0.0003331827259873091,0.00022999058941617853,0.00013518298952716132,5.752279838085742e-05,2.9464838670052714e-05,1.5062349421973322e-05,6.131595180276743e-06,1.98049701676497e-10,0.00033318272338309443,0.00022999058763886775,0.0001351829885049279,5.752279798453805e-05,2.9464838495057324e-05,1.5062349339997345e-05,6.1315951392823e-06,1.9804658988025885e-10
90,node,rashba,51,0.8526666202328212,0.2220282858799618,2.1032140475951566,0.9303701028714264,1.377316671412819,9.31434995893991e-07,0.09767303575058357,-1,True,False,True,10.681561607232602,10.78479164961516,39.215208350384906,9.314349492861069e-07,4.660788405525272e-14,5.003879418393389e-08,False,1.3065751521805695e-13,1.1831877042091368e-14,1.0,0.9999999999999865,1.0775342813130665e-14,3.14128222318344,3.141282223183481,3.1415925760461585,0.00031035286267755424,0.00031035286271841045,0.481482853812082,0.48148266111837024,True,1.9269371176466876e-07,5.621679186529934e-16,0.5140899603315854,0.008842037516253043,,0.008842037516253043,0.011548704172638754,0.018643328061395074,0.040931504641672875,0.07245099522282941,0.11502102944742745,0.1687487064158276,0.23182573851502675,0.008842037516252923,0.011548704172638629,0.01864332806139489,0.040931504641672514,0.07245099522282876,0.11502102944742636,0.16874870641582587,0.23182573851502425
90,anti,rashba,51,0.9358316550226905,0.2220282858799618,2.1032140475951566,0.9303701028714264,1.377316671412819,0.02657158451604677,0.09767784991823736,-1,True,False,True,8.897752421185922,9.270285397739762,40.729714602260195,0.026571584562496708,4.644993764624239e-11,1.7481056734945912e-09,False,1.2200183092897698e-10,4.938782317628305e-10,1.0,0.9999999992754358,7.245642324708691e-10,3.0808563422611943,3.080885862259896,3.1415925760461585,0.06070671378626269,0.06073623378496418,-1.6422634953014415e-05,-1.6422708505603456e-05,False,7.355258904110512e-11,6.340115305544119e-16,3.70066325660333e-09,0.0014290121934791677,-10.361555697727814,0.0014290121934791677,0.0006609499634056631,0.0003503597200876246,0.00014258637315230264,7.147309872974801e-05,3.575962100381945e-05,1.4306599237965235e-05,2.697029387997626e-10,0.0014290121924437566,0.000660949962927171,0.00035035971983400865,0.00014258637304907047,7.147309867798736e-05,3.575962097791338e-05,1.430659922758781e-05,2.6970290371865843e-10
91,anti,rashba,65,1.3946463220692131,0.10088434905895785,2.54188397655734,0.8328486203039456,1.1874822548649815,0.027655305082211073,0.026595301771768783,-1,False,True,False,12.79516804983314,15.610555739387358,48.38944426061265,,,,,,,,,,,,1.856266420097602,,,-0.00011407138399743702,-0.00011407253865461374,False,1.1546571767158875e-09,1.4450552011054234e-15,9.695755964045837e-08,0.0020647068034149495,-50.65649817602436,,,,,,,,,,,,,,,,
92,node,rashba,77,0.6253976444257225,0.19880673930160803,2.5051758103147037,1.2865661667627237,1.0009869319818543,1.1242592030563052e-07,0.09369228245664986,-1,True,False,True,8.421218888176922,7.491597689654138,68.50840231034587,1.1242592403756888e-07,3.7319383594918836e-15,3.319464363152721e-08,True,7.460822488277278e-15,3.480724546980374e-13,1.0,1.000000000000031,2.2351926030379773e-14,2.3358611880724247,2.335861188072423,2.3358611364261024,5.1646320553544456e-08,5.1646322329901295e-08,-0.07977458954157937,0.0797747837138642,True,1.9417228483420423e-07,4.357422601449458e-15,0.6773518878635318,0.00012201805161852798,,0.00012201805161852798,0.00019639516650476568,0.0003371389529173881,0.0007718707374554008,0.0014271710401885772,0.00244625950346342,0.004029157682890559,0.006363985136527464,0.00012201805161853177,0.00019639516650476964,0.0003371389529173927,0.0007718707374554076,0.0014271710401885882,0.0024462595034634434,0.00402915768289062,0.006363985136527606
92,anti,rashba,77,0.6623171870452157,0.19880673930160803,2.5051758103147037,1.2865661667627237,1.0009869319818543,0.0018756106485071323,0.09288558296424075,-1,True,False,True,8.292885767761415,7.444571336639525,68.55542866336046,0.0018756106008548008,4.765233151647619e-11,2.540630250441606e-08,True,1.0251834995785996e-10,1.0018625157204393e-08,1.0,1.000000008033695,8.03369501516181e-09,2.2957239656371007,2.2957236525515388,2.2955714415942143,0.0001522109573244279,0.00015252404288634835,4.472725415754532e-06,4.4726825867112685e-06,False,4.2829043263303834e-11,4.676000041661996e-15,9.480551742212246e-09,2.7404389819331756e-05,-3.4055399426278794,2.7404389819331756e-05,1.4615822270363969e-05,7.994667666339657e-06,3.30256834556698e-06,1.6735651108110961e-06,8.489997976744596e-07,3.4428454659005033e-07,2.0005272644738776e-11,2.7404390039490266e-05,1.461582238678936e-05,7.994667729102582e-06,3.3025683698664604e-06,1.6735651217805762e-06,8.489998026427435e-07,3.4428454880538597e-07,2.0005466905549675e-11
93,node,rashba,77,1.050504072663243,0.15380305135713987,2.116544815107426,1.2172163450923987,0.9769286441110144,1.519471519115351e-07,0.07979680576568408,-1,True,False,True,9.019441113170435,8.099395369742767,67.90060463025723,1.5194716923752104e-07,1.7325985932434572e-14,1.1402639479890945e-07,True,5.757750598508585e-14,1.5161469779024389e-12,1.0,0.9999999999998411,1.3559792443824772e-13,2.255378670451928,2.2553786704519263,2.2553784568976427,2.1355428359015605e-07,2.1355428536651289e-07,0.0971006977896356,0.09710029801254044,True,3.997770951641444e-07,3.3230373901402655e-15,0.6773028825805195,0.00018078860455533914,,0.00018078860455533914,0.0002918856985558555,0.0005001371886740331,0.0011438883305825399,0.0021146198944728242,0.00362438080664204,0.005969467064076147,0.009428545511234142,0.0001807886045553104,0.0002918856985558199,0.0005001371886739821,0.0011438883305824334,0.002114619894472626,0.0036243808066416744,0.005969467064075458,0.009428545511232863
93,anti,rashba,77,1.085847270289743,0.15380305135713987,2.116544815107426,1.2172163450923987,0.9769286441110144,0.0021861491622221377,0.07907296151009188,-1,True,False,True,8.818309309589996,8.018218518064595,67.98178148193533,0.002186149181467021,1.924488346460862e-11,8.803097152367647e-09,True,6.547802266155335e-11,3.649549602081293e-09,1.0,0.9999999969533717,3.046628251761295e-09,2.215261180100657,2.215260798832678,2.215080614354942,0.00018018447773604507,0.00018056574571501116,-8.291217009371443e-06,-8.291298290302729e-06,False,8.128093128569568e-11,5.178967157421627e-15,2.2711970146721865e-08,3.930891264986233e-05,-4.335865443524413,3.930891264986233e-05,2.157616176151571e-05,1.1883586530668174e-05,4.922836165168572e-06,2.497696282194584e-06,1.268430347768127e-06,5.145413320704978e-07,6.874427949648979e-11,3.930891253010269e-05,2.1576161696309677e-05,1.1883586495277933e-05,4.922836151458527e-06,2.4976962760436695e-06,1.2684303450398172e-06,5.145413309568544e-07,6.874444546402333e-11
94,node,rashba,69,0.9347710796922128,0.12276151464376595,2.312454894030917,1.2380205992747109,0.9559884085361752,2.708535422399771e-07,0.056369542617858724,-1,True,False,True,11.609286375028132,11.113506129526396,56.88649387047357,2.7085354852786503e-07,6.287887938751419e-15,2.3215084753000313e-08,True,2.3972511167811638e-14,2.1096529648237478e-13,1.0,0.999999999999992,8.181692600242929e-15,2.0643956042120672,2.064395604212053,2.064393674477347,1.9297347062519066e-06,1.9297347204627613e-06,0.28234979140490696,0.28234883030550184,True,9.610994051167943e-07,5.381678689567188e-16,0.6771986790944855,0.0017061206889079947,,0.0017061206889079947,0.0027745915532216966,0.004719549376015521,0.010705574437463226,0.01959962957422677,0.03297599095903623,0.05262251151819548,0.07972140470639447,0.001706120688907981,0.0027745915532216823,0.004719549376015508,0.010705574437463209,0.019599629574226746,0.032975990959036146,0.05262251151819522,0.07972140470639381
94,anti,rashba,69,0.9712195486097209,0.12276151464376595,2.312454894030917,1.2380205992747109,0.9559884085361752,0.006631991773276653,0.055619154630835194,-1,True,False,True,10.493623869911353,10.405695159575323,57.59430484042463,0.006631991515036896,2.582397568354211e-10,3.8938491732753335e-08,True,1.0375281744543791e-09,2.1750433837227603e-08,0.9999999999999993,1.00000002154115,2.1541149870213475e-08,2.0197744579160535,2.019765378446013,2.019431761293183,0.0003336171528296461,0.0003426966228703421,9.85724663496283e-06,9.85693024598e-06,False,3.163889828296587e-10,6.328331675954148e-16,4.654311084140993e-09,0.0003025566814960354,-12.676036870219212,0.0003025566814960354,0.00018011946891233552,0.00010127810741927668,4.2267067893594874e-05,2.1469425790363038e-05,1.089442865923131e-05,4.411257257262056e-06,9.716531122247219e-11,0.0003025566880134542,0.00018011947276545183,0.00010127810955950318,4.226706874069993e-05,2.1469426185660446e-05,1.0894428849256961e-05,4.411257343471255e-06,9.716927751593928e-11
95,node,rashba,78,0.784524787152442,0.17915572708678718,2.0023585843864855,1.293925982277294,1.3522412285156706,1.236634345710052e-07,0.11420447038608031,-1,True,False,True,8.91026102833975,7.938152870797655,69.06184712920242,1.2366344449419855e-07,9.923193338549183e-15,8.024355277672215e-08,True,2.1417991857253136e-14,6.466521195050474e-13,1.0,0.9999999999998014,1.0717732354413303e-13,2.8634520879590712,2.863452087959068,2.8636389513534697,0.00018686339440154853,0.0001868633943984399,-0.0829876480334042,0.08298752166261823,True,1.2637078596056117e-07,2.284909258354608e-15,0.6803393556113544,0.00012977968499052695,,0.00012977968499052695,0.00020704850420417886,0.00035843383446260667,0.0008244649843016362,0.0015270672338360775,0.002623477968895044,0.004337615441717244,0.006886949726116173,0.00012977968499050118,0.00020704850420415308,0.00035843383446257273,0.0008244649843015767,0.0015270672338359805,0.00262347796889487,0.0043376154417168866,0.006886949726115435
95,anti,rashba,78,0.8377505673574104,0.17915572708678718,2.0023585843864855,1.293925982277294,1.3522412285156706,0.002817425224952625,0.11448337354268807,-1,True,False,True,8.741002556371539,7.869532336696662,69.13046766330336,0.0028174250759271584,1.4902546644629533e-10,5.289420465410975e-08,True,3.475720198826446e-10,1.993470729184997e-08,0.9999999999999997,1.0000000189559006,1.8955900704942008e-08,2.9032696534995384,2.9032680844428977,2.903143601850061,0.0001244825928368165,0.0001260516494774322,5.596342525047271e-06,5.5963460536719015e-06,False,3.5286246301396962e-12,8.23403255643892e-15,1.410680524463777e-08,2.8463303398537944e-05,-2.4591319065755175,2.8463303398537944e-05,1.3306578394282763e-05,7.068972251880632e-06,2.879815335935127e-06,1.4446380205913636e-06,7.23479140789973e-07,2.897041914170221e-07,3.131904965764857e-11,2.8463303938085497e-05,1.3306578645706269e-05,7.068972385123724e-06,2.8798153897476435e-06,1.4446380471840524e-06,7.234791538707131e-07,2.897041965711067e-07,3.1318803295517837e-11
96,node,rashba,95,0.8310063890189798,0.2732654589954384,1.9219282759293954,0.9481713065566095,0.9574785081734452,8.018378401719008e-09,0.1265953371588899,-1,True,False,True,6.284946765091335,5.314738806114099,88.6852611938859,8.018377796297123e-09,6.054218845564171e-16,7.550427957186763e-08,True,1.7312970218875598e-15,1.0468440930676113e-12,0.9999999999999997,1.0000000000003546,3.9221719825713865e-13,2.4867463815193283,2.4867463815193283,2.486748874219039,2.4926997106433646e-06,2.4926997106433646e-06,-0.006677683498686504,0.006677684409662716,True,9.109762119999254e-10,6.323618073771165e-14,0.6800868426700948,6.901820877611689e-07,,6.901820877611689e-07,1.1119030733925396e-06,1.9222934488494815e-06,4.4463289409841105e-06,8.34446767717062e-06,1.4751826229742333e-05,2.5807870958187047e-05,4.459145690863002e-05,6.901820877614137e-07,1.1119030733929567e-06,1.9222934488501794e-06,4.446328940985578e-06,8.344467677173218e-06,1.475182622974692e-05,2.5807870958195764e-05,4.459145690864751e-05
96,anti,rashba,95,0.8607486110885132,0.2732654589954384,1.9219282759293954,0.9481713065566095,0.9574785081734452,0.00012651835527350717,0.12586428322330123,-1,True,False,True,6.285066051751383,5.316862807505324,88.6831371924947,0.00012651835073177888,4.541728294447586e-12,3.589778166677306e-08,True,9.660381870543928e-12,9.886045656552427e-09,1.0,1.0000000059733543,5.9733542609009314e-09,2.45407374192222,2.4540737413590072,2.4540275300441294,4.621131487780872e-05,4.6211878090396397e-05,-5.324349864868947e-07,-5.324354801180316e-07,False,4.936311369429028e-13,6.676691197518384e-14,1.6439163458672138e-08,1.8152224399212904e-07,-0.3535646122460642,1.8152224399212904e-07,9.219910230873674e-08,4.9865768413219203e-08,2.049456221524301e-08,1.035368891578642e-08,5.239744666052741e-09,2.1242283815427477e-09,2.8348701483526524e-13,1.815222450764257e-07,9.219910285375021e-08,4.986576870312885e-08,2.049456232580584e-08,1.035368896390749e-08,5.239744685456409e-09,2.124228388557829e-09,2.8348545364404174e-13
97,node,rashba,54,1.1049057657743104,0.18160613225978756,2.3685515451437156,1.1119357661805658,1.2780527331734346,2.9058996624588355e-07,0.08224101260906383,-1,True,False,True,11.255924144473695,11.410939967852999,41.589060032147074,2.905899374112523e-07,2.883463126886646e-14,9.922789709975035e-08,True,9.351106915489853e-14,3.606027046580796e-13,0.9999999999999999,0.9999999999999604,1.4928005929688302e-14,2.6273525009295824,2.6273525009295824,2.6274404809728,8.798004321741715e-05,8.798004321741715e-05,-0.4703787573794862,0.47037920399046945,True,4.4661098325127213e-07,4.070231573599347e-16,0.680823643296534,0.006018205480539329,,0.006018205480539329,0.009573537655569876,0.016410095676354954,0.03696757850118687,0.06610899375842878,0.10626982994049905,0.15837108393158647,0.2212561753938696,0.006018205480539091,0.00957353765556969,0.016410095676354743,0.036967578501186454,0.06610899375842802,0.10626982994049775,0.15837108393158433,0.2212561753938663
97,anti,rashba,54,1.1751131529583414,0.18160613225978756,2.3685515451437156,1.1119357661805658,1.2780527331734346,0.02188610224580572,0.08174863728028202,-1,True,False,True,9.386842321413315,9.834014629813558,43.16598537018644,0.021886102422568898,1.767631770122069e-10,8.076503299991757e-09,True,5.374186038662118e-10,5.410362917972393e-09,1.0,0.9999999942000712,5.799928798583515e-09,2.570411425143469,2.570408005718125,2.570171847863911,0.0002361578542142695,0.0002395772795580342,-2.032707860203124e-05,-2.032720346212269e-05,False,1.248600914501019e-10,5.04382104131352e-16,8.269326273469854e-09,0.000925307421554284,-11.96480749974388,0.000925307421554284,0.00045653429777695764,0.00024528055489252636,0.00010039070409246136,5.046126542425123e-05,2.530653144245213e-05,1.014044040530356e-05,4.1319012449317055e-10,0.0009253074161875668,0.0004565342951388014,0.0002452805534795022,0.00010039070352011831,5.0461265139965915e-05,2.5306531300217225e-05,1.0140440347706752e-05,4.1319183363802314e-10
98,node,rashba,51,0.8587955852595313,0.10922193070438507,2.2360820748002888,1.1483665283775037,1.0266611052100654,1.5918437470222254e-06,0.05243884114387836,-1,True,False,True,11.846420416769314,12.766603188109885,37.233396811890074,1.5918436443803191e-06,1.026419062896309e-13,6.447988785434342e-08,True,4.25700165707087e-13,1.3884569983195361e-12,0.9999999999999999,0.9999999999998694,8.540425522620578e-14,2.4165228607416918,2.416522860741587,2.416534355553643,1.1494812055978798e-05,1.1494811951173745e-05,-0.5649254084210439,0.5649279052409234,True,2.49681987951611e-06,1.6216516108123326e-16,0.6805077830066039,0.009195576120469954,,0.009195576120469954,0.01468809776816534,0.0250526315402169,0.05611671963240105,0.09963898160332343,0.15830722878467726,0.23230147103766394,0.31914071707968317,0.009195576120468753,0.014688097768164122,0.02505263154021534,0.05611671963239794,0.0996389816033177,0.1583072287846671,0.23230147103764673,0.3191407170796559
98,anti,rashba,51,0.9162374335027679,0.10922193070438507,2.2360820748002888,1.1483665283775037,1.0266611052100654,0.02217293045124521,0.05177470056593213,-1,True,False,True,9.389314291371411,10.308246657793317,39.69175334220672,0.02217293026236472,1.888804876393202e-10,8.518517119540817e-09,True,6.803253729444466e-10,6.391572918983302e-09,1.0,1.0000000068111847,6.811184696272844e-09,2.356391668844747,2.356363521756329,2.355996793959365,0.00036672779696367286,0.00039487488538192395,-4.167908018815427e-05,-4.1679580099762685e-05,False,4.999116084132105e-10,4.443328838375004e-16,2.5621407960130393e-08,0.0013294226820726922,-19.466331954093654,0.0013294226820726922,0.0006952247009139664,0.0003783784345319815,0.000155613676282736,7.832178339292541e-05,3.930523859378346e-05,1.5754443845516762e-05,1.7371457253316287e-09,0.0013294226911276356,0.0006952247056261122,0.00037837843708392864,0.00015561367731554212,7.832178390477375e-05,3.9305238851107096e-05,1.575444394979458e-05,1.7371373654793628e-09
99,node,rashba,74,0.6577250910321228,0.14819470508255111,2.073657190000082,0.7193259805758704,0.8911235845710005,1.2533125118553397e-07,0.0454672469968756,-1,True,False,True,14.435557649905292,14.588262077366014,58.41173792263395,1.253312647180669e-07,1.3532532916879088e-14,1.079741308641866e-07,True,6.273379883300276e-14,3.715711915511692e-13,0.9999999999999993,1.00000000000002,1.800937720589421e-14,2.1780625116296743,2.178062511629671,2.178060683150028,1.8284796428069683e-06,1.828479646359682e-06,-0.4389153591052982,0.43891644459200807,True,1.0854867098508691e-06,5.939455159461325e-16,0.6767701375600251,0.0038467029459336435,,0.0038467029459336435,0.006224528137648858,0.010635153534974871,0.024251561067110725,0.04468024242562606,0.07608064575864203,0.12387649115451219,0.1926466924585329,0.0038467029459337207,0.006224528137648944,0.010635153534974975,0.02425156106711091,0.044680242425626404,0.07608064575864273,0.12387649115451378,0.19264669245853636
99,anti,rashba,74,0.6905612632371498,0.14819470508255111,2.073657190000082,0.7193259805758704,0.8911235845710005,0.009444052359998869,0.04496303196206015,-1,True,False,True,12.356919815991843,12.982047460322491,60.01795253967756,0.009444052486822079,1.2682320991996843e-10,1.3428897372185219e-08,True,5.726294915231272e-10,8.575575369990606e-09,0.9999999999999999,0.9999999911214911,8.87850894065717e-09,2.1363728136284834,2.136354314302631,2.1360937483847993,0.0002605659178316344,0.0002790652436841512,-4.3301388625262434e-05,-4.330185116724338e-05,False,4.625419809469486e-10,6.34894279321375e-16,4.100434274572279e-08,0.0006179339735158515,-23.004052735788907,0.0006179339735158515,0.0003496625785838918,0.00019394164271992426,8.036593290165261e-05,4.061282928092518e-05,2.0492995630782334e-05,8.258231130734531e-06,1.875010256876095e-09,0.0006179339680295192,0.00034966257549242535,0.00019394164101642,8.036593221567928e-05,4.061282895062684e-05,2.0492995470826325e-05,8.25823106565662e-06,1.875018656397431e-09
100,node,rashba,84,1.447628045563339,0.285366970710154,2.9283188254523145,0.8007886602892813,1.3097781740459586,1.5300161458758515e-07,0.06041899241622504,-1,True,False,True,15.020209475461192,14.867623300730456,68.13237669926951,1.530016078046386e-07,6.782946562109121e-15,4.4332516231233955e-08,True,2.6423270669970997e-14,1.6563791863150736e-13,0.9999999999999999,1.0000000000000173,1.517960265508919e-14,1.7739610665185914,1.773961066518586,1.7739602304752586,8.360433274567924e-07,8.36043332785863e-07,-0.3727792357432863,0.37278042595636335,True,1.1902130770402586e-06,1.1890810790246405e-15,0.6760996705635877,0.002446884201286437,,0.002446884201286437,0.004063165453760514,0.006861969793985451,0.015599142514529898,0.02896927994095984,0.05029656955073407,0.08492328850430625,0.1389643586013486,0.0024468842012864795,0.004063165453760589,0.006861969793985586,0.015599142514530215,0.028969279940960414,0.05029656955073504,0.08492328850430769,0.1389643586013507
100,anti,rashba,84,1.48488948583723,0.285366970710154,2.9283188254523145,0.8007886602892813,1.3097781740459586,0.009001464922743584,0.05944083687731696,-1,True,False,True,13.286384926964082,13.673845196508466,69.32615480349142,0.009001465143913178,2.2116959479123732e-10,2.457040011703188e-08,True,9.332708154177459e-10,1.4578061251046784e-08,1.0,0.9999999853414698,1.4658530123470168e-08,1.7372437425706684,1.7372268239570356,1.7369166228438084,0.00031020111322721533,0.00032711972685994795,3.2662633022589134e-05,3.2662235329578015e-05,False,3.9769301111818034e-10,5.864651905792784e-16,3.0549740243284805e-08,0.0004157340297340934,-16.65264772345628,0.0004157340297340934,0.00028632411106438514,0.00016801430821809327,7.120983922803218e-05,3.6297863872974486e-05,1.8505479837602343e-05,7.5439790142060674e-06,1.066847595968305e-09,0.0004157340236400436,0.0002863241068924273,0.00016801430579782632,7.120983825487277e-05,3.6297863423240336e-05,1.8505479627766875e-05,7.543978915019832e-06,1.0668347563733356e-09
101,node,rashba,51,0.6796036921058952,0.2990549319830619,2.407438030249988,1.24662117262767,0.9440331035501216,1.9179999487150128e-08,0.13637218980834334,-1,True,False,True,5.270445451707621,4.360306074579335,45.639693925420666,1.9180001437426367e-08,1.9502762384143467e-15,1.0168280972692193e-07,True,4.1555852425500286e-15,2.4025698792432907e-13,1.0,0.9999999999999694,2.6382825493483725e-14,2.1742756141500017,2.17427561415,2.174268869900833,6.744249167134342e-06,6.744249168910699e-06,0.06410538077224494,0.06410524236361163,True,1.384086333044987e-07,1.9463326398278557e-15,0.6842544604548254,0.00011776091055259312,,0.00011776091055259312,0.00019058483916683402,0.0003236560025387681,0.0007230165691985029,0.001283103732565748,0.002038377422650375,0.0029911574027995,0.00410949984395451,0.00011776091055258952,0.00019058483916682995,0.0003236560025387635,0.0007230165691984956,0.001283103732565734,0.0020383774226503458,0.00299115740279944,0.004109499843954402
101,anti,rashba,51,0.7299018177501014,0.2990549319830619,2.407438030249988,1.24662117262767,0.9440331035501216,0.0020535394538316043,0.13419211794051886,-1,True,False,True,5.213668483181412,4.345768296289084,45.65423170371091,0.0020535395108905816,5.705897733465637e-11,2.778567376837716e-08,True,8.957351750168361e-11,1.0390819078871961e-08,0.9999999999999999,0.9999999919392861,8.060713883606734e-09,2.11423376100952,2.114233067526186,2.1138399681524414,0.0003930993737446542,0.0003937928570785232,1.7293571545243898e-07,1.7288943714166558e-07,False,4.6278310773399075e-11,7.359944111163023e-15,2.172912621181033e-11,2.6987145549704218e-05,-2.013702446239992,2.6987145549704218e-05,1.5449882633884347e-05,8.614718257010377e-06,3.605139028280342e-06,1.8429505914948483e-06,9.387111291254369e-07,3.801559506899012e-07,2.9906761679062005e-14,2.698714533216856e-05,1.5449882512597025e-05,8.614718192401277e-06,3.605139005634983e-06,1.8429505823944356e-06,9.387111249065171e-07,3.80155948478969e-07,2.9894697199288264e-14
102,node,rashba,94,0.6435529457406892,0.27798005574660123,1.928833979541223,0.9455556684480502,0.970128654085631,7.512190432326386e-09,0.13185448374202396,-1,True,False,True,6.30274429754051,5.328158426854938,87.67184157314509,7.512191256763357e-09,8.24436970266475e-16,1.0974654831948426e-07,True,1.5104509154573728e-15,8.218475430928139e-13,0.9999999999999999,0.9999999999997832,2.946837199564717e-13,2.7112735642836974,2.7112735642836974,2.7112923253038987,1.876102020137438e-05,1.876102020137438e-05,-0.00728351251404066,0.007283507004781491,True,5.509259168659519e-09,3.396798972980155e-14,0.6806513680667176,8.29142479824467e-07,,8.29142479824467e-07,1.3297068780144596e-06,2.3058929880545377e-06,5.3401659185357885e-06,1.001828009080471e-05,1.7687364629009354e-05,3.085169359033739e-05,5.3049554542186876e-05,8.291424798242872e-07,1.3297068780141009e-06,2.3058929880538965e-06,5.340165918534354e-06,1.0018280090802109e-05,1.7687364629004787e-05,3.085169359032906e-05,5.304955454217124e-05
102,anti,rashba,94,0.6749330669169813,0.27798005574660123,1.928833979541223,0.9455556684480502,0.970128654085631,0.00014567435790929984,0.131385102313556,-1,True,False,True,6.303300800096924,5.330095483715801,87.66990451628429,0.00014567435893661585,1.0273160089540462e-12,7.052140292210359e-09,True,1.93383535393028e-12,1.9043677967287913e-09,0.9999999999999997,0.999999998777725,1.2222748975774798e-09,2.6782280428866656,2.6782280432009777,2.6781975937498945,3.0449451083214285e-05,3.0449136771082408e-05,4.7003734362469716e-07,4.7003774434955717e-07,False,4.0072486000706617e-13,6.788777557772252e-14,1.0819890269143242e-08,2.1722710606275697e-07,-0.36565952889133985,2.1722710606275697e-07,1.047913745172996e-07,5.603811743335663e-08,2.2906330694407592e-08,1.1524793072426385e-08,5.798690033713506e-09,2.3360298749434876e-09,2.209351044017737e-13,2.1722710579724573e-07,1.0479137439003631e-07,5.603811736576717e-08,2.290633066755546e-08,1.152479305960142e-08,5.79869002766047e-09,2.3360298724592223e-09,2.209349268779718e-13
103,node,rashba,45,1.0870438557622222,0.18077096191618997,2.378187600948226,0.9099604760570473,1.1770073519036162,1.3453512189624883e-06,0.06336801768415067,-1,True,False,True,10.979939618700957,12.164309572907525,31.835690427092466,1.3453513290326612e-06,1.1007017284353959e-13,8.181519538698884e-08,True,4.1378660454556184e-13,1.0223861751977598e-12,0.9999999999999997,1.0000000000000904,6.539817177448773e-14,2.32187902016811,2.32187902016798,2.3218807533426937,1.7331747135251874e-06,1.733174583851138e-06,-0.6643684268614245,0.6643700716842458,True,1.6448228212784244e-06,3.6097619723349073e-16,0.6828030186110492,0.01436514532594336,,0.01436514532594336,0.023002448352859656,0.03904559859471373,0.08657648507557475,0.15121316811590288,0.2340360115505104,0.3323914968680559,0.4413854066103238,0.01436514532594466,0.023002448352860996,0.03904559859471541,0.08657648507557802,0.1512131681159091,0.2340360115505216,0.33239149686807473,0.4413854066103527
103,anti,rashba,45,1.1599079111997184,0.18077096191618997,2.378187600948226,0.9099604760570473,1.1770073519036162,0.03377886567660846,0.06236255507209635,-1,True,False,True,8.497366117776156,9.458961707086356,34.54103829291367,0.033778865087198164,5.89410298346138e-10,1.744908499856166e-08,True,1.7783878295935044e-09,1.3797967708854752e-08,0.9999999999999998,1.0000000146262042,1.4626204216475862e-08,2.254041765380717,2.2539448682633507,2.253433257490593,0.0005116107727576313,0.0006085078901238994,-4.178699653686977e-05,-4.178733435666881e-05,False,3.3781979903740487e-10,6.835675306057192e-16,1.916921207972486e-08,0.0020242564799685682,-19.404999938989892,0.0020242564799685682,0.0010961333716631406,0.0006015212521921692,0.00024815515475109845,0.00012497026002674806,6.271268089178176e-05,2.513138667541133e-05,1.7461530795725154e-09,0.002024256509575757,0.0010961333875863773,0.0006015212608727494,0.0002481551582682053,0.00012497026178070317,6.271268178649288e-05,2.5131387043345013e-05,1.7461225656640206e-09
104,node,rashba,94,1.286028932064161,0.1251191928591447,2.283899783039282,0.7474318068309466,1.0428392028553173,2.752187049521607e-07,0.031029821318618245,-1,True,False,True,19.969316416681174,21.269333321385414,71.73066667861427,2.7521872026490586e-07,1.5312745159087664e-14,5.563846091692557e-08,True,1.2730122209035698e-13,4.4925255052255236e-13,1.0,1.0000000000000606,6.85967601232784e-14,1.719579166453209,1.7195791664531832,1.7195784328904018,7.335627811855261e-07,7.335628069427003e-07,-0.5306741549162503,0.5306760878841722,True,1.932967921947082e-06,6.216130597549189e-16,0.6742489323235119,0.004443321651873267,,0.004443321651873267,0.00740863522035231,0.012496609366679963,0.02847949240448528,0.053267360441680345,0.09395823161521896,0.16382396399796048,0.2816150586960765,0.004443321651873537,0.007408635220352754,0.012496609366680667,0.028479492404486814,0.05326736044168319,0.09395823161522414,0.1638239639979703,0.2816150586960958
104,anti,rashba,94,1.3118693438515052,0.1251191928591447,2.283899783039282,0.7474318068309466,1.0428392028553173,0.009142951973764898,0.030558489369989637,-1,True,False,True,16.450868233087185,18.180323207414755,74.81967679258514,0.009142951891577673,8.218722577502113e-11,8.989134582665641e-09,True,6.606331529956978e-10,6.2590216580495405e-09,1.0,1.0000000065444052,6.54440525862241e-09,1.686719230952825,1.6866881244397733,1.6864320211260106,0.00025610331376269,0.0002872098268142942,1.881323976779428e-05,1.8812103437515493e-05,False,1.136330278787498e-09,7.527315698024244e-16,5.574403143908202e-09,0.0006754620494276887,-37.3197110700458,0.0006754620494276887,0.00047903607567399004,0.00028368630864176455,0.00012039911008043066,6.114490080170188e-05,3.1006457827547196e-05,1.2582290604456585e-05,3.5393799056055855e-10,0.000675462053848186,0.0004790360787971533,0.0002836863104790906,0.00012039911083701208,6.114490116438282e-05,3.100645800191746e-05,1.2582290683086928e-05,3.5394219704647004e-10
105,node,rashba,44,0.5932879187907167,0.1650677715844872,2.2061598002630025,0.7124855442101866,0.8045465863927688,9.389566606839123e-07,0.0395591161063411,-1,True,False,True,10.452275491187724,11.361907131535407,31.63809286846467,9.38956730567638e-07,6.988372571191436e-14,7.442699821844047e-08,True,3.144623139078284e-13,1.1568386051477054e-12,0.9999999999999998,0.9999999999998426,2.0122570966531973e-13,1.6753247942425213,1.6753247942419538,1.6753224045901844,2.3896517693522412e-06,2.3896523368982514e-06,0.6492471626472531,0.6492432542400787,True,3.908407174457729e-06,2.4334517721838305e-16,0.6827229756512446,0.014032108231527583,,0.014032108231527583,0.0233773905474597,0.038821126838901834,0.08470414869305909,0.14703975915161474,0.2262595305369207,0.3193635204056838,0.4215218782055087,0.014032108231525375,0.0233773905474561,0.03882112683889649,0.08470414869304801,0.14703975915159428,0.2262595305368852,0.3193635204056267,0.42152187820542386
105,anti,rashba,44,0.6339812036340462,0.1650677715844872,2.2061598002630025,0.7124855442101866,0.8045465863927688,0.018213828207909004,0.03835087284171562,-1,True,False,True,8.183750810316486,9.015861573829667,33.98413842617031,0.01821382764534575,5.625632529260294e-10,3.088660146040837e-08,True,2.15594948262513e-09,2.4167910454794998e-08,1.0,1.0000000249824437,2.4982443644299467e-08,1.606555724196454,1.6063100051733672,1.6051817626330844,0.0011282425402825424,0.0013739615633694413,3.724486488511586e-05,3.724358876855405e-05,False,1.2761165618137282e-09,3.447737033155954e-16,1.568642545867977e-08,0.0020098152611524502,-32.5638499634566,0.0020098152611524502,0.0015023179283616696,0.0009076927990176786,0.00038949109840650755,0.00019834191214238305,0.00010016127574731351,4.0279097372131366e-05,1.3871799603124588e-09,0.0020098153113625467,0.0015023179653142408,0.0009076928208745727,0.0003894911072725851,0.00019834191655904138,0.00010016127817402408,4.027909857687218e-05,1.3872762019573308e-09
106,node,rashba,62,0.9472022041184142,0.23542324584590657,2.2549973967698884,0.8371178377005546,0.9895474811004644,2.2035565201281947e-07,0.07318736259122215,-1,True,False,True,10.103379165804773,9.49721576969244,51.50278423030762,2.2035567826554222e-07,2.625272275028176e-14,1.1913795952351826e-07,True,8.804479218465927e-14,8.138862957040704e-13,0.9999999999999996,1.000000000000102,1.063295474177212e-13,1.9944269273430848,1.9944269273430741,1.9944225717061097,4.355636964437082e-06,4.355636975095223e-06,-0.2865223216043402,0.28652323462446483,True,9.130201246154712e-07,5.740009811436618e-16,0.6796365659126866,0.0019482670994164693,,0.0019482670994164693,0.0031823458819702404,0.005393367289861362,0.012151258316113732,0.02201933229480836,0.0363369137279486,0.056251102132108044,0.08209504077754093,0.0019482670994166677,0.0031823458819705266,0.005393367289861786,0.012151258316114622,0.022019332294810012,0.03633691372795158,0.05625110213211326,0.08209504077754966
106,anti,rashba,62,0.9883349572633504,0.23542324584590657,2.2549973967698884,0.8371178377005546,0.9895474811004644,0.00757722425229889,0.07202069683771362,-1,True,False,True,9.226199718040014,8.96533832169271,52.03466167830734,0.007577224333299857,8.10009672183587e-11,1.0690058063648233e-08,True,2.696746867808345e-10,5.80785802871343e-09,1.0,0.9999999943309993,5.669000672075401e-09,1.944903300318927,1.9448894916951556,1.9444461513681754,0.00044334032698012393,0.0004571489507516624,-4.067449233562852e-06,-4.067744405200635e-06,False,2.951716377829622e-10,1.0694012379050483e-15,7.588057174965473e-10,0.00035165921169611294,-11.329356105017897,0.00035165921169611294,0.00021700851551875977,0.00012328540406385534,5.173339711500452e-05,2.6359553242197825e-05,1.3400880486249192e-05,5.42730616934374e-06,1.6544143267617507e-11,0.00035165920970255663,0.0002170085143008287,0.0001232854033841874,5.173339685027235e-05,2.6359553121445455e-05,1.3400880428384737e-05,5.427306142842282e-06,1.6544689459075114e-11
107,node,rashba,82,1.1293006115879791,0.1744135730410488,2.932869460348262,0.7171613130545715,1.2548121290720706,1.016506639209035e-06,0.034698635563803475,-1,True,False,True,19.855841539432134,22.80736566795302,58.192634332047,1.0165067023908353e-06,6.318180028642983e-14,6.215581664630632e-08,True,3.792687575155376e-13,1.0715623632072746e-12,1.0,1.0000000000000862,9.658831929904089e-14,1.8924743417269072,1.8924743417267287,1.8924722001774374,2.141549291234668e-06,2.1415494697585302e-06,-0.6985245233256412,0.6985262326434166,True,1.7093177754334832e-06,8.253991466392392e-16,0.6753801080632308,0.00881051302673561,,0.00881051302673561,0.014491125866052576,0.024569729873689772,0.05596450930474112,0.1038135258458386,0.1796188526428747,0.3011971429063021,0.48793650968731456,0.008810513026736369,0.014491125866053728,0.024569729873691527,0.055964509304744905,0.10381352584584572,0.17961885264288785,0.30119714290632693,0.4879365096873617
107,anti,rashba,82,1.1674192766382163,0.1744135730410488,2.932869460348262,0.7171613130545715,1.2548121290720706,0.018603206284224585,0.03410117568054365,-1,True,False,True,15.358474147353633,17.88747313537453,63.11252686462552,0.018603206657630534,3.7340594852275366e-10,2.007212857922238e-08,True,1.7813262484744628e-09,1.598899293833013e-08,1.0,0.9999999832472978,1.6752702253825095e-08,1.8548644542890482,1.8548005008513329,1.8545488988078513,0.00025160204348129156,0.000315555481196661,7.070914553659944e-05,7.070845870621456e-05,False,6.868303848838603e-10,7.22534712903671e-16,4.896734241897722e-08,0.0012451761440175444,-39.00875176785987,0.0012451761440175444,0.0008033018031013491,0.00046165734679210624,0.0001935387833283759,9.782568732387092e-05,4.9307539696585186e-05,1.986696682862702e-05,4.999783262515779e-09,0.0012451761231574792,0.00080330178969036,0.0004616573391198114,0.0001935387801674075,9.782568576295842e-05,4.9307538899392715e-05,1.986696644809234e-05,4.999725726758669e-09
108,node,rashba,56,0.5154397483331902,0.27243424039489506,2.895386062832359,1.2703361730616836,0.9329758368001259,8.58900301907457e-10,0.0877945731202575,-1,True,False,True,6.987495948751418,6.172017540737001,48.82798245926302,8.589011735218694e-10,8.71614412380484e-16,1.0148027779764325e-06,True,9.151386301948246e-17,1.572617818306597e-13,0.9999999999999999,1.0000000000003018,3.01356702624194e-13,1.6531472814121964,1.6531472814121964,1.6531460674087353,1.2140034613139505e-06,1.2140034613139505e-06,-0.13219821279004496,0.13219897407892617,True,7.612888812125185e-07,1.5106757552013774e-13,0.6802735916575755,0.00045875364599102354,,0.00045875364599102354,0.0007678219848735737,0.0012812997651929475,0.0028425293401352454,0.005086199921274161,0.008226024352082755,0.012375361030237208,0.017476367464882007,0.000458753645991162,0.0007678219848738057,0.001281299765193335,0.0028425293401361054,0.0050861999212756985,0.008226024352085241,0.012375361030240943,0.017476367464887274
108,anti,rashba,56,0.5527803016626872,0.27243424039489506,2.895386062832359,1.2703361730616836,0.9329758368001259,0.003143944144938415,0.08552844169890536,-1,True,False,True,6.76797805512847,6.083649809729175,48.91635019027081,0.0031439441891904737,4.425205861469106e-11,1.4075332313372854e-08,True,8.747831418848636e-11,6.268480551242795e-09,1.0,0.9999999947855156,5.2144844299973965e-09,1.5986121730623504,1.598606451468103,1.5979321826324613,0.0006742688356418114,0.000679990429889088,-5.157759439123125e-06,-5.158040726309376e-06,False,2.812871862517552e-10,2.1088911329859143e-15,4.896977646598254e-09,9.700765725782278e-05,-5.615527604673757,9.700765725782278e-05,7.29289514544446e-05,4.424514236151518e-05,1.9212743454750096e-05,9.973439550634237e-06,5.1481202806684265e-06,2.1049316731730945e-06,2.6602482431892985e-11,9.700765675197786e-05,7.292895108542823e-05,4.4245142150853975e-05,1.9212743384231734e-05,9.973439527070829e-06,5.148120271386787e-06,2.104931667077881e-06,2.660312341070858e-11
109,node,rashba,41,0.7274348238420887,0.20429856076385183,2.050027767683338,1.1959850988628193,1.2053208862858402,1.1148914302490291e-06,0.11860676921151554,-1,True,False,True,7.55649170321689,7.004912938871679,32.99508706112833,1.114891407985709e-06,2.2263320176733122e-14,1.9969047723113493e-08,False,4.827319078982471e-14,1.9739293818625783e-14,1.0,0.9999999999999752,2.6797273359198633e-14,3.1410815128518417,3.141081512851999,3.1415925760461585,0.0005110631941596111,0.0005110631943168187,-0.32978011530386125,0.3297801209688435,True,5.664982261066598e-09,4.4199483246057093e-16,0.5178300225551072,0.0051224514172318976,,0.0051224514172318976,0.006684355266124016,0.010737331074906004,0.02318644602613189,0.03984418541246271,0.06040570215986375,0.08380903381364815,0.108754924449828,0.005122451417231771,0.00668435526612384,0.010737331074905711,0.02318644602613125,0.03984418541246161,0.0604057021598621,0.08380903381364589,0.10875492444982508
109,anti,rashba,41,0.8174595126779464,0.20429856076385183,2.050027767683338,1.1959850988628193,1.2053208862858402,0.019295725930364764,0.11852137492193088,-1,True,False,True,6.644692770913612,6.359641644050447,33.64035835594955,0.019295726339249603,4.088848391814448e-10,2.1190435677675244e-08,False,8.672082865900835e-10,5.0265410008614914e-09,0.9999999999999998,0.9999999927261412,7.2738588034649016e-09,3.0662666373152216,3.0663097557629104,3.1415925760461585,0.07528282028324806,0.07532593873093685,1.18879185342282e-05,1.1887880090044599e-05,False,3.844418360213306e-11,6.551499275958477e-16,3.897783701108915e-09,0.0008843212245313781,-6.141462702545855,0.0008843212245313781,0.00040920091119828547,0.00021693176299370794,8.828986079432014e-05,4.4258022596427945e-05,2.2144030952932464e-05,8.859554068185273e-06,1.4132260707613856e-10,0.0008843212180989503,0.00040920090822527095,0.0002169317614176259,8.828986015254329e-05,4.425802227465707e-05,2.2144030792098838e-05,8.85955400410265e-06,1.413229787342708e-10
110,node,rashba,59,0.6685260544936915,0.2108502248218434,1.8370805982481007,1.1119607432914715,1.136275438374382,6.779458641557252e-08,0.12663395068508787,-1,True,False,True,7.0893684438487545,6.132977728126132,51.86702227187386,6.779458166548477e-08,4.750087751315085e-15,7.006588582453514e-08,False,8.488078197388e-15,1.2534443878796713e-13,0.9999999999999998,0.9999999999999272,1.7993402746750044e-15,3.037355078174895,3.037355078174894,3.09581687220583,0.05846179403093599,0.0584617940309351,0.10224644705263126,0.10224653108691882,True,8.40342875563227e-08,1.5331010615047165e-15,0.6858244171541047,0.0002583637007630586,,0.0002583637007630586,0.0004117877825361807,0.0007105919908951996,0.0016129474780570067,0.0029137559868361216,0.004766497770127033,0.007279288680721521,0.010454335934886533,0.0002583637007630398,0.0004117877825361721,0.0007105919908951954,0.0016129474780570056,0.002913755986836121,0.0047664977701270305,0.007279288680721517,0.010454335934886528
110,anti,rashba,59,0.7278430232858224,0.2108502248218434,1.8370805982481007,1.1119607432914715,1.136275438374382,0.003871393377724042,0.12676360497195682,-1,True,False,True,6.916712417573466,6.059557898761209,51.9404421012388,0.0038713933398609353,3.7863106747138e-11,9.780227182544127e-09,False,8.11567715268672e-11,1.3388688960834551e-09,1.0,1.000000001542558,1.5425579905742458e-09,3.0897597005875106,3.0897570721157033,3.1415925760461585,0.05183550393045522,0.0518328754586479,-6.163523063444813e-06,-6.1635252457392645e-06,False,2.1822944511789752e-12,6.0845321050258296e-15,8.875810447770895e-09,7.254341902532126e-05,-2.726003992538275,7.254341902532126e-05,3.354370109630996e-05,1.77800584585495e-05,7.235859212428331e-06,3.6270780726846004e-06,1.814745251952953e-06,7.260688930988625e-07,3.798901655364522e-11,7.25434191372237e-05,3.354370114799041e-05,1.778005848592619e-05,7.235859223551373e-06,3.627078078251257e-06,1.8147452547439855e-06,7.26068894237422e-07,3.79890601079769e-11
111,node,rashba,52,1.128565004627985,0.20604796601757563,2.7412819663616395,0.9928429474727032,1.398374127767367,1.6335391868584844e-06,0.07061975450079902,-1,True,False,True,12.495893805216706,13.835119916351651,37.164880083648264,1.6335392574421403e-06,7.058365592952666e-14,4.320903746745649e-08,True,2.300221046136309e-13,6.081720796753806e-13,1.0,1.0000000000000715,4.602745356181979e-14,2.489415371061691,2.4894153710616047,2.4894434416982136,2.8070636608923394e-05,2.8070636522770087e-05,-0.6543284735753149,0.6543298023407023,True,1.328765387387243e-06,4.2265861544869447e-16,0.6808255755224264,0.012093511814197815,,0.012093511814197815,0.019288355660173704,0.032962313412282826,0.07398806339477221,0.13169925243165848,0.21008629553511404,0.30989886925118804,0.42814575133140154,0.01209351181419868,0.019288355660174616,0.03296231341228409,0.07398806339477479,0.13169925243166314,0.21008629553512204,0.3098988692512009,0.42814575133142124
111,anti,rashba,52,1.2064832069584754,0.20604796601757563,2.7412819663616395,0.9928429474727032,1.398374127767367,0.03536234802528161,0.06979205643464392,-1,True,False,True,9.736591576726061,10.898283549717792,40.101716450282254,0.03536234814055963,1.1527801629940271e-10,3.2599084262444044e-09,True,3.1337083061952897e-10,2.537451023842049e-09,1.0,0.9999999972960691,2.7039308700797627e-09,2.4304021908502307,2.4303536634166125,2.4300479213487054,0.0003057420679071221,0.0003542695015252839,-6.310400120619966e-05,-6.310421456212634e-05,False,2.1335592667592884e-10,8.24106100946415e-16,4.466931344597553e-08,0.0017143566376295368,-17.47287397762046,0.0017143566376295368,0.000876744215524731,0.0004747229210784381,0.0001947945215031339,9.79345375088317e-05,4.910497308871869e-05,1.9671936650876518e-05,3.9821149682323295e-09,0.001714356632994035,0.0008767442131641633,0.0004747229198050226,0.0001947945209866363,9.793453725206037e-05,4.910497296003827e-05,1.967193659976761e-05,3.982120439991649e-09
112,node,rashba,63,1.012443593097077,0.20850766340087287,2.7284661565076997,1.1201095395797638,1.1277454142162997,8.316372525450741e-07,0.07112103140497582,-1,True,False,True,11.18152622577005,10.799799822124324,51.20020017787567,8.316371670071525e-07,8.553792160462237e-14,1.0285484607964491e-07,True,2.702641454028468e-13,2.0804997407571656e-12,1.0,1.0000000000002758,2.950643376479943e-13,1.9633493716630435,1.9633493716629173,1.9633473773089272,1.9943539903977126e-06,1.994354116519048e-06,0.3450909823599867,0.3450883297786744,True,2.6525813123234876e-06,6.44438687486554e-16,0.6785165692735732,0.0027859044343890972,,0.0027859044343890972,0.004555892523959931,0.0077129703151788765,0.017378947195315277,0.03153722609355764,0.05219532255792703,0.08116249489966704,0.11908778610618063,0.0027859044343898653,0.00455589252396107,0.007712970315180594,0.017378947195318892,0.0315372260935643,0.05219532255793892,0.08116249489968795,0.11908778610621577
112,anti,rashba,63,1.0579622862265374,0.20850766340087287,2.7284661565076997,1.1201095395797638,1.1277454142162997,0.010167820456997961,0.0698961652613792,-1,True,False,True,9.927000339821568,9.949713241481707,52.05028675851842,0.010167820601049642,1.440516803064007e-10,1.416740991008134e-08,True,4.4634525789658635e-10,8.301474300579538e-09,1.0,0.9999999916537272,8.346272788234468e-09,1.914614328964885,1.9145935890847134,1.9141427219574783,0.0004508671272351883,0.0004716070074066714,7.8892780088222e-06,7.88897306855385e-06,False,3.0494026834887444e-10,9.925171113430352e-16,2.0713688470991885e-09,0.00047695403910631327,-12.585803541603768,0.00047695403910631327,0.00029872399441160713,0.0001703882256310943,7.154668945667485e-05,3.641825640508392e-05,1.8493246812307094e-05,7.484514837709266e-06,6.224070750047968e-11,0.00047695403512552475,0.0002987239919399208,0.00017038822424247644,7.154668890901722e-05,3.641825615064293e-05,1.849324668814968e-05,7.484514780020948e-06,6.223891296211912e-11
113,node,rashba,74,0.950077591228987,0.176116751523375,2.1293594313512596,0.8037391184998686,1.3788857817480973,1.692031746848294e-06,0.06612028625141,-1,True,False,True,15.867984289922056,16.71764689892648,56.28235310107356,1.6920317036907062e-06,4.3157587777082696e-14,2.55063699942222e-08,False,1.7926914958029994e-13,5.47612821701702e-13,1.0,0.999999999999833,2.142087621144502e-14,3.0158159958124466,3.015815995812508,3.019180096149803,0.003364100337295284,0.003364100337356568,-0.5265788238814967,0.526579141277767,True,3.1739627026627915e-07,1.2398656231692739e-15,0.6774613352753691,0.0055310877281585765,,0.0055310877281585765,0.00877917548234626,0.015182701370848536,0.03484388404474425,0.06427149594792127,0.1094797771427178,0.17828468656860064,0.2772852577604203,0.005531087728157653,0.008779175482345705,0.015182701370848026,0.034843884044743464,0.0642714959479199,0.10947977714271553,0.17828468656859692,0.27728525776041435
113,anti,rashba,74,1.007663145863578,0.176116751523375,2.1293594313512596,0.8037391184998686,1.3788857817480973,0.020260279594704368,0.0660194155312316,-1,True,False,True,13.041804145713531,14.210719837639665,58.78928016236033,0.020260279684250967,8.954659930227038e-11,4.419810639023761e-09,False,3.448105170653145e-10,2.881369466753259e-09,1.0,0.9999999965284189,3.471581140397292e-09,2.9739467207267634,2.9739541021606613,2.973476187800173,0.00047791436048827407,0.0004705329265903835,3.802820770987134e-05,3.802808866415486e-05,False,1.1904571648119547e-10,5.863184521704993e-16,2.33609530094711e-08,0.0008365452530280924,-16.720721619182395,0.0008365452530280924,0.0003888578629321101,0.00020633219720644333,8.400350857462859e-05,4.2115787043774024e-05,2.107677658478671e-05,8.435207651208933e-06,1.4461445816251465e-09,0.0008365452501239576,0.00038885786158381714,0.0002063321964912341,8.400350828354881e-05,4.2115786897888354e-05,2.1076776511741795e-05,8.435207621830701e-06,1.446144309279471e-09
114,node,rashba,60,1.0844691163572524,0.20203656256638308,2.672426888788097,1.1229142417942697,1.3752319118370466,1.6585359012725316e-06,0.08131141962862454,-1,True,False,True,12.49351082224666,12.779589666541346,46.22041033345862,1.6585358302831983e-06,7.098933325400993e-14,4.280240976366114e-08,True,2.1280849705891482e-13,8.840911650674787e-13,1.0,0.9999999999999544,4.5052474413598046e-15,2.5749334561904744,2.574933456190429,2.5749673583093657,3.390211893661288e-05,3.390211889131578e-05,-0.4838464881468274,0.4838478426092207,True,1.3544623932992828e-06,8.772343632012219e-16,0.679342890414422,0.00574347719919967,,0.00574347719919967,0.009155006308043643,0.01571391784307985,0.03561032899596647,0.0644111609114508,0.10568700446562022,0.16214057697964757,0.23410742409201798,0.005743477199199408,0.009155006308043584,0.015713917843079968,0.035610328995966944,0.06441116091145163,0.10568700446562128,0.16214057697964843,0.23410742409201796
114,anti,rashba,60,1.1521015384170172,0.20203656256638308,2.672426888788097,1.1229142417942697,1.3752319118370466,0.02169284926823359,0.08066679033471905,-1,True,False,True,10.415398791039635,11.02445044219581,47.97554955780436,0.02169284926079419,7.439399790643009e-12,3.4294249218506587e-10,True,2.1238974420966148e-11,2.3071770608380468e-10,1.0,1.000000000245351,2.453510628793754e-10,2.5235962835554346,2.5235858993961653,2.523371741083674,0.00021415831249127493,0.0002245424717606248,6.625753668187875e-06,6.6256087422056345e-06,False,1.4492598224018265e-10,6.757610880654141e-16,8.279566607034886e-10,0.0008837139622381546,-12.779233248503067,0.0008837139622381546,0.00044080011423906285,0.0002373754645594181,9.723326088968706e-05,4.889240940208428e-05,2.453425445238947e-05,9.837506019439376e-06,4.39006116715017e-11,0.0008837139624549747,0.0004408001143468615,0.0002373754646172921,9.723326091313514e-05,4.8892409413717825e-05,2.4534254458222958e-05,9.837506021857856e-06,4.390063679089696e-11
115,node,rashba,67,0.8292716970866313,0.12123019664931285,1.8461123519716798,0.7931533918334872,1.1955957024745343,1.650979759612915e-06,0.051957507106598966,-1,True,False,True,15.562548147140198,17.098409988769145,48.90159001123097,1.6509798027946204e-06,4.318170534618987e-14,2.6155199719900957e-08,False,2.1818779102505362e-13,4.884976597987561e-13,1.0,0.9999999999998015,4.3715288351647896e-15,3.049104503112652,3.049104503112779,3.0934751889411043,0.044370685828325485,0.044370685828452494,0.5986077419321761,0.5986066565790381,True,1.085353138030598e-06,3.947815465447428e-16,0.677800490152576,0.007890562741910878,,0.007890562741910878,0.012504106092628147,0.02158757330392278,0.049307480788299204,0.0901762980766392,0.1510105079781551,0.23901370323189952,0.3583312287011387,0.007890562741909312,0.012504106092627426,0.021587573303922396,0.049307480788298996,0.09017629807663902,0.15101050797815482,0.23901370323189922,0.35833122870113837
115,anti,rashba,67,0.8844054751989371,0.12123019664931285,1.8461123519716798,0.7931533918334872,1.1955957024745343,0.02260074129071439,0.05191491631068565,-1,True,False,True,12.31785041497529,13.825785724672755,52.17421427532721,0.02260074161849261,3.2777821776242e-10,1.4502985258146778e-08,False,1.4266474834425234e-09,9.841463824112089e-09,1.0,0.999999987243551,1.2756448977131997e-08,3.0029111194758595,3.002932573680174,3.0004339781160736,0.00249859556410037,0.0024771413597859393,-8.253014247718948e-06,-8.253303769578668e-06,False,2.8952185972003913e-10,5.610145686655252e-16,8.856198690599532e-10,0.0011478973031379253,-21.57035045338013,0.0011478973031379253,0.0005326785038470869,0.0002825488200174513,0.00011501688880834471,5.765878381995655e-05,2.8850496884588877e-05,1.1543164346921176e-05,6.811224417305623e-11,0.001147897288494832,0.0005326784970609963,0.0002825488164189475,0.00011501688734389141,5.765878308604843e-05,2.8850496517461843e-05,1.1543164200048836e-05,6.811238904692923e-11
116,node,rashba,41,0.8913688008263773,0.17826238025859154,1.967129022865175,0.8603422050047361,0.8898317082953097,1.2537954114384812e-06,0.06731992919077076,-1,True,False,True,8.671066760865205,8.63837402556468,31.361625974435324,1.253795301927235e-06,1.0951124608307434e-13,8.734379236356587e-08,True,3.976186475488093e-13,1.6104191726479687e-12,1.0,1.0000000000002573,2.539530621840882e-13,2.0941080364602493,2.0941080364599216,2.0940902751506543,1.7761309267338987e-05,1.7761309595076824e-05,0.49013107279063506,0.49012746916582783,True,3.603624807224648e-06,5.911654753990282e-16,0.684851317843207,0.00855547881230655,,0.00855547881230655,0.013835499525346977,0.023294152775654435,0.05108150810278187,0.08797094377938025,0.1334308520697509,0.18513775175650143,0.24022846851489876,0.008555478812308752,0.013835499525350015,0.02329415277565891,0.051081508102791176,0.08797094377939707,0.1334308520697788,0.18513775175654437,0.24022846851495977
116,anti,rashba,41,0.9481136068553885,0.17826238025859154,1.967129022865175,0.8603422050047361,0.8898317082953097,0.01846683882156346,0.06585402854466092,-1,True,False,True,7.189401721437253,7.375023259113842,32.62497674088613,0.018466839170310362,3.487469028840007e-10,1.8885035292384422e-08,True,1.2085084894816838e-09,1.2849927982611287e-08,1.0,0.9999999864722651,1.3527734882907047e-08,2.020041319897035,2.019957287923921,2.01905851954684,0.0008987683770809163,0.0009828003501950455,7.403240647638979e-06,7.4028254880287295e-06,False,4.151596102496135e-10,4.634712875096487e-16,1.0223655713458458e-09,0.0013075360169226917,-15.563914748113751,0.0013075360169226917,0.000779791562301036,0.0004390000956923861,0.0001834191572183412,9.294367080471407e-05,4.68380496926138e-05,1.8814159258377654e-05,5.48079720868796e-11,0.0013075359992346912,0.0007797915518855141,0.0004390000899281279,0.00018341915492799726,9.294366967912602e-05,4.6838049103270164e-05,1.881415899246507e-05,5.480315858169962e-11
117,node,rashba,58,0.8471751345109482,0.20238036555472613,2.6278825188219592,0.8183643481466045,1.0099783011275345,3.9108465052741365e-07,0.047439354448772834,-1,True,False,True,12.530489627179739,13.084485568480584,43.91551443151941,3.9108469437373694e-07,4.384632328962673e-14,1.121146616991895e-07,True,1.7885305813765725e-13,8.227479347671409e-13,1.0,0.9999999999998987,1.2477728458473756e-13,1.7037738772106286,1.70377387721057,1.7037727876572435,1.0895533266719326e-06,1.0895533852917083e-06,0.5467729090928015,0.5467707623957865,True,2.1466970150374465e-06,3.750693986044694e-16,0.6791084691678728,0.007590088448130571,,0.007590088448130571,0.012642002369490741,0.021152461472216742,0.04710314378236867,0.08463492900545895,0.1378361005592994,0.20938601049732064,0.29896061411780495,0.007590088448129802,0.0126420023694895,0.021152461472214886,0.047103143782364784,0.08463492900545175,0.13783610055928647,0.20938601049729796,0.29896061411776764
117,anti,rashba,58,0.8869639525944091,0.20238036555472613,2.6278825188219592,0.8183643481466045,1.0099783011275345,0.014543843067340773,0.04635017043758556,-1,True,False,True,10.260395573692978,11.061841373150708,45.938158626849344,0.014543842936050905,1.3128986786625774e-10,9.027178528973433e-09,True,5.114012249609026e-10,6.382203161394737e-09,1.0,1.0000000066429922,6.642992211704242e-09,1.6510936616706395,1.6510034840053196,1.6503268240369857,0.0006766599683336594,0.0007668376336535943,2.3550747508935613e-05,2.354997720270535e-05,False,7.703062302639194e-10,6.828973302735242e-16,8.354156738371159e-09,0.0011446659916596216,-25.277935652464127,0.0011446659916596216,0.0008308783202750819,0.0004964888223182033,0.00021207964109939108,0.00010813266668668425,5.4828303238119135e-05,2.214116643841665e-05,5.546377082304578e-10,0.0011446659992636289,0.0008308783257405907,0.0004964888255325299,0.000212079642395176,0.0001081326673051348,5.4828303556601416e-05,2.214116659423768e-05,5.546469600262049e-10
118,node,rashba,51,0.9617151570935344,0.27666038799764237,2.2474884533528687,1.1889246171418613,1.365580294486155,4.725030404831003e-07,0.14510880453715194,-1,True,False,True,7.738870520009339,6.922783190110008,43.07721680988999,4.7250304360598294e-07,3.122882627491129e-15,6.609232872445025e-09,False,4.733341061704642e-15,3.610296124746097e-14,1.0,1.0000000000000453,3.199498844883806e-14,3.020270185114077,3.020270185114091,3.084586835394093,0.06431665028000166,0.06431665028001587,-0.21643675813531563,0.21643670104805932,True,5.708725631103917e-08,1.2538270872996436e-15,0.6848777132808621,0.0013411545598129358,,0.0013411545598129358,0.0021282942158610445,0.003658242276299175,0.008225808886251742,0.014616270211311696,0.02322908285940119,0.03409292136990983,0.04684487027212514,0.0013411545598129965,0.002128294215861121,0.003658242276299296,0.008225808886252003,0.01461627021131216,0.023229082859401933,0.03409292136991091,0.04684487027212664
118,anti,rashba,51,1.043896615336701,0.27666038799764237,2.2474884533528687,1.1889246171418613,1.365580294486155,0.01140802831311502,0.14470585605522135,-1,True,False,True,7.223918988149258,6.636470368089,43.363529631911,0.011408028297168533,1.5946487186280223e-11,1.3978302602867536e-09,False,3.13656876144673e-11,5.712471843279096e-10,1.0,1.0000000007356704,7.356703757964577e-10,2.9598947428187827,2.959902050961581,2.955268007588209,0.004634043373372254,0.004626735230573775,-1.0125307213293476e-05,-1.0125339715977288e-05,False,3.25026838126144e-11,2.2740732556278715e-15,7.812198260916179e-09,0.00025731966990317584,-4.233795480853252,0.00025731966990317584,0.00011975937621804922,6.35643596169258e-05,2.5886205661586593e-05,1.298177797524384e-05,6.497774087798787e-06,2.6003067853409814e-06,1.0252184616355185e-10,0.0002573196700924783,0.00011975937630593429,6.356435966354985e-05,2.5886205680566396e-05,1.2981777984758836e-05,6.497774092561205e-06,2.600306787246606e-06,1.0252184159783576e-10
119,node,rashba,93,1.1007611583455512,0.1314922917415659,2.98073869307761,0.8783170587086992,1.2401235161270572,1.2848784373484102e-07,0.0313143721936678,-1,True,False,True,22.05100430191257,25.072132000566654,66.92786799943347,1.2848785153520073e-07,7.80035971024759e-15,6.070893154954884e-08,True,4.5092202970787434e-14,1.5067533421761324e-13,0.9999999999999993,1.000000000000028,3.0003320618030804e-14,1.871559766840127,1.8715597668401234,1.8715590500721213,7.167680022845957e-07,7.167680058373094e-07,-0.6635809870946195,0.6635822797185635,True,1.2926239439936538e-06,4.921951391894066e-16,0.674171595437289,0.007023190831750573,,0.007023190831750573,0.01157319005280041,0.019637973766809307,0.04492517917872171,0.08403988057590603,0.14806015219282928,0.25739474270228924,0.4403397264334696,0.007023190831750769,0.011573190052800724,0.019637973766809824,0.04492517917872291,0.08403988057590826,0.14806015219283328,0.2573947427022964,0.4403397264334828
119,anti,rashba,93,1.1337851974286302,0.1314922917415659,2.98073869307761,0.8783170587086992,1.2401235161270572,0.015164364226328518,0.03113795288089083,-1,True,False,True,17.229674511377617,19.99043974567775,72.00956025432211,0.01516436456395982,3.376313013891963e-10,2.226478448750245e-08,True,1.8202430935725067e-09,1.734377332427991e-08,1.0,0.9999999817888285,1.8211171410687804e-08,1.83832569342065,1.8382804603552971,1.8380712340534906,0.000209226301806531,0.00025445936715939865,-4.3242755445473406e-05,-4.324349840885421e-05,False,7.42963380806472e-10,5.003280956109718e-16,2.005461598170684e-08,0.0010026039709163902,-41.34256649320368,0.0010026039709163902,0.0006523961220185866,0.00037586519130542394,0.0001576891468952349,7.97026401508334e-05,4.018093909938342e-05,1.6195386266521034e-05,1.869935898517006e-09,0.0010026039526577974,0.000652396110172145,0.0003758651845092327,0.00015768914409589375,7.970263878252124e-05,4.0180938428444326e-05,1.619538598397988e-05,1.8699675138784925e-09
120,node,rashba,90,0.7172877706070903,0.27557974452704637,2.828724982706559,0.884432043173651,0.9891700408494037,6.380849746706679e-08,0.05920378857184227,-1,True,False,True,10.911741324623286,10.085255038828661,78.91474496117135,6.380850289287639e-08,5.4258095952412934e-15,8.503271210925619e-08,True,1.9216997073530394e-14,6.455432653849177e-13,1.0,1.0000000000001572,1.821797546834765e-13,1.518861804720638,1.5188618047206388,1.5188617138504132,9.087022556641955e-08,9.087022467824113e-08,-0.12790179844384975,0.12790266482237433,True,8.663785245888178e-07,1.545483277954657e-15,0.6753564960868665,0.0002691396673864892,,0.0002691396673864892,0.00045754945150023555,0.0007644256511713287,0.001726723367906496,0.003215865483708385,0.005636240534159918,0.009704745236593764,0.016358870045171163,0.00026913966738653156,0.00045754945150030776,0.0007644256511714412,0.0017267233679067301,0.0032158654837088113,0.0056362405341606895,0.009704745236595256,0.016358870045174143
120,anti,rashba,90,0.7406533298830094,0.27557974452704637,2.828724982706559,0.884432043173651,0.9891700408494037,0.001903186520619938,0.05819533535201286,-1,True,False,True,10.614406670099402,9.961822762001573,79.03817723799847,0.0019031864854751313,3.5144806769665804e-11,1.8466296597255137e-08,True,1.1328418165828652e-10,8.042930077161344e-09,0.9999999999999999,1.0000000066535748,6.6535747951448176e-09,1.484599726316591,1.4845974684053855,1.484298709376244,0.00029875902914167085,0.0003010169403472318,9.741460053059735e-06,9.74097221070544e-06,False,4.878423542952273e-10,2.5273822310783354e-15,1.8290092172431314e-08,5.764872470644427e-05,-8.649287284729972,5.764872470644427e-05,4.660607564622582e-05,2.900367444978751e-05,1.2643364699630578e-05,6.543381273377619e-06,3.402765812199139e-06,1.4177513460370957e-06,9.489604396535907e-11,5.764872509001437e-05,4.660607595186361e-05,2.900367463398235e-05,1.2643364768178445e-05,6.543381298021809e-06,3.4027658190377587e-06,1.417751349799662e-06,9.489713679102631e-11
121,node,rashba,92,0.8702073435821319,0.2350622384387292,2.7655573157449824,1.2736992077459823,1.0524193675034585,3.696263219884992e-08,0.0876760152775862,-1,True,False,True,8.674036870740562,7.7542281129869455,83.2457718870131,3.6962633862963695e-08,1.6641137771722842e-15,4.5021517088386974e-08,True,5.338989668053679e-15,5.022351785747966e-13,1.0,1.0000000000000202,1.2756445078010335e-14,1.8915663916220788,1.891566391622078,1.8915659117642387,4.798578392417596e-07,4.79857840129938e-07,0.04591093581699536,0.04591075265975248,True,1.831572428792616e-07,5.7239932431279064e-15,0.6755938709969149,3.3912418425641706e-05,,3.3912418425641706e-05,5.586974211370179e-05,9.490672371361698e-05,0.00021717799240556656,0.00040604120360895424,0.0007143362768774471,0.0012380631102889687,0.0021078140275922665,3.391241842564239e-05,5.586974211370305e-05,9.490672371361938e-05,0.00021717799240557204,0.0004060412036089635,0.0007143362768774616,0.0012380631102889895,0.0021078140275922934
121,anti,rashba,92,0.8989008060029098,0.2350622384387292,2.7655573157449824,1.2736992077459823,1.0524193675034585,0.0008381674998951675,0.08655195857451915,-1,True,False,True,8.62215400579387,7.740475122435638,83.25952487756442,0.0008381674840617251,1.5833442413085153e-11,1.8890546835883636e-08,True,3.776940723973686e-11,6.7832911203800995e-09,1.0,1.0000000048572617,4.857261667453525e-09,1.8579531278525554,1.8579529447554428,1.8577937027368476,0.00015924201859540688,0.00015942511570798956,-9.98888922903947e-07,-9.989572672753147e-07,False,6.834437136777997e-11,7.318207995381683e-15,1.337817587353122e-09,8.10680386354431e-06,-2.5173489088371555,8.10680386354431e-06,5.225989975658131e-06,3.0067800089852468e-06,1.2692861474848346e-06,6.508194495499445e-07,3.357544543597441e-07,1.3891892348267345e-07,9.97779080300342e-13,8.106803902921177e-06,5.225990000646698e-06,3.0067800228910294e-06,1.2692861524629582e-06,6.508194512839181e-07,3.357544547675907e-07,1.389189236461427e-07,9.977523159881681e-13
122,anti,rashba,43,1.5091870779869645,0.24026642238538445,2.8761664067386086,0.9734203712140992,1.3990038887648937,0.04314904774345468,0.06984039828270373,-1,True,False,True,8.217142108362484,9.242300856365818,32.75769914363417,0.04314904743362647,3.0982821169756036e-10,7.180418291955434e-09,True,7.871717173800089e-10,5.860550712314872e-09,0.9999999999999999,1.0000000061456042,6.145604245747413e-09,2.0710633650036643,2.070888516228849,2.0702103759519677,0.0006781402768814004,0.0008529890516966177,-2.430665976751751e-05,-2.4306918630645488e-05,False,2.5886312797840177e-10,8.60194083439976e-16,5.791466932712702e-09,0.002372430656785456,-18.27894570773092,0.002372430656785456,0.0013818155610678183,0.0007723640430626086,0.00032087184706812975,0.00016186603879996371,8.129136696125707e-05,3.258817163037897e-05,5.908137090538472e-10,0.002372430671365476,0.0013818155694818217,0.0007723640477217845,0.0003208718489600932,0.00016186603974962258,8.129136745677091e-05,3.258817184313585e-05,5.908025461795807e-10
123,node,rashba,75,0.6685463173500559,0.2293401761509646,2.5052925991240618,1.1368730880906972,0.9021022090508768,1.0303977076389959e-07,0.08197146939271165,-1,True,False,True,7.759319970973635,6.8660931278871,67.13390687211292,1.030397613966389e-07,9.367260693968691e-15,9.090917637455139e-08,True,2.3786080546427116e-14,1.5034921288136026e-12,1.0,0.999999999999609,4.22679724392006e-13,1.8186043520035415,1.8186043520035398,1.818602739334152,1.6126693878071308e-06,1.6126693895834876e-06,-0.06758604019922204,0.06758650325819048,True,4.6305896843346073e-07,3.299013746062052e-15,0.6773935183994138,8.991076738976587e-05,,8.991076738976587e-05,0.00014874089101332585,0.00025126544841941475,0.0005691563647530074,0.0010482490242531464,0.001788131775302181,0.002922301944101757,0.004567872829810859,8.991076738973071e-05,0.0001487408910132703,0.00025126544841932904,0.0005691563647528299,0.0010482490242528248,0.0017881317753016047,0.002922301944100695,0.004567872829808928
123,anti,rashba,75,0.6977809502263299,0.2293401761509646,2.5052925991240618,1.1368730880906972,0.9021022090508768,0.0012570687327510392,0.08066639513773807,-1,True,False,True,7.672395828514242,6.839512462741731,67.1604875372583,0.0012570687032882793,2.946275992274372e-11,2.343766824767471e-08,True,7.068013309174249e-11,9.005233781283416e-09,1.0,1.0000000067990733,6.799073234168089e-09,1.7775346195691828,1.7775339520381905,1.777254784755968,0.00027916728222265874,0.00027983481321491865,-5.209484413501171e-06,-5.209649237610663e-06,False,1.6482410949245372e-10,5.293240004525862e-15,1.7466266677459788e-08,2.0717060572182193e-05,-3.6432949055041024,2.0717060572182193e-05,1.3963300060402596e-05,8.150137838472556e-06,3.4689523876840498e-06,1.7875928133219724e-06,9.23583120405029e-07,3.8033496925215805e-07,2.713872785450852e-11,2.0717060713039005e-05,1.3963300153360125e-05,8.150137890399023e-06,3.468952405638346e-06,1.7875928192160209e-06,9.235831219225288e-07,3.803349700580981e-07,2.7138387912751583e-11
124,node,rashba,82,1.109668117562121,0.29631290186997084,2.079764013366405,0.8855095654912327,0.9698482009688071,3.779950675288222e-08,0.10437832457073623,-1,True,False,True,7.083521842554224,6.150552436523224,74.84944756347679,3.779950672813318e-08,2.4749038786794675e-17,6.547450195208581e-10,True,1.0149994499325595e-15,1.9619829521649673e-13,1.0,1.000000000000192,1.8890865422854018e-13,1.9679392090840429,1.9679392090840393,1.967937309840137,1.899243902592218e-06,1.8992439061449318e-06,-0.03134592496668672,0.031346036455521996,True,1.1148883527489772e-07,4.909630891214531e-15,0.679257498858074,1.764062164486788e-05,,1.764062164486788e-05,2.897512013397861e-05,4.932582296901484e-05,0.00011260560397592054,0.00020897111024351293,0.0003616186585869202,0.0006064541439269374,0.0009825670120171537,1.7640621644871268e-05,2.8975120133984045e-05,4.9325822969023745e-05,0.00011260560397593952,0.00020897111024354662,0.00036161865858697843,0.000606454143927041,0.0009825670120173393
124,anti,rashba,82,1.1403120844908043,0.29631290186997084,2.079764013366405,0.8855095654912327,0.9698482009688071,0.0006112359193770796,0.10304572956080091,-1,True,False,True,7.062178971330221,6.148237098184407,74.85176290181563,0.0006112359295223338,1.0145254211377241e-11,1.6597935248498542e-08,True,2.813116249752342e-11,5.555209279361197e-09,1.0,0.9999999962090893,3.790910703795956e-09,1.9302728969189769,1.9302728060405308,1.9301050615639177,0.00016774447661305203,0.0001678353550591538,-2.7682113558119732e-06,-2.7682669904213054e-06,False,5.5634609332215235e-11,1.5901280010068175e-14,2.1632751897498246e-08,4.319891807161972e-06,-1.6105490250229066,4.319891807161972e-06,2.6850592662165937e-06,1.5291958525754982e-06,6.437839224873166e-07,3.301706071123987e-07,1.7006804736630442e-07,7.00186564039122e-08,7.66299411044624e-12,4.319891790785648e-06,2.6850592562448606e-06,1.529195847131139e-06,6.437839206158915e-07,3.301706065093494e-07,1.700680472434665e-07,7.001865635330358e-08,7.663038489972573e-12
125,node,rashba,56,0.9713319412291018,0.1616988598682098,2.3371016704241794,0.9400969333531881,1.007369239939362,8.596214556685991e-07,0.05445875994017307,-1,True,False,True,11.870528613421172,12.21238043637174,42.78761956362825,8.59621540231381e-07,8.456278191211768e-14,9.837211641762265e-08,True,3.5776330983831366e-13,1.52468741060635e-12,1.0,1.0000000000001632,1.7518318805387092e-13,1.9840441443425174,1.9840441443423575,1.984037314264912,6.830077445840743e-06,6.830077605712859e-06,-0.5059989139436971,0.5060012431347938,True,2.3291910966616314e-06,5.909156482181464e-16,0.6796018251424187,0.006727544913590337,,0.006727544913590337,0.010974946907273374,0.01854901409523519,0.04152630920656756,0.07444322088375294,0.12046890003280446,0.18127881205108973,0.25603490091220105,0.0067275449135914345,0.010974946907274947,0.018549014095237498,0.04152630920657239,0.07444322088376189,0.12046890003282051,0.18127881205111745,0.2560349009122459
125,anti,rashba,56,1.0171771982606714,0.1616988598682098,2.3371016704241794,0.9400969333531881,1.007369239939362,0.015431017489536349,0.05339188626445814,-1,True,False,True,9.812898718812079,10.432344044319684,44.56765595568039,0.01543101734418897,1.4534737823035382e-10,9.41917007928432e-09,True,5.740494240663738e-10,6.488219447641195e-09,0.9999999999999998,1.0000000067974215,6.797421621696835e-09,1.9293700632545372,1.9293121510819402,1.928763072730078,0.0005490783518622422,0.0006069905244592277,-9.551543398183334e-06,-9.55207267450131e-06,False,5.292763179771606e-10,6.75362670693094e-16,1.5871604873072817e-09,0.0010264510337910852,-19.977109243586415,0.0010264510337910852,0.0006382346056116753,0.00036321024838669043,0.00015216216690475582,7.717216990344014e-05,3.89828941387606e-05,1.5698492277107913e-05,9.123198128736976e-11,0.0010264510407683057,0.0006382346099155628,0.0003632102508066666,0.0001521621678746118,7.717217037097445e-05,3.898289437552133e-05,1.569849238299919e-05,9.122929176866378e-11
126,node,rashba,88,0.5577218574063327,0.25478865082622065,2.966344514054456,0.9371017118362187,0.9472053344673534,7.673409636220736e-08,0.04996176077227939,-1,True,False,True,11.111895528260174,10.341491918444863,76.65850808155523,7.673410406365381e-08,7.701446445215235e-15,1.0036537615380465e-07,True,2.5260975963155177e-14,8.155575674402302e-13,0.9999999999999998,1.000000000000199,2.402170862934763e-13,1.3412321679329713,1.341232167932965,1.3412324125407153,2.446077500550814e-07,2.4460774383783246e-07,-0.14610510655200504,0.14610649270636217,True,1.3861543571302981e-06,1.3224832195498248e-15,0.6750836434740054,0.00035932756371831714,,0.00035932756371831714,0.0006235544925104282,0.001031854974041698,0.0023077779751971574,0.004283146411100889,0.007478419512996952,0.01279104849548341,0.02134670216057275,0.00035932756371838864,0.0006235544925105557,0.0010318549740418992,0.0023077779751975855,0.004283146411101682,0.00747841951299839,0.012791048495486106,0.02134670216057788
126,anti,rashba,88,0.5782777921507346,0.25478865082622065,2.966344514054456,0.9371017118362187,0.9472053344673534,0.0019129418821943176,0.0489327646246373,-1,True,False,True,10.7409189083615,10.180475178829957,76.81952482116995,0.0019129418096152605,7.257905713063673e-11,3.7941067528607805e-08,True,2.490458641248554e-10,1.7139862321610362e-08,0.9999999999999999,1.000000014402327,1.4402327119522313e-08,1.306259026568224,1.3062552600932946,1.3058698059718272,0.00038545412146717695,0.0003892205963964557,-5.3381899057720656e-06,-5.339027256325706e-06,False,8.373505536404496e-10,2.1582953099459197e-15,4.291507179060017e-09,7.545630315745136e-05,-11.250713201869283,7.545630315745136e-05,6.9380792553234e-05,4.57094857929011e-05,2.0442023356496362e-05,1.0650829708297071e-05,5.5624100334165155e-06,2.3221328830092417e-06,2.8496271470091218e-11,7.545630424419772e-05,6.938079353645767e-05,4.57094864173377e-05,2.0442023589807047e-05,1.0650829787810344e-05,5.562410051906864e-06,2.3221328926376477e-06,2.849453543220829e-11
127,node,rashba,96,1.1940890307561869,0.1742405218650438,2.3455842050609084,0.9622148931468384,1.086579396132093,3.1089668441633475e-07,0.06024838263243083,-1,True,False,True,13.6078453465562,12.875280030506698,82.12471996949334,3.108966679308744e-07,1.6485460368737112e-14,5.302552646930368e-08,True,7.249452762581145e-14,9.462635658352238e-13,1.0,0.9999999999999158,8.812860079434351e-14,2.0079591266725227,2.007959126672504,2.0079577794591046,1.347213399505165e-06,1.3472134181569118e-06,-0.1966198824704008,0.19662077380560597,True,8.913352051720391e-07,1.2859541708604737e-15,0.6748400723714679,0.0005967367270505753,,0.0005967367270505753,0.0009758211625932053,0.0016649485211788957,0.0038251253237827692,0.007173856586878937,0.012694798390955851,0.022270676751802915,0.03865937818267422,0.0005967367270505251,0.000975821162593133,0.0016649485211787881,0.0038251253237825424,0.007173856586878514,0.012694798390955064,0.022270676751801312,0.03865937818267081
127,anti,rashba,96,1.2236049989131972,0.1742405218650438,2.3455842050609084,0.9622148931468384,1.086579396132093,0.003709043356220872,0.059662070596911594,-1,True,False,True,12.878530076557105,12.49861773727545,82.5013822627246,0.0037090431371498457,2.1907102607660045e-10,5.906402407218312e-08,True,9.846586874967022e-10,2.872169668482648e-08,1.0,1.0000000263635656,2.636356548485527e-08,1.9757084248671504,1.9757058727008365,1.97553047630894,0.0001753963918966761,0.0001779485582105167,-1.35407258176523e-05,-1.3540966091463156e-05,False,2.402738108556326e-10,2.961212720852366e-15,1.628197548499598e-08,0.00011730203837839207,-10.620101140082234,0.00011730203837839207,7.123943451776284e-05,4.026092329392681e-05,1.6819138623655787e-05,8.545004383726008e-06,4.352573410070871e-06,1.7764709760119123e-06,1.8335125566883932e-10,0.00011730204147089204,7.123943638569125e-05,4.0260924338236334e-05,1.6819139037249056e-05,8.545004571440786e-06,4.352573491432573e-06,1.7764710082671713e-06,1.833470335964721e-10
128,node,rashba,70,0.8648650746848029,0.11264799562066381,1.9194825670887992,0.9297166219201933,0.8154333997883805,5.4337411897679e-07,0.04507440691032947,-1,True,False,True,12.21388977386089,11.837012294489561,57.16298770551043,5.433741382160292e-07,1.9239239230918438e-14,3.540698490967368e-08,True,1.0300037995895212e-13,7.652874788815309e-13,0.9999999999999999,1.0000000000000842,9.21581332978383e-14,1.9468289779394254,1.9468289779393215,1.9468255145213487,3.4634179728598724e-06,3.4634180767767475e-06,-0.3190557932356099,0.31905801419572355,True,2.2209601136524704e-06,3.866396555501547e-16,0.6770670366658997,0.00214784807505882,,0.00214784807505882,0.0035175696231148183,0.00596186809413957,0.013501014818086042,0.02473717195600439,0.04171775772496057,0.06684336529351856,0.1017965991972043,0.002147848075059001,0.0035175696231150863,0.0059618680941399705,0.013501014818086887,0.024737171956005964,0.041717757724963445,0.06684336529352382,0.10179659919721368
128,anti,rashba,70,0.8943639148021975,0.11264799562066381,1.9194825670887992,0.9297166219201933,0.8154333997883805,0.0060820433130814,0.044435754510488375,-1,True,False,True,10.90493381818818,10.96696406968258,58.03303593031746,0.006082043570579971,2.574985710768196e-10,4.23375102447866e-08,True,1.3673328630504421e-09,2.4453118179431825e-08,0.9999999999999992,0.9999999755303295,2.446967049538477e-08,1.9028623678976349,1.9028480976199065,1.9024742830666643,0.0003738145532423687,0.0003880848309707474,-2.8572649008380495e-05,-2.8573258386080377e-05,False,6.093776998813743e-10,7.725602722382142e-16,3.135691554308424e-08,0.0003719372162255941,-17.85953574902268,0.0003719372162255941,0.00023425684711560023,0.0001338028428994677,5.6179329581962164e-05,2.8585852956109787e-05,1.4524125309616028e-05,5.88471185970034e-06,8.163962713560426e-10,0.00037193720712441297,0.00023425684142583142,0.00013380283969309574,5.6179328313010146e-05,2.8585852371069903e-05,1.4524125034842587e-05,5.884711742402556e-06,8.164124861250061e-10
129,node,rashba,81,0.788043955888451,0.29028102332325556,2.745879690869907,1.0497751901197052,1.0023002074782337,6.58287747170111e-09,0.082628156362815,-1,True,False,True,8.410039470294468,7.527639452567324,72.47236054743273,6.582876686046211e-09,7.85654898414502e-16,1.193482488154952e-07,True,2.9674462015777632e-15,1.9762254569092014e-13,1.0,1.0000000000000242,1.809049783622974e-14,1.6855150024548564,1.6855150024548573,1.6855145804963991,4.21958458396432e-07,4.2195845750825356e-07,-0.07128986683518866,0.07129022873035963,True,3.6189517096940627e-07,3.253826396609916e-15,0.676832287162944,9.270208886582477e-05,,9.270208886582477e-05,0.0001550902262245251,0.0002608445581102126,0.0005905118558582805,0.0010931827174872342,0.0018872678835153472,0.0031532072791590395,0.005082245113378934,9.270208886582702e-05,0.00015509022622452857,0.00026084455811021786,0.0005905118558582895,0.0010931827174872478,0.0018872678835153704,0.003153207279159085,0.005082245113379026
129,anti,rashba,81,0.8165817136695631,0.29028102332325556,2.745879690869907,1.0497751901197052,1.0023002074782337,0.001294447807139843,0.08119109921504014,-1,True,False,True,8.313117044592081,7.497745687974138,72.5022543120258,0.001294447758061503,4.907834013322121e-11,3.7914499033887374e-08,True,1.2028332760533856e-10,1.4684138077500713e-08,0.9999999999999998,1.000000011049517,1.104951705439419e-08,1.6474717000738917,1.6474709688465454,1.6471958423116537,0.0002751265348917009,0.0002758577622379299,6.4195255933534746e-06,6.419363489124779e-06,False,1.62104228695698e-10,5.690824748527522e-15,2.3864874939715417e-08,2.131874758486658e-05,-3.9364473531044957,2.131874758486658e-05,1.551018628814414e-05,9.284365496332021e-06,3.991606772986282e-06,2.06425652141905e-06,1.0724552154179815e-06,4.451729184197205e-07,4.1210308843699e-11,2.1318747820428444e-05,1.5510186455998904e-05,9.284365592410369e-06,3.991606806215248e-06,2.064256531774556e-06,1.072455217544186e-06,4.4517292011259626e-07,4.1211070212159196e-11
130,node,rashba,100,1.1783278951527165,0.1721945967310013,2.8201081584735324,0.8963068981564901,1.2934812565774738,5.748374204280896e-07,0.0476126222939801,-1,True,False,True,19.710159235769314,20.357592175714895,78.64240782428506,5.748374768987133e-07,5.647062367297452e-14,9.823755668327932e-08,True,2.7724954749105134e-13,1.4134141119002382e-12,1.0,1.0000000000001186,1.1688828199823122e-13,2.1150844030682805,2.115084403068245,2.1150831552492373,1.247819007677009e-06,1.2478190432041458e-06,-0.4563409352920775,0.4563419700578764,True,1.0347657989351333e-06,3.84380405501987e-16,0.6740867084198912,0.00308932139770853,,0.00308932139770853,0.0050216580904385065,0.008598914721724823,0.01982024069391243,0.03727519304723409,0.06631647618227418,0.11768958279217293,0.20824704922324808,0.0030893213977088965,0.005021658090439025,0.008598914721725621,0.019820240693914176,0.03727519304723735,0.06631647618228019,0.1176895827921847,0.20824704922327242
130,anti,rashba,100,1.213162833170356,0.1721945967310013,2.8201081584735324,0.8963068981564901,1.2934812565774738,0.010441493919921812,0.04718954135947854,-1,True,False,True,16.780789292305265,18.049272680697374,80.95072731930271,0.01044149405107487,1.3115305889932483e-10,1.2560756143246112e-08,True,6.263722443182657e-10,8.131858171529576e-09,1.0,0.9999999915726479,8.42735220383695e-09,2.08409889919342,2.0840868870100637,2.0839360384819177,0.00015084852814606364,0.00016286071150251047,4.077240515449167e-05,4.077204658961553e-05,False,3.5856487614130406e-10,6.367479392709008e-16,3.3760594823988116e-08,0.0004924051340768534,-22.69183040038217,0.0004924051340768534,0.00028465185193445725,0.00015870103992438468,6.582178259976705e-05,3.3235731767232126e-05,1.6781311124492334e-05,6.788182830326171e-06,1.662389022081954e-09,0.0004924051299271819,0.00028465184954133937,0.00015870103859535594,6.582178205870122e-05,3.323573150393415e-05,1.6781310996540492e-05,6.7881827745896536e-06,1.662382837845035e-09
131,node,rashba,81,0.7478800992823181,0.2807329906608058,2.450049385026184,0.7758728998071054,0.8957923061250118,1.8277716261447674e-07,0.06145328087479349,-1,True,False,True,9.609684977033162,8.774047926429967,71.2259520735702,1.8277715411179757e-07,8.502679169576082e-15,4.651937390838254e-08,True,2.497073109404967e-14,8.363675801228535e-13,1.0,1.000000000000227,2.5935007511336357e-13,1.532266597042896,1.5322665970428746,1.5322674601218147,8.630789398722527e-07,8.630789185559706e-07,0.11877094958928712,0.11876948628126735,True,1.4633080197695714e-06,2.40391141703413e-15,0.676705457151281,0.0002573568663298361,,0.0002573568663298361,0.0004368742466240724,0.0007295042220489665,0.0016419779410813717,0.0030360714811048734,0.005239557993165402,0.008752894829240522,0.014106538466340982,0.00025735686632989447,0.00043687424662417157,0.0007295042220491229,0.0016419779410816984,0.00303607148110546,0.005239557993166452,0.008752894829242477,0.01410653846634464
131,anti,rashba,81,0.7715675219302206,0.2807329906608058,2.450049385026184,0.7758728998071054,0.8957923061250118,0.0017913134493045297,0.060293947680926475,-1,True,False,True,9.37449265584933,8.681185261644094,71.31881473835588,0.0017913135275866886,7.828215896690804e-11,4.370098320721077e-08,True,2.6235000524872085e-10,1.8741749525045875e-08,0.9999999999999998,0.9999999847500186,1.524998137078279e-08,1.4942740097491622,1.4942716492743227,1.4939144822795165,0.0003571669948061462,0.00035952746964573734,9.520988194751563e-06,9.520496901688907e-06,False,4.912930626557732e-10,5.1284732724056476e-15,2.00975301537298e-08,5.568475914315302e-05,-7.920052909510668,5.568475914315302e-05,4.4746341110518366e-05,2.7793685108829172e-05,1.212845291759467e-05,6.291929579922563e-06,3.274325556004139e-06,1.3603215001282495e-06,9.064921620456557e-11,5.568475829396148e-05,4.47463404405335e-05,2.7793684709020473e-05,1.2128452773776679e-05,6.29192953152683e-06,3.2743255431699467e-06,1.3603214914483416e-06,9.064665346578063e-11
132,node,rashba,79,0.6745725905620189,0.1734321613614761,2.5798377379036843,0.7510557076866751,0.9371849504077798,3.552284287517357e-07,0.0371478485446153,-1,True,False,True,15.621735140315018,15.974509081515286,62.02549091848476,3.552284233979232e-07,5.353812509408727e-15,1.5071464094869595e-08,True,2.7567797412610312e-14,1.7641277236108676e-13,1.0,0.9999999999999954,2.2081381526299612e-15,1.6492521222620482,1.6492521222619851,1.6492525178080724,3.9554608743941344e-07,3.9554602437874564e-07,0.4622601534365372,0.46225770502071584,True,2.4484158213655682e-06,6.009029692932369e-16,0.6757746168559109,0.0040026162293342925,,0.0040026162293342925,0.006710363997786933,0.011258216746657274,0.02542257972217364,0.046961527873148584,0.08075135727636758,0.13394032810320144,0.21368444945517096,0.004002616229334274,0.0067103639977868995,0.0112582167466572,0.02542257972217346,0.04696152787314828,0.08075135727636713,0.13394032810320097,0.2136844494551709
132,anti,rashba,79,0.7012534687346381,0.1734321613614761,2.5798377379036843,0.7510557076866751,0.9371849504077798,0.008099532201333944,0.03641395428629492,-1,True,False,True,13.285692157239879,14.133709735501483,63.86629026449854,0.008099532534262172,3.3292822838870695e-10,4.11046243305108e-08,True,1.6066060602491957e-09,2.6768300667078526e-08,0.9999999999999996,0.9999999724508961,2.754910389587985e-08,1.6103008254351456,1.6102654664657736,1.6098701189802473,0.0003953474855262762,0.0004307064548982886,4.560677293440345e-05,4.56056138600086e-05,False,1.1590743948465998e-09,8.258182771647216e-16,4.127320896396796e-08,0.0006379158001287219,-30.038867775511633,0.0006379158001287219,0.0004744911874321005,0.00028582522528723263,0.0001223703070324365,6.246425282046888e-05,3.182365260905006e-05,1.2947785149880109e-05,2.0799777374899626e-09,0.0006379157825547133,0.0004744911744443517,0.00028582521755619997,0.0001223703038901705,6.246425135316863e-05,3.1823651902471034e-05,1.2947784802810619e-05,2.0799292162984355e-09
133,node,rashba,45,0.5967198391646276,0.2539451787953618,2.6565993146391786,0.789166451842032,0.9073461676101846,3.48187736213472e-07,0.051402388306515064,-1,True,False,True,9.60703392715911,9.792890681301682,34.207109318698386,3.4818771596653894e-07,2.024693304656408e-14,5.814947208293056e-08,True,6.666667330272027e-14,3.685046508888162e-13,1.0,1.0000000000000655,8.538800925677891e-14,1.5022073064774046,1.5022073064773211,1.50221024239727,2.935919948932053e-06,2.9359198654432817e-06,0.5348327722077112,0.5348296762483599,True,3.095959351329114e-06,1.494232256472827e-16,0.682735370195221,0.009310459292451891,,0.009310459292451891,0.01579274881226541,0.02603513648748236,0.05651547605698127,0.09826313225719752,0.1518531413765903,0.21551324271985606,0.2860460942273855,0.0093104592924525,0.015792748812266468,0.026035136487483953,0.05651547605698457,0.09826313225720354,0.15185314137660066,0.2155132427198726,0.2860460942274099
133,anti,rashba,45,0.6379658585929119,0.2539451787953618,2.6565993146391786,0.789166451842032,0.9073461676101846,0.014687924758607399,0.04951516080878953,-1,True,False,True,7.90673508117038,8.322539061246536,35.67746093875354,0.014687924831366234,7.275883541491002e-11,4.953649791286681e-09,True,2.3385582943876084e-10,3.496292673985044e-09,1.0,0.9999999964325478,3.5674522592196757e-09,1.435065755584624,1.4348882426126561,1.4335080149914143,0.001380227621242014,0.0015577405932098998,2.383996217936472e-05,2.3838827006156246e-05,False,1.13517320847459e-09,3.3037464700185966e-16,8.906819670451416e-09,0.0014179990856994277,-23.626563582615155,0.0014179990856994277,0.0011901248670824,0.0007533116279598005,0.0003306922269787725,0.00016986938544800412,8.628254937376627e-05,3.4813682078318536e-05,5.683437967136643e-10,0.0014179990806407836,0.0011901248629202937,0.000753311625410859,0.0003306922259674587,0.00016986938496647405,8.628254911153285e-05,3.481368194327333e-05,5.683359042529154e-10
134,node,rashba,61,1.2184376361052405,0.1176948517862143,2.3991149468109807,1.0645315101548394,1.1704914450929107,1.8212611155399893e-06,0.04685651357896535,-1,True,False,True,14.517442143947925,16.153498779123865,43.84650122087615,1.8212610436004405e-06,7.193954879028343e-14,3.9499854346230815e-08,True,3.76088621815171e-13,9.717579160881971e-13,0.9999999999999998,0.9999999999999527,3.730256606528343e-14,2.2294675526764767,2.2294675526762004,2.2294628069851004,4.7456911000942625e-06,4.745691376317751e-06,-0.6208270696429744,0.6208298182987108,True,2.748655736350969e-06,5.214394654144351e-16,0.6782154658867452,0.00931630645295679,,0.00931630645295679,0.015011029863608855,0.02559222421194534,0.05782945943143398,0.1047008519538213,0.17229211234673472,0.2655186413219582,0.3854262504014826,0.00931630645295635,0.01501102986360843,0.025592224211944882,0.05782945943143315,0.10470085195381963,0.1722921123467312,0.26551864132195074,0.3854262504014682
134,anti,rashba,61,1.2711289300590325,0.1176948517862143,2.3991149468109807,1.0645315101548394,1.1704914450929107,0.022612565082066497,0.046253689728647435,-1,True,False,True,11.351349227997659,12.827018877721812,47.1729811222782,0.022612565055577474,2.648902278079568e-11,1.1714293661360653e-09,True,1.1636462823419076e-10,9.077467882749494e-10,1.0,1.0000000009591972,9.591971211522867e-10,2.179071583617004,2.1790228335685784,2.17870606252256,0.00031677104601834927,0.00036552109444398795,7.856629512636407e-05,7.856576942841254e-05,False,5.25697951532858e-10,5.94783125538017e-16,7.614284272161608e-08,0.0013289652536762448,-24.230647705377265,0.0013289652536762448,0.0007394629352163611,0.00040838354623345637,0.000168814161672063,8.509184997004652e-05,4.277726770500145e-05,1.7181322924302113e-05,6.1726627298824366e-09,0.0013289652549509845,0.0007394629359227331,0.00040838354662178506,0.00016881416183016837,8.509185004878558e-05,4.277726774574512e-05,1.7181322943184676e-05,6.172665512499054e-09
135,node,rashba,88,1.3244035395901206,0.1471684987571525,2.203515196172134,0.9017953135412083,1.2262452470497016,9.954667075142706e-07,0.05607253439436202,-1,True,False,True,16.71553770367833,16.89468229146654,70.10531770853349,9.954666189126933e-07,8.860157730616132e-14,8.900506329076923e-08,True,4.791441907178414e-13,2.1457891613285073e-12,0.9999999999999998,0.9999999999998508,1.0655252321785726e-13,2.400266582555929,2.4002665825558847,2.400266350627294,2.3192859055498616e-07,2.3192863496390714e-07,-0.40445766648013004,0.40445888638309624,True,1.2199029661985605e-06,5.735780095083724e-16,0.675410238183818,0.00275230039204893,,0.00275230039204893,0.004420407370681576,0.00761049180796561,0.017529704817271334,0.032729514446898395,0.057248958690610294,0.09798551936183386,0.16358600397455214,0.002752300392048519,0.004420407370681124,0.0076104918079649905,0.01752970481727006,0.032729514446896035,0.05724895869060594,0.09798551936182529,0.1635860039745347
135,anti,rashba,88,1.3645572432711286,0.1471684987571525,2.203515196172134,0.9017953135412083,1.2262452470497016,0.010604553046175934,0.05567133309427812,-1,True,False,True,14.456786695253273,15.206226976805716,71.7937730231943,0.010604552474346593,5.718293408230046e-10,5.39230025379721e-08,True,3.0169238213088847e-09,3.363084960668138e-08,0.9999999999999992,1.0000000347095275,3.47095274821608e-08,2.365069080651333,2.365063390725558,2.3649263028963508,0.00013708782920707208,0.0001427777549820597,3.034195172890719e-08,3.013674379492848e-08,False,2.0520793397871273e-10,1.3307442784464816e-15,2.3287417765423894e-14,0.0004492447595486959,-17.135289182832782,0.0004492447595486959,0.00023410541567145485,0.00012728475200789082,5.231368960438416e-05,2.6342662862479247e-05,1.3253893476847372e-05,5.333608173298272e-06,9.206340346741699e-16,0.00044924477514176925,0.00023410542377948565,0.00012728475640324182,5.2313691386504294e-05,2.6342663737374524e-05,1.3253893906082e-05,5.33360835019268e-06,9.334399064962424e-16
136,node,rashba,50,0.9818572590092488,0.2998240048682226,2.5993503936035984,0.887296829002912,1.073110483169137,7.840240440746183e-07,0.08136047114209642,-1,True,False,True,9.138287371414798,8.730403616031035,40.269596383969,7.840240821005655e-07,3.8025947192238884e-14,4.8500996212585316e-08,True,1.0465856611527973e-13,7.272636807561757e-13,1.0,1.0000000000001392,1.5382793965340731e-13,1.8476429480522816,1.8476429480521297,1.8476350067166185,7.941335510963654e-06,7.941335662842164e-06,-0.3785016341302147,0.37850425089685186,True,2.6167666371534892e-06,8.270223082357582e-16,0.682404667835553,0.00419878391200474,,0.00419878391200474,0.006913678251929204,0.01160496323565901,0.025708413489032477,0.04544736773587389,0.07187058523551053,0.1048832575287895,0.1432634870392429,0.004198783912005325,0.006913678251930112,0.0116049632356604,0.02570841348903541,0.04544736773587923,0.07187058523551965,0.10488325752880419,0.14326348703926495
136,anti,rashba,50,1.0340048432373352,0.2998240048682226,2.5993503936035984,0.887296829002912,1.073110483169137,0.012807097866188593,0.07951675761952265,-1,True,False,True,8.030685635363294,7.957658668181074,41.04234133181895,0.012807098251699046,3.855104534211673e-10,3.010131236983322e-08,True,1.0647766902094403e-09,1.811123065337514e-08,0.9999999999999999,0.999999981742859,1.825714105988728e-08,1.786667753988219,1.786621642394464,1.7858106721104245,0.000810970284039314,0.000857081877794208,-3.93153371328241e-05,-3.9315679878360044e-05,False,3.427455359458764e-10,7.698047105156975e-16,4.387214400977932e-08,0.000704636515381183,-12.171427423599175,0.000704636515381183,0.00047291973118755834,0.00027566109789866976,0.00011700995090074957,5.978328278782569e-05,3.0357410654799354e-05,1.2257600719073282e-05,1.545695733867572e-09,0.0007046365025165347,0.0004729197226817283,0.000275661093065698,0.00011700994903314621,5.978328193122405e-05,3.0357410228036058e-05,1.2257600528339477e-05,1.5457260680867634e-09
137,node,rashba,96,0.694289572078185,0.1156960278045241,2.129118366988721,0.8880019385459321,1.0614165452837216,6.913598603105581e-07,0.04693773635595177,-1,True,False,True,18.050550426405593,18.272965313266937,76.72703468673308,6.913597774584548e-07,8.28521032662937e-14,1.1983933118286129e-07,True,4.065085044284715e-13,2.4951913537012087e-12,0.9999999999999997,1.0000000000002143,1.0409228863586432e-13,2.655724617289204,2.655724617289195,2.655735679278415,1.1061989219740553e-05,1.106198921085877e-05,0.3946137957248308,0.3946128686425792,True,9.270822515783372e-07,6.404383585904817e-16,0.6744601921213266,0.0024050104809031376,,0.0024050104809031376,0.0038376905167368655,0.006640660243869591,0.015375680123996675,0.028877818403246134,0.0511233563133334,0.08969996963794465,0.15572004777635845,0.002405010480903653,0.003837690516737345,0.006640660243870215,0.01537568012399794,0.028877818403248462,0.05112335631333763,0.08969996963795279,0.15572004777637466
137,anti,rashba,96,0.7275525893815256,0.1156960278045241,2.129118366988721,0.8880019385459321,1.0614165452837216,0.008562948850293444,0.04682458578119994,-1,True,False,True,15.669458793433972,16.51478517889136,78.48521482110857,0.008562949011520259,1.6122681488484059e-10,1.882842204287084e-08,True,7.637073408014766e-10,1.1622885979826202e-08,1.0,0.9999999879716747,1.2028325355978253e-08,2.6233936338273764,2.623391976632634,2.6233184199590087,7.355667362540785e-05,7.521386836772948e-05,5.484739315671228e-06,5.484520476661813e-06,False,2.188390094146208e-10,7.285948297096755e-16,7.924354661370078e-10,0.0003954365824091994,-20.087454323731645,0.0003954365824091994,0.00019274922415378812,0.00010327265341406364,4.22013844051941e-05,2.1194817800920937e-05,1.0631556466066314e-05,4.266080645813613e-06,3.0082365360864137e-11,0.00039543657765275954,0.0001927492218384709,0.0001032726521751095,4.220138390169585e-05,2.1194817550765466e-05,1.063155634208845e-05,4.266080595551152e-06,3.008190869686948e-11
138,node,rashba,96,0.7593230212356448,0.26228805222637075,2.6345141070607343,1.1531786441586536,1.1279135814683485,7.915530897858092e-08,0.10517521732742698,-1,True,False,True,8.899565111921142,7.944930913920829,87.05506908607919,7.915530592724856e-08,3.0513323647731293e-15,3.8548676066678056e-08,True,7.710601785273466e-15,7.317098488057733e-13,1.0,0.9999999999997725,2.1074909762208626e-13,2.3317083082173706,2.3317083082173697,2.3317080873360534,2.2088131634845354e-07,2.2088131723663196e-07,-0.04296338506450176,0.04296348531381348,True,1.0024931171997986e-07,3.193675947894724e-15,0.6762816151859795,2.843139502883348e-05,,2.843139502883348e-05,4.5862489556529974e-05,7.897316865723593e-05,0.00018237316363739237,0.00034235961125416814,0.0006060101800095014,0.0010632610381816846,0.0018458524562006524,2.843139502882701e-05,4.5862489556520636e-05,7.897316865722134e-05,0.00018237316363736255,0.00034235961125411604,0.000606010180009409,0.0010632610381815016,0.0018458524562002634
138,anti,rashba,96,0.7928518059522371,0.26228805222637075,2.6345141070607343,1.1531786441586536,1.1279135814683485,0.0009170147242534526,0.1044735301331263,-1,True,False,True,8.854064845589914,7.932306085325308,87.06769391467469,0.0009170147162512881,8.002164577670945e-12,8.726320707866012e-09,True,1.6568379940854705e-11,3.0684214060771947e-09,1.0,1.0000000022131617,2.2131615954296103e-09,2.299407409008471,2.2994073429413504,2.299321619866078,8.572307527243694e-05,8.578914239310009e-05,2.4669188096882854e-06,2.4668716071610253e-06,False,4.720252726013452e-11,9.732378469556024e-15,9.298162218230102e-09,6.81775453619366e-06,-2.015825503570571,6.81775453619366e-06,3.6304946311938925e-06,1.984700853089329e-06,8.191044372644357e-07,4.1472066708035816e-07,2.1058770876767412e-07,8.57556316069148e-08,6.085688413592795e-12,6.817754551282453e-06,3.6304946391667333e-06,1.9847008573875107e-06,8.191044389250583e-07,4.1472066781499253e-07,2.1058770907559598e-07,8.575563173552305e-08,6.085704220274019e-12
139,node,rashba,80,0.8793042994155492,0.1598257479078177,2.9368529146493656,1.1730601587842593,1.0785973040942234,6.800367260542301e-07,0.04806798525815368,-1,True,False,True,14.315367147672163,14.139577505858016,64.86042249414199,6.80036687992792e-07,3.8061438084487076e-14,5.5969680204377425e-08,True,1.5320985730396634e-13,1.3144518243634588e-12,0.9999999999999997,0.9999999999998229,2.0791301403377203e-13,1.706486490430538,1.7064864904303807,1.7064847316923457,1.7587380352068749e-06,1.7587381924144552e-06,-0.35574471002317093,0.3557475783348785,True,2.868311707593385e-06,3.953844138493539e-16,0.6755423042074779,0.0023417167570641438,,0.0023417167570641438,0.003905902213274834,0.006570678296266967,0.01487383468159225,0.027512272171620708,0.0474066272708302,0.07892135487684143,0.12655429870947,0.002341716757063729,0.0039059022132741563,0.006570678296265912,0.014873834681589995,0.02751227217161653,0.04740662727082262,0.07892135487682728,0.12655429870944368
139,anti,rashba,80,0.9104216338241312,0.1598257479078177,2.9368529146493656,1.1730601587842593,1.0785973040942234,0.007171657240428196,0.047269141642106736,-1,True,False,True,12.659096726751173,12.999228426073833,66.00077157392617,0.0071716573062044235,6.577622734676991e-11,9.171691443363323e-09,True,2.6202068904270456e-10,5.4518637127225095e-09,1.0,0.9999999945302176,5.469782436689089e-09,1.6679815143113217,1.6679622587965115,1.6675942045107484,0.00036805428576336396,0.00038730980057355424,-2.2950328382857462e-05,-2.2950967992416135e-05,False,6.396095586729109e-10,6.785326949647558e-16,1.6506880857375264e-08,0.00039886213015650964,-19.03160085957225,0.00039886213015650964,0.0002862793570073441,0.00017033781519787828,7.263333941522919e-05,3.710319678966838e-05,1.8937841408227914e-05,7.715850081934295e-06,5.267175728808353e-10,0.00039886212797482056,0.00028627935545266623,0.000170337814285642,7.263333905024503e-05,3.710319662403182e-05,1.8937841333001156e-05,7.715850048865358e-06,5.267212094164909e-10
140,node,rashba,63,0.9984322997399819,0.1865455301719423,2.245081231353293,1.0562944263927623,1.1182727700389812,8.091091143975202e-07,0.08245583061743826,-1,True,False,True,10.649848948438617,10.1028816777299,51.89711832227012,8.091090737578647e-07,4.0639655498185437e-14,5.022765752484025e-08,True,1.293227271941027e-13,9.90921918267017e-13,1.0,0.9999999999998769,8.701843009872293e-14,2.4542001735957584,2.4542001735957353,2.4542080367957753,7.863200039981422e-06,7.863200016888783e-06,-0.2972414572601169,0.29724250436125804,True,1.0471011411272713e-06,3.7449410740174905e-16,0.6792903740088958,0.002064537395565696,,0.002064537395565696,0.0033047155203720655,0.005667242014917171,0.012865002373924066,0.02337949834538153,0.038711484973498966,0.06020755215672444,0.08835248391411787,0.002064537395565442,0.0033047155203717775,0.0056672420149167626,0.012865002373923228,0.02337949834538001,0.038711484973496274,0.060207552156719794,0.08835248391411019
140,anti,rashba,63,1.049821535878658,0.1865455301719423,2.245081231353293,1.0562944263927623,1.1182727700389812,0.009849641788839819,0.08171557168126664,-1,True,False,True,9.619037034766214,9.445706573058368,52.55429342694169,0.009849641727236862,6.160295711044039e-11,6.254334769843092e-09,True,1.9352439818982685e-10,3.4836593030157513e-09,1.0,1.0000000034997074,3.499707388482503e-09,2.4052956954102687,2.405291450324432,2.405051077129281,0.0002403731951510224,0.0002446182809876518,1.3461802457728723e-05,1.3461671360959214e-05,False,1.3109676950946822e-10,8.040143265622383e-16,7.906442113938208e-09,0.00036381850214097444,-9.473602928795726,0.00036381850214097444,0.00018739944372914974,0.00010165799365702909,4.1799926937502806e-05,2.1082070938408565e-05,1.0615929494970518e-05,4.269469661948604e-06,1.812201254111046e-10,0.00036381850341423274,0.00018739944438197386,0.00010165799400902546,4.179992707876086e-05,2.108207100726123e-05,1.0615929529169569e-05,4.2694696765699414e-06,1.8122070445003013e-10
141,node,rashba,52,0.8145830851376283,0.271193559369747,2.7753864101834727,1.174331859482637,1.0251437715718428,5.124630274038119e-07,0.08892409962648791,-1,True,False,True,7.891378928520633,7.171692509147426,43.828307490852524,5.124630128512471e-07,1.4552564852662452e-14,2.8397297120900948e-08,True,3.145475277917687e-14,4.42642506824085e-13,1.0,1.0000000000000715,8.516923880249275e-14,1.7779437848852266,1.7779437848851432,1.777940717318427,3.067566716197234e-06,3.0675667996860057e-06,0.2331130881244096,0.2331107517963943,True,2.336328015301037e-06,3.956827976915421e-16,0.6814127762264911,0.0015336268363996181,,0.0015336268363996181,0.002538541731860292,0.004252474697357532,0.00942700341400345,0.016738300352646725,0.02667974814653061,0.03934170143695067,0.05434171185489873,0.0015336268363997279,0.002538541731860465,0.0042524746973577904,0.009427003414003973,0.01673830035264768,0.0266797481465323,0.03934170143695357,0.05434171185490336
141,anti,rashba,52,0.8611404635281636,0.271193559369747,2.7753864101834727,1.174331859482637,1.0251437715718428,0.006948565615346642,0.08671493443078124,-1,True,False,True,7.3490472127794195,6.876309746397192,44.12369025360283,0.006948565831267261,2.1592061905800763e-10,3.107412824614106e-08,True,4.944964144487145e-10,1.6005431000353046e-08,1.0,0.9999999850540026,1.494599746239485e-08,1.719278436147273,1.7192608254289867,1.718495965180405,0.0007648602485819112,0.0007824709668682317,-6.9097234452193505e-06,-6.910031487977752e-06,False,3.0804275840108593e-10,1.1193864750451507e-15,3.1633595430116283e-09,0.0002902481306797874,-8.062354579041129,0.0002902481306797874,0.00020256361153610944,0.00011966447806624817,5.123422983058886e-05,2.636009029587888e-05,1.3479346809778696e-05,5.470781595986979e-06,4.7744278089404404e-11,0.0002902481263417396,0.00020256360857102604,0.00011966447638150087,5.123422921131477e-05,2.6360090035245567e-05,1.3479346684166102e-05,5.470781531642694e-06,4.774753877804141e-11
142,node,rashba,53,0.9199525054196521,0.14965611745633284,2.195349909706556,0.8124679562596813,1.10474489090041,7.176315841765164e-07,0.05203123215548946,-1,True,False,True,12.907848167969656,14.47407724645393,37.52592275354617,7.176315944945228e-07,1.0318006380222948e-14,1.4377859904344761e-08,True,4.4165684811071685e-14,1.125919525366966e-13,1.0,0.999999999999981,1.5134934192149666e-14,2.443338165915044,2.443338165915012,2.4433554212519963,1.72553369841566e-05,1.7255336952182176e-05,0.6689285990013341,0.6689277537949598,True,8.452063742225846e-07,1.402421009255934e-16,0.6803489672517827,0.012409432708756215,,0.012409432708756215,0.019819100643882297,0.03385368247277359,0.07604879236768713,0.13566092745499359,0.2172346394708197,0.32208582645772316,0.4474654705618878,0.012409432708755979,0.019819100643882,0.03385368247277313,0.07604879236768619,0.13566092745499192,0.21723463947081692,0.32208582645771877,0.447465470561881
142,anti,rashba,53,0.9798326848118584,0.14965611745633284,2.195349909706556,0.8124679562596813,1.10474489090041,0.02797237217923449,0.051421481666770116,-1,True,False,True,9.987190830115562,11.282835384473566,40.71716461552648,0.02797237253631324,3.570787485140947e-10,1.276540817582768e-08,True,1.2637267121469065e-09,1.0102032980201502e-08,0.9999999999999999,0.9999999892782103,1.072178968549289e-08,2.3854392713298225,2.3853844537986006,2.385080028084108,0.00030442571449285083,0.0003592432457146799,4.391527806907368e-05,4.391490279059828e-05,False,3.7527847540267225e-10,3.588770552806244e-16,2.0800084878977972e-08,0.0017494047333424486,-23.79271703765139,0.0017494047333424486,0.0009065292830736654,0.0004922986301767844,0.00020222019273015917,0.00010170401511829399,5.101627309136245e-05,2.044776158865879e-05,1.928551647883848e-09,0.001749404714585699,0.00090652927339467,0.0004922986249391044,0.00020222019060004342,0.0001017040140518945,5.101627254397912e-05,2.0447761350043315e-05,1.9285349375734833e-09
143,anti,rashba,60,0.5885455768542057,0.10256687697114933,2.451293107448577,0.8135867111831598,0.8209249458368834,0.013708107196756629,0.021833579911122853,-1,True,False,True,11.398299700212387,13.25519287018898,45.74480712981125,0.01370810704244352,1.5431310916580454e-10,1.1257069043223954e-08,True,7.966299070489915e-10,9.364111833383504e-09,0.9999999999999997,1.0000000096042618,9.604261831004657e-09,1.391218092989571,1.3910005920846311,1.3902829410285062,0.0007176510561248683,0.0009351519610647507,3.8415043033354634e-05,3.8412317250602346e-05,False,2.72578275228863e-09,5.232740530935668e-16,1.4079938592640154e-08,0.0017468299802882573,-58.638304163093764,0.0017468299802882573,0.0015085193329981215,0.0009645129933911724,0.00042259981172720955,0.00021570681810307896,0.00010911827681117994,4.396978050009264e-05,1.4757155312544633e-09,0.0017468299970652698,0.0015085193473397256,0.0009645130024310036,0.0004225998155277634,0.00021570681998433737,0.00010911827782651415,4.396978101970666e-05,1.475757969372455e-09
144,node,rashba,49,0.9945257947573514,0.20222633293232128,2.225365372978005,1.098481425155326,1.0754593308193743,8.77296791831133e-07,0.0924929196823422,-1,True,False,True,8.735198027760276,8.209714629087758,39.790285370912265,8.772967195877292e-07,7.224340386066078e-14,8.234773514886692e-08,True,1.9793798302039884e-13,1.2990329015450076e-12,1.0,0.9999999999997964,1.576061228330619e-13,2.387339648755175,2.3873396487551384,2.3873506936658693,1.1044910730895197e-05,1.1044910694479881e-05,-0.32963336096237217,0.3296347284257768,True,1.3674634046223488e-06,5.279972679332937e-16,0.6827280015527873,0.0032480187051579542,,0.0032480187051579542,0.0051993333331761555,0.008859399103372361,0.0197869133208135,0.03495769887457916,0.05508592945320012,0.07998388265210864,0.10865815265934957,0.003248018705157293,0.005199333333175361,0.008859399103371208,0.019786913320811107,0.03495769887457485,0.05508592945319286,0.07998388265209709,0.10865815265933244
144,anti,rashba,49,1.0568362342285942,0.20222633293232128,2.225365372978005,1.098481425155326,1.0754593308193743,0.01329832170713812,0.09131143744062499,-1,True,False,True,7.756294267119381,7.546495955820435,40.45350404417959,0.013298321552077066,1.5506105427443018e-10,1.166019725565808e-08,True,4.2972566013987146e-10,6.754388849249793e-09,1.0,1.0000000069325807,6.93258083517097e-09,2.324845374428792,2.324834655497628,2.3243958291660625,0.000438826331565334,0.00044954526272933393,1.4423566661916562e-05,1.4423429334567415e-05,False,1.3732734914676068e-10,5.711445527352021e-16,7.674806186957007e-09,0.000553199571622885,-8.78643973560491,0.000553199571622885,0.00029239694292237863,0.00015961734520637957,6.586001848975845e-05,3.326930885361952e-05,1.675447679142322e-05,6.732226963989959e-06,2.080392752504731e-10,0.0005531995754579857,0.00029239694493416384,0.00015961734629379534,6.586001892317478e-05,3.3269309065023556e-05,1.6754476898443454e-05,6.732227010690953e-06,2.0804114555334624e-10
145,node,rashba,86,0.7458849232856424,0.2980730228717845,2.6144373600281994,1.007167282282913,1.1891968389886762,3.958183536060542e-08,0.10761143134613085,-1,True,False,True,9.610715182007679,8.67653371115408,76.32346628884598,3.958183236828375e-08,2.9923216704505107e-15,7.559835574043837e-08,True,6.492365324740847e-15,2.5165723371270336e-13,1.0,0.9999999999999523,5.823867034901995e-14,2.4552342249847623,2.4552342249847623,2.4552368302244427,2.6052396804310263e-06,2.6052396804310263e-06,0.09294122692869086,0.0929411115571026,True,1.1537158826901983e-07,2.0388518363812422e-15,0.6776823021445691,0.00014821501673878404,,0.00014821501673878404,0.00023809579522760492,0.00041048520847518973,0.0009453993255084771,0.0017626464222575116,0.0030730857715626065,0.005225446675190052,0.008638071663010415,0.00014821501673877697,0.00023809579522759153,0.00041048520847516566,0.0009453993255084223,0.0017626464222574116,0.0030730857715624347,0.0052254466751897564,0.008638071663009911
145,anti,rashba,86,0.7862844937716684,0.2980730228717845,2.6144373600281994,1.007167282282913,1.1891968389886762,0.0023923421737150913,0.10682129259609345,-1,True,False,True,9.445470020722148,8.613614822192988,76.38638517780706,0.002392342133148872,4.0566219220578015e-11,1.695669610571733e-08,True,8.487489787433721e-11,6.795821956689689e-09,1.0,1.0000000055401181,5.5401181116372615e-09,2.4192167154440654,2.4192164072452425,2.419111588680509,0.00010481856473365525,0.00010512676355656225,7.0081310151232e-06,7.008072052359925e-06,False,5.896276327516152e-11,3.7910507848916505e-15,1.739823621296931e-08,3.282469885194479e-05,-3.6274395027054673,3.282469885194479e-05,1.6834248238143374e-05,9.122914745871552e-06,3.7504190297693046e-06,1.89361237956904e-06,9.569868180376533e-07,3.871056293879723e-07,4.9113900325110016e-11,3.28246990337975e-05,1.683424833090408e-05,9.122914795720039e-06,3.7504190494955343e-06,1.8936123888464388e-06,9.56986822375293e-07,3.8710563124339657e-07,4.911407626603544e-11
146,node,rashba,73,0.8895568066245225,0.25170422606376447,2.765300146180531,0.9361396202682228,1.0343066004181738,2.084329458596572e-07,0.061390847455519176,-1,True,False,True,11.11572182806848,10.473762244033086,61.52623775596698,2.0843297424874397e-07,2.8389086777003676e-14,1.3620249265257094e-07,True,9.29930534716942e-14,1.266137790490359e-12,0.9999999999999997,1.0000000000002476,2.8976742695504876e-13,1.6130951454077929,1.6130951454077724,1.613094476182178,6.692255944962255e-07,6.692256149243292e-07,-0.24599312086275285,0.2459944766485894,True,1.3557858365431663e-06,7.839279467275029e-16,0.6770711239729844,0.001224302601554813,,0.001224302601554813,0.00205962826221119,0.003446488323982739,0.007745478108515904,0.01421454797211948,0.024129137949046395,0.039121090914917014,0.06051261551179693,0.001224302601555116,0.002059628262211697,0.0034464883239835324,0.007745478108517594,0.01421454797212258,0.024129137949051936,0.03912109091492698,0.060512615511814465
146,anti,rashba,73,0.9209220025072441,0.25170422606376447,2.765300146180531,0.9361396202682228,1.0343066004181738,0.004941343855139538,0.06014737763158671,-1,True,False,True,10.33733416063962,10.040107689821005,61.959892310178894,0.00494134377532984,7.98096979129359e-11,1.615141553646891e-08,True,2.6900514211514937e-10,8.388184543896273e-09,0.9999999999999999,1.0000000078552105,7.855210491735686e-09,1.5710075357622593,1.5709958287290942,1.5705316744470244,0.00046415428206980636,0.0004758613152349156,4.906648636167181e-06,4.906125505854675e-06,False,5.231303125061149e-10,2.1473122651506328e-15,1.4277555510473216e-09,0.0002309900119263973,-12.620386161048096,0.0002309900119263973,0.00017635076012375637,0.00010735698073091208,4.6361211607881485e-05,2.3880186441428223e-05,1.2290502624991094e-05,5.038731310416843e-06,2.4075200838875134e-11,0.00023099001374087246,0.00017635076149158068,0.00010735698154228722,4.6361211919563046e-05,2.3880186571014506e-05,1.2290502680025815e-05,5.0387313386161924e-06,2.4076275331187066e-11
147,node,rashba,58,0.8053093723975312,0.1294980266476209,1.8843375317550513,0.795086464892548,1.062810667460696,1.0025452458204686e-06,0.05371858569463954,-1,True,False,True,13.396096628067916,14.515901190124621,42.48409880987523,1.0025452068347448e-06,3.898572371878364e-14,3.8886747387523924e-08,True,1.8279036934523744e-13,5.223844357078245e-13,0.9999999999999998,1.0000000000000884,3.954542562586858e-14,2.7687421662617666,2.7687421662617746,2.7689783610069516,0.00023619474517699857,0.00023619474518499217,0.5923958321023258,0.5923948588182112,True,9.732841146359306e-07,1.0391537838412064e-15,0.6795131485711918,0.008904266102010996,,0.008904266102010996,0.014131203660977322,0.02429343432996877,0.05500940984216727,0.09916916417035634,0.16167610153236572,0.24571514681889498,0.350932821892207,0.008904266102011784,0.014131203660978042,0.024293434329969735,0.055009409842169205,0.09916916417035984,0.16167610153237155,0.24571514681890422,0.35093282189222086
147,anti,rashba,58,0.8606988342426624,0.1294980266476209,1.8843375317550513,0.795086464892548,1.062810667460696,0.022402757248455744,0.05338172531578288,-1,True,False,True,10.641543118704057,11.775745482117344,45.22425451788268,0.022402757696641046,4.481853013715842e-10,2.000580983854022e-08,True,1.8168610553991772e-09,1.4821591202610192e-08,1.0,0.9999999838507723,1.614922776682439e-08,2.7156057371779996,2.715606018692114,2.715477964542064,0.0001280541500499055,0.00012777263593566346,6.377498848596209e-05,6.37746506645942e-05,False,3.378213678847247e-10,3.9849875341824834e-16,5.447410689072786e-08,0.0012873085848947245,-21.043319620706743,0.0012873085848947245,0.0006169915502386256,0.00032943135215581377,0.00013445074052638234,6.747839492516144e-05,3.3800744332007815e-05,1.35377769696467e-05,4.067249156384567e-09,0.001287308564105685,0.0006169915402992284,0.00032943134685538245,0.0001344507383698696,6.747839384489845e-05,3.380074378653771e-05,1.3537776742074278e-05,4.067236171548372e-09
148,node,rashba,73,0.8827478446548309,0.2781755313672133,2.5792698331138157,1.125030980508276,1.0320565604894891,2.8284907892677185e-08,0.100160451001163,-1,True,False,True,7.711386155566132,6.802307908864728,65.1976920911353,2.828491397396494e-08,6.081287755392263e-15,2.1500115108971866e-07,True,1.1715433933691615e-14,5.803475734506905e-13,1.0,1.000000000000003,7.339012686781029e-15,1.9526147199310495,1.9526147199310486,1.9526127021759345,2.0177551141031813e-06,2.0177551149913597e-06,-0.07373271513965686,0.07373295286515875,True,2.3772550189482544e-07,2.838175329670147e-15,0.6784281861802793,0.0001097725392312978,,0.0001097725392312978,0.00018004192878983224,0.0003056052289792479,0.0006937092988289375,0.0012756722470520523,0.0021668128045964096,0.0035140602662495435,0.005436513281865785,0.00010977253923129814,0.00018004192878983143,0.0003056052289792445,0.0006937092988289293,0.0012756722470520401,0.002166812804596398,0.003514060266249544,0.0054365132818658245
148,anti,rashba,73,0.9189049763514718,0.2781755313672133,2.5792698331138157,1.125030980508276,1.0320565604894891,0.0016967653005870067,0.09871439984691625,-1,True,False,True,7.614445960614521,6.770764248804334,65.2292357511957,0.0016967652279235418,7.266346487184994e-11,4.28246999433048e-08,True,1.6171459875899607e-10,1.6591741564484482e-08,0.9999999999999998,1.0000000128020294,1.2802029452896268e-08,1.9104060868599397,1.9104054052934023,1.9101451042931064,0.0002603010002957262,0.0002609825668331567,-3.2356533945297576e-06,-3.235750101020229e-06,False,9.67064904713805e-11,8.616466312822118e-15,5.7336734886724865e-09,2.5013137415940625e-05,-3.215242085689266,2.5013137415940625e-05,1.570481952425808e-05,8.970830120869595e-06,3.7820299509025436e-06,1.9399129832960067e-06,9.969324935343102e-07,4.0845988234818935e-07,1.04694528895319e-11,2.5013137736159547e-05,1.570481972174145e-05,8.970830229697145e-06,3.782029989795485e-06,1.9399129976884187e-06,9.969324985288642e-07,4.0845988482593896e-07,1.0469081280941665e-11
149,node,rashba,50,0.5353340964496975,0.2726425301225539,2.3598141329737867,0.8002844553759857,0.8156158781334105,1.016167473927001e-07,0.0661870924172569,-1,True,False,True,8.028750828594958,7.399622949874826,41.60037705012513,1.0161675777630507e-07,1.0383604965937065e-14,1.0218399262288331e-07,True,2.7006507134864425e-14,3.4315573913851e-13,1.0,1.000000000000073,8.917672472776059e-14,1.6011789697978438,1.601178969797834,1.6011780563717113,9.134261227394802e-07,9.134261325094428e-07,-0.2803367612972191,0.28033865315717477,True,1.8918599556938531e-06,4.755248318325155e-16,0.6820702392128128,0.0023044166191832187,,0.0023044166191832187,0.0038738909020738536,0.006434418297580489,0.014140458082534984,0.024954961696311187,0.03944185686229981,0.05754414344394414,0.07858869973461396,0.002304416619183387,0.0038738909020741338,0.006434418297580912,0.014140458082535855,0.02495496169631277,0.039441856862302574,0.05754414344394869,0.07858869973462097
149,anti,rashba,50,0.5709130952494718,0.2726425301225539,2.3598141329737867,0.8002844553759857,0.8156158781334105,0.006402187138875901,0.0641907779356995,-1,True,False,True,7.356760275306598,7.00847007534419,41.991529924655794,0.00640218688189588,2.5698002146384846e-10,4.013941109334225e-08,True,7.251752013473014e-10,2.187592414365776e-08,0.9999999999999999,1.0000000206756001,2.0675600031121725e-08,1.5403696539340723,1.5403364923647533,1.5393275212548034,0.0010089711099499077,0.0010421326792688923,-1.2305285908547486e-05,-1.2306012719259794e-05,False,7.268107123075952e-10,1.837431215295387e-15,7.188337763041805e-09,0.0004212936739550832,-12.806422625753159,0.0004212936739550832,0.0003290182409242478,0.00020242899473778007,8.822273911502858e-05,4.560471323337117e-05,2.3363960972599482e-05,9.487019372424139e-06,1.5142006129104777e-10,0.0004212936826655827,0.0003290182475644192,0.00020242899863944956,8.822274054182538e-05,4.560471382488286e-05,2.3363961263020185e-05,9.487019526314904e-06,1.5140855974973378e-10
150,node,rashba,56,0.8228817205694792,0.17759551027764758,2.7150030764870308,1.082825202765176,1.042001532113063,5.6051611757546315e-08,0.05700623640596135,-1,True,False,True,11.547066944875683,11.726601560976217,43.27339843902376,5.6051611415419735e-08,3.4212657988547685e-16,6.1037777355156215e-09,True,3.867088614346931e-15,3.069009902267191e-14,1.0,1.0000000000000018,1.9320033299434166e-15,1.8738050565256836,1.8738050565256836,1.8738007969201322,4.259605551393264e-06,4.259605551393264e-06,0.47943658943319145,0.47943500602739353,True,1.583405797922488e-06,8.264105673487326e-16,0.679443436573012,0.006041169426182411,,0.006041169426182411,0.009925488218758818,0.01670919311315081,0.03731121525315503,0.06685214440540017,0.10816643230499354,0.16275393433304186,0.2298594432873306,0.006041169426182422,0.00992548821875883,0.016709193113150816,0.03731121525315505,0.06685214440540017,0.10816643230499356,0.16275393433304203,0.22985944328733104
150,anti,rashba,56,0.8684337768056628,0.17759551027764758,2.7150030764870308,1.082825202765176,1.042001532113063,0.014440648724899446,0.0559078995908732,-1,True,False,True,9.660976320492694,10.16112439054184,44.83887560945822,0.014440648392717715,3.3218173177418375e-10,2.3003241620400043e-08,True,1.0906646041874102e-09,1.5477273761726493e-08,1.0,1.0000000160870561,1.6087056111274598e-08,1.8191921172049108,1.8191314180267257,1.8185137357909056,0.0006176822358199274,0.0006783814140050026,4.9247137131743337e-05,4.924661243035921e-05,False,5.247013841277082e-10,6.952340445046234e-16,4.61278214185207e-08,0.0009388819871650029,-18.689712912749354,0.0009388819871650029,0.0006182972356419674,0.00035795096154256736,0.00015108135790679303,7.68644782195658e-05,3.893504889395509e-05,1.5715492270322732e-05,2.425280515672752e-09,0.0009388820022688501,0.0006182972454955033,0.0003579509671622126,0.00015108136015166913,7.686447929433477e-05,3.893504944891818e-05,1.5715492544132522e-05,2.425315791083815e-09
151,node,rashba,78,0.9158464740273505,0.10527090562825388,2.093560229427442,0.8082749222172411,0.9885135033445083,5.660616339372401e-07,0.036562082430545435,-1,True,False,True,17.542534207371137,19.07177125541518,57.928228744584835,5.660615821704552e-07,5.176678491319625e-14,9.145079229823885e-08,True,3.4093869417172864e-13,1.1293168352941572e-12,1.0,0.9999999999999388,5.199648455873664e-14,2.2269079329990644,2.2269079329990236,2.226906066734042,1.8662649816647559e-06,1.8662650225209632e-06,-0.5771390003960553,0.5771400686628579,True,1.0682668026840147e-06,5.943112188005782e-16,0.6758049254703988,0.006318949585331447,,0.006318949585331447,0.010201562746693512,0.017463433343868667,0.0399416410534712,0.07390317253247548,0.12692313020251655,0.20981791533652575,0.3330894257781579,0.0063189495853310605,0.01020156274669307,0.017463433343868094,0.03994164105347005,0.07390317253247333,0.1269231302025124,0.20981791533651722,0.3330894257781406
151,anti,rashba,78,0.9508367884412755,0.10527090562825388,2.093560229427442,0.8082749222172411,0.9885135033445083,0.013678913158763076,0.036089054180689945,-1,True,False,True,14.08550137765749,15.760729415489381,61.23927058451062,0.01367891324932405,9.056097365067739e-11,6.620480194558558e-09,True,5.207363723704582e-10,4.853427305135252e-09,0.9999999999999999,0.9999999948759865,5.12401358612467e-09,2.1873118134495115,2.187284843694452,2.187077732016164,0.0002071116782880189,0.00023408143334746612,1.3935697157982894e-05,1.393507774449798e-05,False,6.194134849149834e-10,6.772241516431315e-16,2.6819882592243555e-09,0.0009283375658829664,-31.578714632447827,0.0009283375658829664,0.0005146938935831072,0.00028396300102594255,0.00011730838827406312,5.912340369761853e-05,2.974416619481496e-05,1.1960322127155497e-05,1.9420365527898885e-10,0.000928337561126152,0.000514693890953195,0.0002839629995802554,0.00011730838768576546,5.9123403407944415e-05,2.9744166050214728e-05,1.196032206485924e-05,1.942018187465352e-10
152,node,rashba,91,0.9776017808844117,0.2859569319099139,2.1851676426297835,0.7735584817398947,0.8764902482868665,5.038698651043418e-08,0.06882709219836881,-1,True,False,True,8.221245261702961,7.353832571307082,82.64616742869292,5.038698155140588e-08,4.959028299942394e-15,9.841883080099411e-08,True,1.6969843757068292e-14,1.6287786804711358e-12,1.0,0.9999999999995899,4.742665075411919e-13,1.50229782243151,1.5022978224315064,1.5022976585030616,1.6392844504053983e-07,1.639284485932535e-07,-0.040485870943513046,0.040486240122724663,True,3.691792116178316e-07,3.4587558827647348e-15,0.6763892273687319,2.662986092433419e-05,,2.662986092433419e-05,4.53930089984873e-05,7.582117428182292e-05,0.00017125380370531913,0.00031913891034130094,0.0005601811105394182,0.0009676012251582993,0.0016391057460547933,2.6629860924323272e-05,4.5393008998468654e-05,7.58211742817938e-05,0.00017125380370525833,0.0003191389103411911,0.0005601811105392198,0.000967601225157914,0.001639105746054016
152,anti,rashba,91,0.9980396926927896,0.2859569319099139,2.1851676426297835,0.7735584817398947,0.8764902482868665,0.0005261927586831224,0.0675790411747718,-1,True,False,True,8.183315409887015,7.348402519219623,82.6515974807804,0.0005261927876792761,2.8996153676914826e-11,5.510557338242762e-08,True,1.0379235032157662e-10,1.9514032179571285e-08,0.9999999999999994,0.9999999867199387,1.3280061307518456e-08,1.4684009381709915,1.4684007135380757,1.4681691113966284,0.00023160214144724023,0.0002318267743630642,-6.394237071641676e-08,-6.416697143248051e-08,False,2.246007160637553e-10,1.3320076039566053e-14,6.956755478320679e-12,6.458465397651372e-06,-3.1163221018757183,6.458465397651372e-06,5.283113824207248e-06,3.3059562760365236e-06,1.448682057806281e-06,7.542366534389044e-07,3.9559306022411787e-07,1.6636283838871082e-07,4.0886267728579856e-15,6.458465311882556e-06,5.283113755875677e-06,3.3059562357644798e-06,1.4486820448850165e-06,7.542366509625854e-07,3.9559306136392447e-07,1.663628387980193e-07,4.0952843647947666e-15
153,node,rashba,89,0.8970633820148394,0.23835037014125215,1.9322119163134526,0.8945014597826995,1.2708753698329338,8.900506425650541e-08,0.10953738434717467,-1,True,False,True,10.246032811983397,9.289658659373707,78.71034134062631,8.900507658442837e-08,1.2327922959533466e-14,1.3850810695451425e-07,False,3.182410752313099e-14,4.637688229366128e-13,1.0,1.0000000000002698,1.8511088830712577e-14,3.0715481987576716,3.0715481987576716,3.100528062351969,0.028979863594297495,0.028979863594297495,-0.09919591664704835,0.09919587635106947,True,4.029597888699499e-08,3.1503680801508333e-15,0.6786679692844626,0.00016290718184696506,,0.00016290718184696506,0.0002596040301537988,0.0004505503647096509,0.0010422194108696428,0.0019487115498030556,0.0034148045062205477,0.005864275389482169,0.009839829879448161,0.000162907181847009,0.0002596040301538159,0.0004505503647096548,0.0010422194108696328,0.0019487115498030346,0.003414804506220509,0.0058642753894820885,0.00983982987944798
153,anti,rashba,89,0.9413625642914842,0.23835037014125215,1.9322119163134526,0.8945014597826995,1.2708753698329338,0.0028017999173857925,0.10936677688559795,-1,True,False,True,10.040344948003106,9.207013070115392,78.79298692988469,0.0028017998567819898,6.060380279213073e-11,2.163031072135831e-08,False,1.6783707903152293e-10,6.3945777830507315e-09,1.0,1.000000007752594,7.752594005051636e-09,3.0366431339948186,3.036643540651383,3.0337090271000595,0.002934513551323459,0.0029341068947590365,-7.227956925227267e-06,-7.227973655796887e-06,False,1.6730569619829506e-11,2.655384032739586e-15,1.593482030498583e-08,3.6837821102525836e-05,-3.5326032276411166,3.6837821102525836e-05,1.706323950147526e-05,9.047636216789026e-06,3.6826478778693205e-06,1.8461906040620193e-06,9.238544545644592e-07,3.6968700214886133e-07,5.224336131293347e-11,3.683782138811451e-05,1.706323963362834e-05,9.047636286853208e-06,3.682647906391442e-06,1.8461906183650012e-06,9.238544617252327e-07,3.696870050161066e-07,5.224336323644447e-11
154,node,rashba,58,1.2522431123936877,0.21414924834205418,2.6162392472453613,1.16607287558981,1.3990015162837888,1.034766300390618e-06,0.09110803614854217,-1,True,False,True,11.54029841887715,11.519251769245473,45.48074823075448,1.0347664645967662e-06,1.6420614808547993e-13,1.586891146566071e-07,True,4.851878081849956e-13,2.1403712529748687e-12,1.0,0.9999999999997174,1.7275541820614182e-13,2.5557083121674866,2.5557083121674724,2.5557442689135175,3.5956746045062715e-05,3.595674603085186e-05,0.4339334072503401,0.43393232634488904,True,1.0809054510341198e-06,5.915902654520953e-16,0.6800873372857945,0.004773682062441275,,0.004773682062441275,0.007613048170500883,0.013056231721589498,0.029526163441897284,0.05321592639151892,0.08675224254328318,0.131843057681608,0.18829820192788949,0.004773682062439926,0.007613048170499462,0.013056231721587524,0.02952616344189324,0.05321592639151162,0.08675224254327059,0.13184305768158722,0.18829820192785696
154,anti,rashba,58,1.3231545764492063,0.21414924834205418,2.6162392472453613,1.16607287558981,1.3990015162837888,0.020220521417004336,0.09035114979642463,-1,True,False,True,9.814021324073469,10.15482062177895,46.84517937822104,0.020220521190451365,2.2655297082785353e-10,1.1204111217297051e-08,True,6.470266567528509e-10,7.2091066430767765e-09,1.0,1.0000000076163282,7.616328331181262e-09,2.502647974086324,2.5026405768607303,2.5024018665825705,0.00023871027815980383,0.0002461075037536453,2.0037884125996574e-05,2.0037772222730732e-05,False,1.1190326584201854e-10,6.208758147720861e-16,9.15753653471087e-09,0.0007559569570148303,-10.628963988597654,0.0007559569570148303,0.0003790980945716195,0.00020440031899327893,8.378862029450047e-05,4.215805820625477e-05,2.116778542526461e-05,8.49176192480607e-06,4.0151680024690456e-10,0.0007559569627724467,0.0003790980974483114,0.00020440032053863723,8.378862091966961e-05,4.215805851597772e-05,2.1167785580968724e-05,8.491761990315572e-06,4.015190442980363e-10
155,node,rashba,62,0.7182725226350417,0.14325489793852839,2.2282255728001967,0.8905718511293054,0.8515842179583492,6.030932252712132e-07,0.0447589087760005,-1,True,False,True,12.100644513851579,12.0967667808472,48.90323321915286,6.030931868102882e-07,3.846092497455445e-14,6.377276905615784e-08,True,1.7577318301259558e-13,1.1084247335422406e-12,1.0,0.9999999999998757,1.4805092188589303e-13,1.7950917397910588,1.795091739790891,1.7950882574055202,3.48238537073442e-06,3.4823855386001412e-06,-0.4284112897906687,0.4284140023700832,True,2.712579414476668e-06,5.369363536084504e-16,0.6782260744785789,0.004364712501515912,,0.004364712501515912,0.007218179463035905,0.012138408424727479,0.027210277707468977,0.04925789590640978,0.08125970379171059,0.12577285731029686,0.1835362332201043,0.004364712501515369,0.007218179463035056,0.012138408424726209,0.027210277707466306,0.04925789590640482,0.08125970379170161,0.12577285731028082,0.18353623322007712
155,anti,rashba,62,0.7509773456585701,0.14325489793852839,2.2282255728001967,0.8905718511293054,0.8515842179583492,0.009174723529855388,0.04388634856088852,-1,True,False,True,10.35717941400061,10.75530400796891,50.24469599203102,0.009174723269775685,2.600797025659185e-10,2.834741577984289e-08,True,1.1359424129015553e-09,1.815904138058955e-08,0.9999999999999993,1.000000018650205,1.8650205014952157e-08,1.745660505588547,1.7456178263937243,1.7450615003745968,0.0005563260191276953,0.0005990052139503987,-6.541854622260862e-06,-6.5426892202624645e-06,False,8.345980016021543e-10,6.889989955846181e-16,9.822279765329011e-10,0.0007027450383910244,-22.554521299291213,0.0007027450383910244,0.0004820964127275807,0.0002826945095064238,0.00011994812056310573,6.117061804679446e-05,3.107622390889106e-05,1.2574521143257788e-05,4.279586189879607e-11,0.0007027450514973634,0.00048209642163596985,0.0002826945146466453,0.00011994812260738672,6.117061899901449e-05,3.1076224377958025e-05,1.257452136153662e-05,4.2791051358233364e-11
156,anti,rashba,48,0.7008707317817982,0.1744953676213799,2.742897700433072,0.7851256353746117,0.9575929851894946,0.021402102013673516,0.03358469805629419,-1,True,False,True,9.155083610543784,10.488478347319175,36.51152165268072,0.021402102662940486,6.492669700486342e-10,3.0336598229175166e-08,True,2.2510665036105887e-09,2.5433802904221337e-08,0.9999999999999998,0.9999999740732075,2.5926792509982144e-08,1.4755283716397587,1.475214054306333,1.4741938333215847,0.001020220984748299,0.0013345383181739834,-6.382077388475751e-05,-6.382208329533401e-05,False,1.309410576494363e-09,8.607136472979051e-16,3.754018076977727e-08,0.0022604064363663653,-39.509352601422094,0.0022604064363663653,0.0018415495637516218,0.0011494954681177498,0.0004990520856586861,0.00025428475844802885,0.0001283514591365071,5.1591035507454596e-05,4.0730911792495345e-09,0.0022604063777612766,0.001841549516704186,0.00114949543931668,0.0004990520737645134,0.0002542847525337454,0.00012835145596106428,5.159103406979866e-05,4.073314915090417e-09
157,node,rashba,60,1.1291932198584365,0.19069472808425791,2.331700044445744,1.0622184358789273,1.2565111531068842,1.150275825164471e-06,0.08316763980897068,-1,True,False,True,11.54937297202579,11.401007040775037,47.598992959224994,1.1502758465987662e-06,2.1434295149937448e-14,1.8634048183071817e-08,True,6.708216184335355e-14,3.209011390648805e-13,1.0,1.0000000000000173,1.0283751969670247e-15,2.5749211395879072,2.574921139587893,2.57495553059817,3.439101027691294e-05,3.439101026270208e-05,-0.40241572925739,0.40241681161663473,True,1.0823592447306574e-06,5.276578595546406e-16,0.6797625143957988,0.00397046556025758,,0.00397046556025758,0.006331515473122124,0.01086892617878693,0.02463181483213104,0.04455382213370412,0.07310520396137588,0.11215590915461754,0.161938419153757,0.003970465560257649,0.006331515473122139,0.010868926178786905,0.024631814832130946,0.04455382213370398,0.07310520396137571,0.11215590915461739,0.16193841915375695
157,anti,rashba,60,1.1910020385596412,0.19069472808425791,2.331700044445744,1.0622184358789273,1.2565111531068842,0.016260384679201573,0.08251262777888195,-1,True,False,True,9.95448780268061,10.195981830056823,48.80401816994322,0.016260384508882775,1.7031879726014942e-10,1.0474462973683628e-08,True,5.452561917940804e-10,6.537329649244095e-09,0.9999999999999998,1.0000000068627555,6.862755561435329e-09,2.523582917250713,2.5235784204480796,2.523361359694939,0.00021706075314043005,0.0002215575557737992,6.069581269326548e-06,6.069446854828352e-06,False,1.3441449819588718e-10,8.059144066054611e-16,9.557419171351025e-10,0.0006424296511515258,-11.127243691223116,0.0006424296511515258,0.0003204629170024347,0.00017258515970306712,7.071530698177625e-05,3.557636859481473e-05,1.7862931630384104e-05,7.16593063583871e-06,3.6839816784964516e-11,0.0006424296555603635,0.0003204629191939808,0.000172585160879179,7.071530745742115e-05,3.5576368830129754e-05,1.786293174810202e-05,7.165930684675574e-06,3.6840347663090544e-11
158,node,rashba,69,0.771991642911446,0.23419728880363083,1.9347026644638037,0.8784407954246611,1.2576286460909387,2.38906902138514e-07,0.1055660914111012,-1,True,False,True,10.303474735855758,9.530725582252641,58.469274417747414,2.389069081954871e-07,6.056973098923622e-15,2.5352859397138286e-08,False,1.6624604681107694e-14,4.6531351004573224e-14,1.0,0.9999999999999619,3.916846837819911e-14,3.1412817504707577,3.141281750470762,3.1415925838523817,0.0003108333816195241,0.000310833381623965,0.21951352350647615,0.21951357258866816,True,4.908219200516761e-08,1.5215315033297709e-15,0.512992855286726,0.0013613260478527525,,0.0013613260478527525,0.001786302209245522,0.0029027494346839135,0.006487558255184331,0.01185219879324049,0.019931603448410252,0.03180439396830569,0.048186187002228244,0.0013613260478527007,0.001786302209245452,0.0029027494346837985,0.006487558255184075,0.011852198793240022,0.019931603448409472,0.03180439396830445,0.048186187002226356
158,anti,rashba,69,0.8283809110013866,0.23419728880363083,1.9347026644638037,0.8784407954246611,1.2576286460909387,0.007935503324142317,0.10558265353572356,-1,True,False,True,9.646013200792193,9.170058751407744,58.829941248592334,0.007935503279728535,4.441378168018595e-11,5.596844946818325e-09,False,1.1921194096868415e-10,9.952231497794554e-10,0.9999999999999998,1.0000000013498203,1.3498201753423554e-09,3.096400984911673,3.0964044591744218,3.1415925838523817,0.04518812467795996,0.045191598940708566,1.3968048831990859e-05,1.3968025390845294e-05,False,2.3441145564952475e-11,1.9667650939769826e-15,1.0841461438176787e-08,0.0002608162036293929,-6.241464895899267,0.0002608162036293929,0.00012058322755631283,6.391412456794167e-05,2.6010505235299652e-05,1.3038112671689386e-05,6.523433931957802e-06,2.610045061614198e-06,1.951063881730403e-10,0.00026081620398144787,0.00012058322771900306,6.391412465417432e-05,2.6010505270403283e-05,1.3038112689291846e-05,6.523433940762487e-06,2.6100450651224957e-06,1.9510635663316731e-10
159,node,rashba,67,1.0898168131899295,0.15730179985247883,2.505992312794604,1.2106512253568278,1.2919577481328137,5.318090635094987e-07,0.07296318385879272,-1,True,False,True,13.157119859573786,13.218711362343461,52.78128863765658,5.318091088243451e-07,4.531484643901726e-14,8.52088645123437e-08,True,1.5820950969460192e-13,7.760149627033019e-13,1.0,1.0000000000001001,6.27265245206152e-14,2.587098968298042,2.58709896829804,2.5871230752981695,2.4107000129447442e-05,2.4107000127671085e-05,-0.41434811685014916,0.4143486484946903,True,5.316445411129855e-07,7.188271216105899e-16,0.6778832662735788,0.0037800802744828474,,0.0037800802744828474,0.006027820619956252,0.010368089403386837,0.02363667315002897,0.04321298231759513,0.07235740349131448,0.11451959213026704,0.17168436193726486,0.003780080274483226,0.0060278206199566595,0.010368089403387418,0.023636673150030173,0.04321298231759732,0.07235740349131828,0.11451959213027356,0.17168436193727563
159,anti,rashba,67,1.1469381540735788,0.15730179985247883,2.505992312794604,1.2106512253568278,1.2919577481328137,0.015523406521825243,0.07257728301258419,-1,True,False,True,11.24128171127072,11.72686562367828,54.27313437632174,0.015523406833513852,3.116886089504778e-10,2.0078621822617155e-08,True,1.042466605084623e-09,1.2811391488618884e-08,1.0,0.9999999865399942,1.346000581046223e-08,2.541024090807852,2.5410217296020265,2.54084951826224,0.00017221133978662095,0.00017457254561215052,-1.670491058066402e-05,-1.6705059037447345e-05,False,1.4845678332486845e-10,6.333319167276927e-16,6.890559413821483e-09,0.0006044481128909656,-12.52266726973865,0.0006044481128909656,0.00030018364401030085,0.00016149495633586527,6.612451234103374e-05,3.3248311777600926e-05,1.6687676799466295e-05,6.693270400094688e-06,2.7905403750798253e-10,0.0006044481047550905,0.0003001836399810095,0.0001614949541741363,6.612451146548701e-05,3.324831134451109e-05,1.668767658433572e-05,6.693270312926799e-06,2.7905661358699414e-10
160,anti,rashba,51,1.1595130288752837,0.10144392250486411,2.5991543258907877,1.1132648162043153,1.269606762320564,0.04114034258897735,0.040119657603637615,-1,False,True,False,10.071049924175604,12.052955587804068,37.947044412195886,,,,,,,,,,,,2.356070480746553,,,-3.7119030316777255e-05,-3.711989951526995e-05,False,8.691984926950669e-10,6.640220643953186e-16,1.1373322347982336e-08,0.0023753943563881936,-30.56409805164348,,,,,,,,,,,,,,,,
161,anti,rashba,46,0.6695114828328925,0.1004542043960415,2.4083178778732517,0.9852940746550143,0.8858149864008609,0.024537601559635275,0.0323380994763039,-1,True,False,True,8.914379816137622,10.322393211320172,34.6776067886799,0.024537600886032514,6.736027603759798e-10,2.745185827306229e-08,True,2.0602052599042967e-09,2.3605331853451477e-08,1.0,1.0000000242103717,2.421037172523058e-08,1.8054527486050684,1.8051989752091648,1.8044489116506182,0.0007500635585468984,0.0010038369544504988,-6.983222862931094e-05,-6.983349081293722e-05,False,1.2621836262792507e-09,7.881379323566698e-16,4.521390381548823e-08,0.002344671297128677,-37.92688325307894,0.002344671297128677,0.0015562355326397318,0.000902765607763835,0.00038020498482891317,0.0001923027975653879,9.668796333158294e-05,3.87821759903445e-05,4.876540155336375e-09,0.002344671353894041,0.0015562355698938407,0.0009027656291133738,0.0003802049935610935,0.0001923028019457656,9.668796563297777e-05,3.8782176961093744e-05,4.8763569205204466e-09
162,node,rashba,83,1.4128796606109704,0.13981971431975115,2.5737412879227377,1.2585913933768187,1.3414965907185932,4.376384362738787e-07,0.0637697165016848,-1,True,False,True,15.514509499690003,15.536029810444658,66.4639701895554,4.3763845385051636e-07,1.757663764578502e-14,4.016246332345767e-08,True,7.772880790567806e-14,3.9504970547169347e-13,1.0,1.000000000000023,1.4976428482390664e-14,2.3935477461243533,2.393547746124348,2.3935483546601253,6.085357773244482e-07,6.085357719953777e-07,-0.3728220777568883,0.37282266510141004,True,5.873445217408069e-07,5.901862494818622e-16,0.6756183451430703,0.0024786985861796626,,0.0024786985861796626,0.003979374718178962,0.00684432174371338,0.01572738458217114,0.029245502818056417,0.05071762019491693,0.08536009558128899,0.1389963016629633,0.00247869858617972,0.003979374718179019,0.0068443217437134515,0.015727384582171287,0.0292455028180567,0.050717620194917455,0.08536009558129003,0.1389963016629654
162,anti,rashba,83,1.4593228570806904,0.13981971431975115,2.5737412879227377,1.2585913933768187,1.3414965907185932,0.011280029418726946,0.06309334301005824,-1,True,False,True,13.505549083762347,14.067795563301122,67.93220443669892,0.011280029482244982,6.351803631676756e-11,5.631016902430752e-09,True,2.724957514003133e-10,3.457628803420066e-09,1.0,0.9999999964442121,3.555787870310434e-09,2.3562608893972463,2.3562568386344065,2.3561000742912843,0.00015676434312217324,0.00016081510596199777,-2.5722833475062346e-05,-2.5722989190068987e-05,False,1.557150066407284e-10,9.349451465814378e-16,1.947164056431184e-08,0.00040940861387580186,-13.566159798468307,0.00040940861387580186,0.00021395211443450522,0.0001164081575068942,4.7865133009380965e-05,2.4112023004024008e-05,1.213429014809664e-05,4.881757946729997e-06,6.616641619857509e-10,0.0004094086124200317,0.00021395211367566965,0.00011640815709548835,4.7865132842934986e-05,2.41120229226482e-05,1.2134290108419422e-05,4.881757930774023e-06,6.616652574525737e-10
163,node,rashba,76,0.9529340677637754,0.2569776644724971,2.768715366470336,0.7920700485524541,1.3903320584615808,2.1363232802555447e-07,0.07011169836504075,-1,True,False,True,15.585189617508622,16.103498229571915,58.89650177042794,2.1363233062639386e-07,2.600839387318477e-15,1.2174371787997215e-08,True,1.1180072442029471e-14,7.37659289936101e-14,1.0,1.000000000000027,2.9095029363688615e-14,2.5294350099834118,2.529435009983411,2.5294439357828007,8.925799389825073e-06,8.925799388936895e-06,0.4980264324750539,0.4980259787158985,True,4.5375915541656653e-07,2.689619928980277e-16,0.677343171391697,0.004818173531365127,,0.004818173531365127,0.00770689659654615,0.013274415925190564,0.03043167957553245,0.05622962528332806,0.09618826335312683,0.15783924733250368,0.24803032744382936,0.004818173531365258,0.007706896596546371,0.013274415925190956,0.030431679575533364,0.056229625283329795,0.09618826335312976,0.1578392473325084,0.24803032744383657
163,anti,rashba,76,1.006835276528163,0.2569776644724971,2.768715366470336,0.7920700485524541,1.3903320584615808,0.01775527061700958,0.06953098706240349,-1,True,False,True,13.063198298672305,14.01026384136469,60.989736158635345,0.01775527074687696,1.2986738073816895e-10,7.314300273956725e-09,True,4.1058008715887244e-10,4.881008379600333e-09,1.0,0.999999994860874,5.139126061520927e-09,2.488750438831885,2.488738134239121,2.4885886291108648,0.00014950512825606666,0.00016180972102031177,-2.8176982282007018e-05,-2.817710786917615e-05,False,1.2558716913296602e-10,9.02881182107702e-16,1.3990587643979938e-08,0.000746688407803045,-16.36307443061286,0.000746688407803045,0.0003756359367212367,0.00020263832669408627,8.303314783750006e-05,4.175007242776001e-05,2.0958143593836337e-05,8.409307735873712e-06,7.939423305204154e-10,0.0007466884039657192,0.0003756359347952431,0.0002026383256576571,8.303314741713238e-05,4.1750072219969464e-05,2.0958143490983254e-05,8.409307694411044e-06,7.939443869215536e-10
164,node,rashba,60,0.593391178454509,0.2235362458485833,2.208341671226901,1.134854958537123,0.8031061874567799,8.303954602584245e-08,0.09504291933778813,-1,True,False,True,6.035295763039954,5.140111515134106,53.85988848486594,8.303955170842894e-08,5.682586495000912e-15,6.84322924071918e-08,True,1.0350276841100761e-14,6.865828852181788e-13,1.0,0.9999999999999665,4.425925288055354e-14,1.956675272980572,1.9566752729805703,1.9566715399676344,3.733012936102398e-06,3.7330129378787547e-06,0.05805803251518302,0.05805767406603624,True,3.5844914677424233e-07,5.946715678777124e-15,0.6805694897968694,8.254692552997336e-05,,8.254692552997336e-05,0.00013517765536019444,0.00022870810846945617,0.0005139538883671888,0.0009281202972913002,0.0015221331417114088,0.0023347587341835223,0.0033707351395340494,8.25469255299706e-05,0.00013517765536019103,0.00022870810846945238,0.0005139538883671813,0.0009281202972912844,0.0015221331417113733,0.002334758734183445,0.0033707351395339
164,anti,rashba,60,0.6274778245233738,0.2235362458485833,2.208341671226901,1.134854958537123,0.8031061874567799,0.001259454970580552,0.09337480186358317,-1,True,False,True,5.978873272034619,5.126304541096839,53.87369545890318,0.0012594549904954948,1.9914942741769415e-11,1.5812349950542115e-08,True,4.194171974307398e-11,5.902974915367822e-09,0.9999999999999998,0.9999999955959765,4.4040235328541955e-09,1.9055341237211003,1.9055334916543822,1.9051722351138853,0.0003612565404971235,0.00036188860721519944,-6.916131832595228e-07,-6.917065336307925e-07,False,9.335037126970661e-11,6.410416872983095e-15,4.148701292724581e-10,1.9216005263189116e-05,-2.68642836092584,1.9216005263189116e-05,1.2109398925501118e-05,6.931729593453631e-06,2.9339926094096564e-06,1.5101789529111617e-06,7.761204029465633e-07,3.169139812749169e-07,4.783287952584838e-13,1.9216005178561376e-05,1.2109398873666727e-05,6.931729565376809e-06,2.9339926000648993e-06,1.5101789497910243e-06,7.761204018272114e-07,3.1691398056166684e-07,4.783566198908075e-13
165,node,rashba,96,0.7554024861306817,0.1288351989316924,2.8439494659026767,1.2290499474277055,1.0447533436912786,3.2603732023790275e-07,0.044984998097079974,-1,True,False,True,16.007133804380278,15.671957491751998,79.32804250824799,3.2603733401349757e-07,1.3775594817975442e-14,4.2251588891491544e-08,True,5.666601494348965e-14,6.223888960226318e-13,1.0,1.000000000000051,5.863475932110132e-14,1.878438832630887,1.8784388326308603,1.878437696315315,1.1363155452137619e-06,1.1363155718591145e-06,-0.2971234737609444,0.29712464995115984,True,1.1761902154461268e-06,8.501399722944408e-16,0.6740599914952933,0.0013642819842577245,,0.0013642819842577245,0.002247642941026694,0.003816532973349181,0.008742458445813818,0.01638691417001538,0.028993255470746822,0.05085967859493449,0.08828235865977058,0.0013642819842577941,0.0022476429410268,0.0038165329733493444,0.008742458445814174,0.016386914170016052,0.028993255470748075,0.05085967859493695,0.08828235865977575
165,anti,rashba,96,0.7824650147392679,0.1288351989316924,2.8439494659026767,1.2290499474277055,1.0447533436912786,0.005179670291758139,0.04441767319813256,-1,True,False,True,14.496532370577636,14.718324196031457,80.28167580396861,0.005179670079451449,2.1230669045718686e-10,4.098845650369059e-08,True,8.837431867309583e-10,2.289755621888635e-08,0.9999999999999998,1.0000000225048944,2.2504894332853288e-08,1.8462119841475912,1.84620450188606,1.8459914758903606,0.00021302599569938963,0.00022050825723063383,-2.0377611658375016e-05,-2.037813672146893e-05,False,5.250630939149931e-10,1.2963194296177088e-15,1.778949161795264e-08,0.0002431486109289222,-17.926969369328873,0.0002431486109289222,0.0001575959144292557,9.072993822546861e-05,3.8146566656085075e-05,1.9390799565274683e-05,9.871619992590874e-06,4.025060961397698e-06,4.1524705689954583e-10,0.000243148616400956,0.0001575959179590918,9.072994023872922e-05,3.814656746463899e-05,1.9390799938645752e-05,9.871620159364956e-06,4.02506102907549e-06,4.152389417347468e-10
166,node,rashba,81,0.8649041030026142,0.1791823182901665,2.0052586931825847,0.8370603307560764,1.2990368873842024,2.0675683945643948e-07,0.07454403165795995,-1,True,False,True,14.586836755285152,14.38870296801363,65.61129703198642,2.0675684395150407e-07,4.495064593568087e-15,2.1740826593139758e-08,False,1.765910290602329e-14,8.341809270650243e-14,1.0,1.000000000000037,6.742098110618375e-16,3.064836664937591,3.0648366649375918,3.0984528689495137,0.03361620401192189,0.03361620401192278,-0.35687834263661333,0.35687837247423015,True,2.9837616821737356e-08,1.5963545549380872e-15,0.6770259259355899,0.0023224697604672215,,0.0023224697604672215,0.0036894811693076496,0.006390587439052349,0.014724926943675273,0.027351610531642468,0.04726737418812148,0.07900379693887412,0.12736215144305604,0.0023224697604673074,0.0036894811693076912,0.006390587439052373,0.014724926943675288,0.027351610531642475,0.047267374188121485,0.07900379693887415,0.12736215144305604
166,anti,rashba,81,0.9145987687606096,0.1791823182901665,2.0052586931825847,0.8370603307560764,1.2990368873842024,0.011510259498637614,0.07437893797741403,-1,True,False,True,12.882689623541623,13.203176952826647,66.79682304717345,0.011510259306257027,1.9238058715509432e-10,1.67138357895289e-08,False,7.143254934739402e-10,8.415961991901935e-09,0.9999999999999998,1.0000000110372442,1.1037244203857067e-08,3.026533437101552,3.0265379992413086,3.0239054116911017,0.0026325875502068996,0.002628025410450263,-1.3381223961335832e-05,-1.338127404021394e-05,False,5.007887810864933e-11,9.825119582005879e-16,5.535445451064067e-09,0.0003993503641893014,-11.967871566989468,0.0003993503641893014,0.00018507301324203343,9.814285790977121e-05,3.994760748816978e-05,2.0026000239600445e-05,1.0020620990449063e-05,4.009464063832344e-06,1.7905715470340983e-10,0.0003993503685970289,0.00018507301528275597,9.814285899173376e-05,3.9947607928492366e-05,2.002600046028399e-05,1.002062110084142e-05,4.0094641079818635e-06,1.7905708765524345e-10
167,node,rashba,75,0.6893280653316478,0.16119938921280005,2.5137889523438655,1.1868795127642866,0.9017255355851403,3.0833941698863655e-07,0.060067460988511484,-1,True,False,True,10.279211266603298,9.493025070606746,64.50697492939327,3.083394434803446e-07,2.6491708067091438e-14,8.59173579745977e-08,True,8.327785897740576e-14,1.7364821423988644e-12,1.0,1.0000000000002656,2.9799949093351045e-13,1.8187103375507458,1.8187103375507085,1.8187083009251084,2.03662560016582e-06,2.0366256374693137e-06,-0.1721338403138134,0.17213527554961466,True,1.4352358012614808e-06,1.5335513563147093e-15,0.6765031225347099,0.0005839846704656544,,0.0005839846704656544,0.0009653549307179717,0.0016302347676266516,0.003692246534017126,0.006800051733978294,0.011599518567953547,0.018956401002428413,0.029630058981181404,0.0005839846704658096,0.0009653549307182155,0.0016302347676270248,0.0036922465340179125,0.006800051733979737,0.011599518567956164,0.018956401002433267,0.029630058981190234
167,anti,rashba,75,0.7184276600744414,0.16119938921280005,2.5137889523438655,1.1868795127642866,0.9017255355851403,0.0031969022229796917,0.059075814963509846,-1,True,False,True,9.79833945092697,9.25755591337959,64.74244408662047,0.003196902214716211,8.26348061158666e-12,2.5848399591916933e-09,True,2.6559135000203368e-11,1.226431631171607e-09,1.0,1.0000000010976755,1.097675586424728e-09,1.7776491497774742,1.7776447315788149,1.7773035464563125,0.0003411851225023632,0.000345603321161736,-8.046364307776272e-06,-8.046741766833121e-06,False,3.7745905684914705e-10,1.726916644748973e-15,7.358487553077063e-09,0.00011731392374036109,-9.410494429009514,0.00011731392374036109,7.901952412822302e-05,4.6080762538289984e-05,1.955300705839723e-05,1.002471053367663e-05,5.144476794772596e-06,2.1052607431630496e-06,6.474397857346791e-11,0.00011731392386913372,7.901952421392919e-05,4.6080762587075714e-05,1.955300707691465e-05,1.0024710541366847e-05,5.1444767979331246e-06,2.105260744626007e-06,6.474382690595805e-11
168,node,rashba,81,0.8125409094149402,0.21920594494764606,2.018509888847224,0.9725297142998012,1.1272634374350317,1.4029811576159845e-07,0.10381816304951684,-1,True,False,True,9.373898550768672,8.42855591331567,71.57144408668434,1.4029811723412303e-07,1.472524585972916e-15,1.0495683266873685e-08,True,2.114475865586458e-15,1.0687620938196157e-13,0.9999999999999999,0.9999999999999463,6.061654576896016e-14,2.8348565881634187,2.8348565881634196,2.8349726829681563,0.00011609480473673273,0.0001160948047376209,-0.09965159930403754,0.09965161582316866,True,1.6519131118553076e-08,2.510478923710493e-15,0.6788435817443959,0.00018059836366505247,,0.00018059836366505247,0.0002879405859340577,0.0004984696559981762,0.0011481519003805562,0.002132555531640706,0.003685308175328408,0.00615978284030071,0.009930441243852456,0.00018059836366504276,0.00028794058593404107,0.0004984696559981473,0.0011481519003804911,0.002132555531640587,0.003685308175328203,0.006159782840300355,0.009930441243851854
168,anti,rashba,81,0.8551621872390589,0.21920594494764606,2.018509888847224,0.9725297142998012,1.1272634374350317,0.0027073826961722352,0.10346778054781788,-1,True,False,True,9.180264900023897,8.350682180133001,71.64931781986702,0.002707382787797553,9.162531757617165e-11,3.384276545229967e-08,True,2.3805216826893423e-10,1.3434277602485902e-08,1.0,0.9999999880509334,1.1949066676855741e-08,2.7965833684383288,2.7965835963257044,2.7965264489608614,5.7147364842968784e-05,5.691947746733206e-05,-8.432488401997722e-06,-8.432501658744984e-06,False,1.3256747262435642e-11,2.3433147946243142e-15,2.234304761937821e-08,3.929018512214839e-05,-3.689330081270122,3.929018512214839e-05,1.8596019684639704e-05,9.904018948623068e-06,4.03959266062981e-06,2.028267237296619e-06,1.0169978125458577e-06,4.077308387842502e-07,7.11068606498282e-11,3.929018465266735e-05,1.8596019463036366e-05,9.904018830813914e-06,4.039592612912024e-06,2.028267213635079e-06,1.0169978008534702e-06,4.077308341441685e-07,7.110703603103765e-11
169,node,rashba,87,0.6350278149923094,0.16043869364792193,2.1987995761486285,0.8239959355253366,0.9930968258686943,2.9380465578041317e-07,0.05623648194139561,-1,True,False,True,14.524116333924994,14.110454513460715,71.88954548653926,2.938046604071466e-07,4.6267334564688246e-15,1.5747651936213024e-08,True,2.1651465745650594e-14,2.1280891263564218e-13,1.0,1.0000000000000093,4.465002813362086e-15,2.4274898620791863,2.42748986207918,2.4274909169902257,1.0549110456281596e-06,1.0549110394109107e-06,-0.30535840631286326,0.30535888450324095,True,4.781903776840402e-07,5.007420809678794e-16,0.6756455595956612,0.001586286328149157,,0.001586286328149157,0.002545662762440551,0.004384626355069528,0.010097954467760439,0.018840318266432617,0.032901140853066474,0.05612878731533357,0.09324375630593168,0.001586286328149172,0.002545662762440562,0.004384626355069537,0.010097954467760455,0.01884031826643266,0.03290114085306658,0.0561287873153338,0.0932437563059321
169,anti,rashba,87,0.6681095320716433,0.16043869364792193,2.1987995761486285,0.8239959355253366,0.9930968258686943,0.00651067386360967,0.05592805046840822,-1,True,False,True,13.156162636627592,13.246386756160128,72.75361324383985,0.006510673853622413,9.987256681387446e-12,1.533982025610215e-09,True,3.815403123064193e-11,8.528687780779712e-10,1.0,1.0000000008460663,8.460663939098097e-10,2.391890751608388,2.391886997435275,2.3917546846108126,0.00013231282446257708,0.00013606699757540142,1.2470923104652715e-05,1.247071452180337e-05,False,2.085828493449414e-10,1.651030215173695e-15,6.341861629088039e-09,0.00028187800433798093,-15.071742444890472,0.00028187800433798093,0.0001456992641487391,7.907817404418093e-05,3.249233105464031e-05,1.6372047430919827e-05,8.246775486748112e-06,3.3232523034975055e-06,1.5552392308209e-10,0.00028187800457646844,0.00014569926427167453,7.90781741106457e-05,3.249233108146961e-05,1.637204744399964e-05,8.246775493124347e-06,3.3232523061639166e-06,1.5552402841117754e-10
170,node,rashba,80,1.152346510239754,0.22665370527247658,2.107631545537715,1.0968498830563918,1.0126656027623906,4.083271847906724e-08,0.10394425619877282,-1,True,False,True,7.404565917164014,6.45236601299722,72.54763398700277,4.083271955817153e-08,1.0791042914575646e-15,2.6427441807744542e-08,True,4.335449712162287e-15,2.708686600837153e-13,0.9999999999999999,1.0000000000000164,1.7179303482370005e-14,2.1717639318054633,2.1717639318054607,2.1717628721210445,1.0596844162158447e-06,1.05968441888038e-06,0.040507835219724106,0.040507732162745794,True,1.030569783122548e-07,9.03897470871387e-15,0.6784875768241808,3.0230559302737418e-05,,3.0230559302737418e-05,4.906909507643566e-05,8.398901788641987e-05,0.00019221638879765322,0.0003563031992065721,0.0006143559544836901,0.001023069477941591,0.00164088471418832,3.0230559302737916e-05,4.9069095076436525e-05,8.398901788642122e-05,0.0001922163887976558,0.00035630319920657634,0.0006143559544836976,0.001023069477941605,0.0016408847141883482
170,anti,rashba,80,1.1870057709180977,0.22665370527247658,2.107631545537715,1.0968498830563918,1.0126656027623906,0.000893645892145196,0.10290931212946113,-1,True,False,True,7.366861390767589,6.443182818915995,72.556817181084,0.0008936458464221976,4.5722998412607574e-11,5.1164559491063695e-08,True,1.3038934472783215e-10,1.781369591795229e-08,0.9999999999999998,1.0000000128661926,1.2866192625164197e-08,2.1331414034569,2.1331413076532684,2.132991841227555,0.0001494664257135625,0.00014956222934525698,3.8153321100380415e-06,3.815300820501216e-06,False,3.128953682523389e-11,1.3619016902859507e-14,2.5143277201555756e-08,7.236904219563424e-06,-1.8394095103142296,7.236904219563424e-06,4.102970883584305e-06,2.278839479452295e-06,9.484607421317132e-07,4.832554285661057e-07,2.469794078963655e-07,1.009615049591525e-07,1.455675910988727e-11,7.2369043126748274e-06,4.102970935676638e-06,2.278839507651471e-06,9.484607525595609e-07,4.832554327899249e-07,2.469794095440445e-07,1.0096150578204592e-07,1.455695226932362e-11
171,node,rashba,83,0.75289964502825,0.11223449082425221,2.138722754087478,1.2874418174185847,1.1887684973488644,3.3515322981643806e-07,0.06742884591880396,-1,True,False,True,13.415190150579418,12.86492093249465,69.1350790675054,3.351532084396614e-07,2.1376776636500316e-14,6.378209945405652e-08,False,7.342517244955361e-14,5.023339893135887e-13,1.0,0.9999999999997674,2.52424882732258e-14,3.0667153306168053,3.0667153306168196,3.099549737988407,0.03283440737158738,0.03283440737160159,-0.24254142713273288,0.2425414662013774,True,3.906864451397318e-08,1.804667036015222e-15,0.6759205275800428,0.0010485716916582137,,0.0010485716916582137,0.0016644789372654643,0.002883313732683946,0.006649632345215269,0.012373360934293809,0.021462148354836303,0.036124632663152995,0.05882634387558278,0.0010485716916579697,0.0016644789372653808,0.002883313732683948,0.006649632345215391,0.012373360934294059,0.021462148354836747,0.036124632663153806,0.05882634387558427
171,anti,rashba,83,0.797286407144511,0.11223449082425221,2.138722754087478,1.2874418174185847,1.1887684973488644,0.006925017116651343,0.06744495534055202,-1,True,False,True,12.279466429155258,12.175557120604745,69.82444287939532,0.0069250168932811365,2.2337020687962506e-10,3.22555458155514e-08,False,7.81819980551878e-10,1.4357956024238423e-08,0.9999999999999999,1.0000000186226268,1.8622626679824012e-08,3.0293206871680134,3.0293266112064856,3.0265800947236365,0.0027465164828490707,0.002740592444376855,-1.7021895860686373e-05,-1.7021944530987154e-05,False,4.867030078113156e-11,1.1364400986947081e-15,1.790278014128735e-08,0.00019499222178108203,-8.86266830899679,0.00019499222178108203,9.035331346181334e-05,4.791239346326898e-05,1.950194232830374e-05,9.77652260354189e-06,4.892047302871922e-06,1.957478368758138e-06,2.897449386919688e-10,0.00019499222541234938,9.035331514280016e-05,4.791239435448305e-05,1.950194269099624e-05,9.776522785314382e-06,4.892047393791964e-06,1.9574784051126048e-06,2.8974488579538945e-10
172,node,rashba,88,0.9143205256779365,0.15229403519704832,2.8932520868220672,0.9793227401878519,1.1973676220294907,9.080041967091428e-07,0.0442403543334131,-1,True,False,True,18.40228187854989,19.373787079500108,67.62621292049997,9.080042686651285e-07,7.195598578226225e-14,7.924631410631203e-08,True,3.3867798395429503e-13,1.6590669279842869e-12,0.9999999999999998,1.0000000000001292,1.324689475652435e-13,2.047283011833355,2.0472830118332395,2.0472809202146096,2.0916186298514106e-06,2.091618745314605e-06,-0.5109484634088205,0.510950264318033,True,1.8009092125348403e-06,3.02457125743099e-16,0.6748014257692478,0.004396383114454523,,0.004396383114454523,0.007165492036948794,0.01222487732471461,0.02801544965748945,0.05225783140343041,0.0913810719788113,0.1563869828944142,0.2610683322598348,0.0043963831144550915,0.007165492036949602,0.012224877324715826,0.028015449657492072,0.05225783140343533,0.09138107197882037,0.1563869828944317,0.26106833225986936
172,anti,rashba,88,0.9501164717321602,0.15229403519704832,2.8932520868220672,0.9793227401878519,1.1973676220294907,0.01214917170721869,0.0435195635032131,-1,True,False,True,15.276115698365329,16.696233964844737,70.30376603515539,0.012149171209968886,4.97249803832478e-10,4.092869998182891e-08,True,2.15778923929714e-09,2.8000296144165432e-08,0.9999999999999996,1.000000029295459,2.929545889874317e-08,2.0121519960255503,2.012129864736547,2.01192274686147,0.00020711787507687873,0.0002292491640800698,4.4735676024755934e-05,4.473522221062897e-05,False,4.538141269632497e-10,1.3710966972629683e-15,3.368356272751291e-08,0.0006751609509677665,-25.63840026594596,0.0006751609509677665,0.00040303611006298483,0.0002266269936928338,9.430874741179533e-05,4.766666915765829e-05,2.4071444452524108e-05,9.72568747966475e-06,2.0012807093919255e-09,0.0006751609707469164,0.0004030361218339396,0.0002266270002797547,9.4308750094128e-05,4.766667046222447e-05,2.407144509454479e-05,9.725687768108001e-06,2.0013131177480515e-09
173,node,rashba,64,0.9355322700253329,0.256700797439235,2.47604177121327,0.8136886414595623,1.3022825229079609,1.164838031824159e-06,0.08102535093820099,-1,True,False,True,12.801383934302912,12.915911444936155,50.0840885550638,1.1648381217037888e-06,8.987962974488955e-14,7.716062430081914e-08,True,2.7523423468928577e-13,1.2881739305060552e-12,1.0,0.9999999999998924,3.569881279865772e-14,2.6097042984842673,2.609704298484232,2.609742778277461,3.84797932291292e-05,3.847979319360206e-05,0.4640749398516274,0.46407387919768794,True,1.0606539394553138e-06,6.097016895691474e-16,0.6796131940118538,0.004951473492934589,,0.004951473492934589,0.007898483164503286,0.013584029805589162,0.03090397600598213,0.05626120944910792,0.09343394820121445,0.14597020501768876,0.21536554979829162,0.004951473492934056,0.00789848316450291,0.013584029805588801,0.03090397600598154,0.05626120944910685,0.09343394820121238,0.14597020501768468,0.21536554979828393
173,anti,rashba,64,0.9960469006048899,0.256700797439235,2.47604177121327,0.8136886414595623,1.3022825229079609,0.018480080196206262,0.08060321441785787,-1,True,False,True,10.856262052863112,11.363716671024502,51.63628332897551,0.01848007952770793,6.684983330784711e-10,3.6173995241411655e-08,True,1.955504316765829e-09,2.3424446998313993e-08,1.0,1.0000000247719483,2.47719481730976e-08,2.5615116600774535,2.5615009467504866,2.5613194003056727,0.0001815464448138293,0.00019225977178072284,-4.123032577284659e-05,-4.1230401731651156e-05,False,7.595880456741366e-11,4.1023815739632985e-16,3.4083582380744514e-08,0.000779306544288496,-13.366036356475888,0.000779306544288496,0.0003851831029529539,0.00020701219310092857,8.472694525900405e-05,4.259025757175475e-05,2.1367155178065778e-05,8.56607339392487e-06,1.6999397633350557e-09,0.0007793065635934373,0.000385183112466486,0.00020701219819963204,8.472694732379024e-05,4.2590258593661984e-05,2.1367155685124268e-05,8.566073596008518e-06,1.6999261824709096e-09
174,node,rashba,59,0.8755389877547365,0.17253560390101083,2.2977655253075175,1.2620528173148102,1.0719446144942655,5.47921765664579e-07,0.08990859071843071,-1,True,False,True,9.14527640518153,8.412528316506956,49.58747168349308,5.479217019406482e-07,6.37239308070675e-14,1.1630114881414903e-07,True,1.6892826108897641e-13,1.857786193593849e-12,1.0,0.9999999999997763,1.3065330043591766e-13,2.5130770551607027,2.5130770551607027,2.5130980141960038,2.095903530108245e-05,2.095903530108245e-05,-0.22638549007367614,0.22638616770571873,True,6.776320425894156e-07,7.601838779113197e-16,0.6800585226828895,0.0012773175410015914,,0.0012773175410015914,0.0020400138529293043,0.0034976149247234545,0.007914989450069724,0.014290318494220066,0.02337230277193863,0.03568916798143166,0.051250390115898534,0.0012773175410013056,0.0020400138529290224,0.0034976149247230876,0.007914989450069005,0.014290318494218761,0.023372302771936304,0.03568916798142761,0.05125039011589184
174,anti,rashba,59,0.9285973801522238,0.17253560390101083,2.2977655253075175,1.2620528173148102,1.0719446144942655,0.007704568795232456,0.08912062150727731,-1,True,False,True,8.47841565821556,8.031798277112934,49.968201722887095,0.007704568730250246,6.498220971734581e-11,8.434243556570802e-09,True,1.7308220837230662e-10,4.340764623146255e-09,1.0,1.0000000042459398,4.2459398227761405e-09,2.460904641270387,2.4609039077330035,2.460663521629558,0.00024038610344545575,0.00024111964082917936,1.0044924973456187e-05,1.0044831589769987e-05,False,9.338368620048776e-11,1.976469290867168e-15,7.187584841417013e-09,0.000237935037180526,-6.876598853497885,0.000237935037180526,0.00012066209287367636,6.52346356248741e-05,2.6798205625964403e-05,1.3515239841719575e-05,6.804126804293339e-06,2.735343421458436e-06,1.0090051772233863e-10,0.00023793503819078386,0.00012066209338321475,6.523463589846457e-05,2.6798205735397583e-05,1.3515239894987666e-05,6.8041268307736756e-06,2.735343432752004e-06,1.0090092993924921e-10
175,node,rashba,100,1.5374326434410972,0.1731030215820121,2.4756909615949847,0.9125481525075074,1.2448352663142985,5.488564445182913e-07,0.05344270845079289,-1,True,False,True,17.07309978432874,16.842641848312528,82.15735815168733,5.488564679364551e-07,2.3418163732349332e-14,4.26671927900974e-08,True,1.299430585636783e-13,8.069796457393932e-13,1.0,1.0000000000000733,7.694779470775316e-14,1.9906682794914365,1.990668279491394,1.990666852096087,1.427395306841106e-06,1.4273953494736702e-06,-0.32426218884654784,0.3242635305805381,True,1.3417339902455083e-06,5.411106792474148e-16,0.6743330696728335,0.0015592586489428435,,0.0015592586489428435,0.002552360897569977,0.004354115574551013,0.010013513574552315,0.018824070826932656,0.03348586731308702,0.05942368364554624,0.10514596711555418,0.0015592586489429577,0.0025523608975701463,0.004354115574551275,0.010013513574552893,0.018824070826933756,0.03348586731308906,0.059423683645550215,0.10514596711556227
175,anti,rashba,100,1.569711809135795,0.1731030215820121,2.4756909615949847,0.9125481525075074,1.2448352663142985,0.006755564915939821,0.05290731363991525,-1,True,False,True,15.343464259351975,15.716654044513069,83.28334595548692,0.006755564684864497,2.3107532380606255e-10,3.4205181458746416e-08,True,1.3200100100615502e-09,1.945293433342547e-08,0.9999999999999996,1.0000000193519683,1.9351968227717876e-08,1.9596936779387546,1.9596869843916096,1.9595107846436075,0.00017619974800187066,0.0001828932951468687,-3.562122760364817e-05,-3.562155761333008e-05,False,3.30009681907828e-10,9.091216162950226e-16,4.645751621074011e-08,0.0002731252033008099,-16.499121073433077,0.0002731252033008099,0.00016711417477187753,9.461388903540021e-05,3.9502194907532526e-05,2.0018200830707903e-05,1.0155508698974153e-05,4.126882282745591e-06,1.2688718559909095e-09,0.00027312520858632013,0.00016711417799416113,9.461389084721239e-05,3.950219563852571e-05,2.0018201175021117e-05,1.0155508856131241e-05,4.126882344088827e-06,1.268860925588761e-09
176,node,rashba,44,0.8891556448588357,0.21170694045620347,2.054243192749711,0.8358284804733416,1.1840907851702132,9.020598814183309e-08,0.08449293017458412,-1,True,False,True,9.930264129166451,10.330816262294514,32.6691837377055,9.020598746173015e-08,6.80102936557424e-16,7.539443340369838e-09,True,3.910707500180584e-15,2.068317134682168e-14,1.0,0.9999999999999931,4.5042140728834585e-15,2.79219566483874,2.79219566483874,2.7931697778396716,0.0009741130009315313,0.0009741130009315313,-0.5660662725864057,0.5660666524627702,True,3.798763644757841e-07,4.258147132428554e-16,0.6846579238915987,0.010636732652049855,,0.010636732652049855,0.016846141197645863,0.02879542580771295,0.0639932546895996,0.11150926994306609,0.1718092791853762,0.2426657520581146,0.320431024959867,0.010636732652049782,0.01684614119764577,0.028795425807712806,0.06399325468959927,0.11150926994306551,0.1718092791853753,0.24266575205811342,0.32043102495986553
176,anti,rashba,44,0.9702031070678248,0.21170694045620347,2.054243192749711,0.8358284804733416,1.1840907851702132,0.031019500714839502,0.08383360902427002,-1,True,False,True,7.996858915292465,8.49708484887056,34.502915151129464,0.031019500853200262,1.38360760348899e-10,4.460444467525172e-09,True,3.84653541647405e-10,3.1655463690656303e-09,1.0,0.9999999964512483,3.5487517497144857e-09,2.7225686243779066,2.7225677339933307,2.7223565080501064,0.00021122594322431354,0.00021211632780016032,1.6626290776276375e-05,1.662612478248171e-05,False,1.6599379466450404e-10,4.820162973746204e-16,4.043100364479193e-09,0.001553901709406373,-13.31383553117814,0.001553901709406373,0.0007442727599398942,0.0003973710537166843,0.00016221094264855004,8.141950043506154e-05,4.077627516378517e-05,1.6323622408059756e-05,2.764335449772869e-10,0.0015539017038919615,0.0007442727573095514,0.00039737105231515306,0.00016221094207897444,8.141950014977086e-05,4.0776275020023686e-05,1.6323622349298973e-05,2.764326980435074e-10
177,node,rashba,83,0.8769341603752727,0.13896824978536665,2.9525527676566394,1.102487340341582,1.0950601128343411,7.201563003809526e-07,0.03935230744465661,-1,True,False,True,16.859197027381335,17.478567687578153,64.5214323124219,7.201562492760087e-07,5.110494396727696e-14,7.096368377287425e-08,True,2.457804527361701e-13,1.4193701516924842e-12,1.0,1.0000000000001668,1.9520620571907648e-13,1.7203522520378236,1.7203522520376548,1.7203529444495456,6.924118904905185e-07,6.924117217366188e-07,0.47442631131526747,0.474423334021583,True,2.977293684480742e-06,4.609259340155334e-16,0.6750896757410216,0.0040169643240564115,,0.0040169643240564115,0.006692730224662095,0.011270759061657728,0.025563250753502915,0.0474163737702581,0.08216741032591147,0.13824992942507805,0.22508032486821103,0.004016964324057081,0.006692730224663184,0.011270759061659415,0.02556325075350654,0.04741637377026485,0.08216741032592381,0.1382499294251013,0.22508032486825497
177,anti,rashba,83,0.9075710311819236,0.13896824978536665,2.9525527676566394,1.102487340341582,1.0950601128343411,0.009593177736194938,0.038753832121148295,-1,True,False,True,14.174381235181805,15.277798038499947,66.72220196150003,0.009593177979024784,2.428298465084744e-10,2.5312764256652982e-08,True,1.1193019892813724e-09,1.6884478276080954e-08,1.0,0.9999999824937263,1.750627365732223e-08,1.6832207883051131,1.6831885688725157,1.6828557606146708,0.00033280825784487433,0.0003650276904423322,1.559102561348477e-05,1.5590177499663627e-05,False,8.481138211429567e-10,1.189297941393104e-15,4.654349868736562e-09,0.0006292341017316459,-27.275602747838835,0.0006292341017316459,0.0004473438117592395,0.0002652130950064709,0.00011273674601517475,5.737759188901665e-05,2.9155005867579844e-05,1.183736428122101e-05,2.430800796803499e-10,0.0006292340907161015,0.0004473438039687912,0.00026521309043108854,0.00011273674415003139,5.737759100806824e-05,2.91550054450205e-05,1.18373640863339e-05,2.430705947591042e-10
178,node,rashba,55,0.5093649629401106,0.16602394989130537,2.9928457761680516,1.0854551411273725,0.9671240129671881,3.0466661741616703e-07,0.04255066259174942,-1,True,False,True,12.076468386369967,12.695519387194851,41.30448061280503,3.046665920631078e-07,2.5353059252031137e-14,8.321574403866995e-08,True,9.688417572438951e-14,5.358277811180484e-13,1.0,1.000000000000104,1.2553815187819924e-13,1.5706962095958774,1.570696209595825,1.5706967080844751,4.984886503578423e-07,4.984885979553155e-07,0.5535653130139402,0.5535626241997262,True,2.688814213946955e-06,3.511807260029141e-16,0.6792740884526368,0.008202193300746284,,0.008202193300746284,0.013824112138424383,0.022962304711897218,0.05071198053020775,0.09048993560836091,0.14579226818013305,0.21821927478367578,0.3064345557722216,0.008202193300747136,0.013824112138425824,0.022962304711899452,0.050711980530212454,0.09048993560836946,0.14579226818014787,0.21821927478370048,0.3064345557722601
178,anti,rashba,55,0.5468417201186695,0.16602394989130537,2.9928457761680516,1.0854551411273725,0.9671240129671881,0.013926071760032572,0.04143506031630669,-1,True,False,True,9.811211918269791,10.62927963870313,43.37072036129683,0.013926071826857577,6.682500559851423e-11,4.798553874345247e-09,True,2.271944960536772e-10,3.462192692428842e-09,0.9999999999999997,0.9999999964143287,3.5856713114105153e-09,1.5153176249048244,1.5151935851789373,1.514339162645199,0.0008544225337381306,0.000978462259625168,-1.59523898671497e-05,-1.595344130238263e-05,False,1.0514352329332038e-09,4.45032850963157e-16,3.771113490748016e-09,0.001226928396120447,-27.57078742072518,0.001226928396120447,0.0009724478237438007,0.0006004372901678869,0.00026006333593916146,0.0001330134595939293,6.750802271658642e-05,2.72574118674685e-05,2.544787424735981e-10,0.001226928391721085,0.0009724478202991464,0.0006004372880832841,0.0002600633350971594,0.000133013459194439,6.750802251021435e-05,2.7257411768452174e-05,2.5448293042613135e-10
179,node,rashba,50,0.6815897736491285,0.19099688574848783,2.5515557502523007,1.2296383264702198,0.9424583267921841,5.707125821641965e-07,0.0765880558388836,-1,True,False,True,8.483073873231948,7.896954534342237,41.103045465657665,5.70712640500493e-07,5.833629653677271e-14,1.0221659441177188e-07,True,1.4715245051306656e-13,1.5172363826422149e-12,0.9999999999999998,0.99999999999973,2.8570252982941583e-13,1.9709581874210915,1.9709581874210063,1.9709510179874226,7.169433583698037e-06,7.1694336689631655e-06,0.29683951940841696,0.29683738784506336,True,2.131563353602317e-06,7.4724827559546e-16,0.6814245770415205,0.0025861614990517435,,0.0025861614990517435,0.004219412554756755,0.0071114729558268315,0.015798545631470592,0.02794479171257446,0.044199607935217905,0.06450614329614289,0.08811370028261992,0.0025861614990510453,0.004219412554755719,0.007111472955825267,0.015798545631467334,0.02794479171256855,0.044199607935207726,0.0645061432961263,0.08811370028259474
179,anti,rashba,50,0.7292862985352457,0.19099688574848783,2.5515557502523007,1.2296383264702198,0.9424583267921841,0.009124885426819756,0.07502488037113,-1,True,False,True,7.651673293849477,7.370495302609714,41.62950469739029,0.009124885658382322,2.31562565997101e-10,2.5377038194528453e-08,True,5.833894768262219e-10,1.4253546326593366e-08,0.9999999999999997,0.9999999859167179,1.4083282077184694e-08,1.9099067694131513,1.9098823069628885,1.9091841958682174,0.0006981110946711055,0.0007225735449338799,1.020545482473636e-05,1.020514289393204e-05,False,3.119308043201402e-10,7.460205416349569e-16,4.5597723314684115e-09,0.00045682679137707804,-10.211384638404015,0.00045682679137707804,0.00028716218268690996,0.00016412167302818574,6.915488270977296e-05,3.5291791030219e-05,1.7920194601681237e-05,7.239139912248446e-06,1.0415130817972974e-10,0.0004568267849434575,0.00028716217870147553,0.0001641216708062829,6.915488185579539e-05,3.529179063733242e-05,1.7920194402876946e-05,7.239139816038576e-06,1.0414692160144045e-10
180,anti,rashba,53,1.1461237110482019,0.12364419227353995,2.3419645698970837,0.7597438416665665,1.3996054261671427,0.05256539344597483,0.039260749063872565,-1,False,True,False,10.604592991882178,12.997970262778422,39.00202973722144,,,,,,,,,,,,2.734283211386882,,,-5.617498858323218e-05,-5.6175681120707026e-05,False,6.925374748426266e-10,4.979579235895097e-16,2.152306772772875e-08,0.002766342466766468,-34.725810733205606,,,,,,,,,,,,,,,,
181,node,rashba,85,0.7611145222327347,0.2360094985967638,1.9076612001292448,1.0373555147338631,1.0755565279509305,3.419331810179452e-08,0.1266356833238562,-1,True,False,True,7.110954358668246,6.120543801103256,77.87945619889676,3.419331934625077e-08,1.2444562466864817e-15,3.639472024860818e-08,True,3.854738377852834e-15,4.40777561581449e-13,0.9999999999999998,1.0000000000000198,1.0363955737389114e-13,2.9220749393322096,2.9220749393322105,2.9223652350070015,0.00029029567479099683,0.000290295674791885,0.024632379027982536,0.02463238922200225,True,1.0194019715165092e-08,1.4129420633939329e-14,0.6805441207767945,1.0489082590276968e-05,,1.0489082590276968e-05,1.675018307045846e-05,2.905026951791743e-05,6.70748581489992e-05,0.00012502284132095086,0.00021763382764076054,0.0003688534149574668,0.0006067540965781944,1.0489082590277176e-05,1.675018307045979e-05,2.905026951792019e-05,6.707485814900581e-05,0.0001250228413209631,0.00021763382764078187,0.00036885341495750373,0.0006067540965782573
181,anti,rashba,85,0.8001227550509358,0.2360094985967638,1.9076612001292448,1.0373555147338631,1.0755565279509305,0.0006123305644850855,0.126392977172457,-1,True,False,True,7.097221288009852,6.1177826729937985,77.88221732700623,0.0006123305973455188,3.286043323297988e-11,5.3664532098953e-08,True,7.053951518504828e-11,1.5482512376584e-08,0.9999999999999996,0.9999999872030102,1.2796989813312048e-08,2.885561278752043,2.885561308854685,2.8854773869434944,8.392191119055425e-05,8.38918085483975e-05,1.2741846590504357e-06,1.2741991056025581e-06,False,1.4446552122431532e-11,1.2737136150921266e-14,7.361717797750644e-09,2.5945775316598717e-06,-0.99412412482298,2.5945775316598717e-06,1.2150542247731833e-06,6.457267869587438e-07,2.631349571856656e-07,1.320502774246569e-07,6.617810997736809e-08,2.6527112969098467e-08,1.6235465453596861e-12,2.5945774984570895e-06,1.2150542092705496e-06,6.457267787300076e-07,2.6313495384508416e-07,1.3205027575905038e-07,6.617810914765082e-08,2.6527112633791965e-08,1.6235416934862951e-12
182,anti,rashba,45,0.8805118266520782,0.12053311051708926,2.0441210034770596,0.7448080573020438,0.9002367634732551,0.027602677655861423,0.036702969354520255,-1,True,False,True,8.722412450024223,10.056124776846904,33.94387522315306,0.027602677340849504,3.1501191932736816e-10,1.1412368149742728e-08,True,1.081371434263698e-09,9.732923864919223e-09,1.0,1.0000000100687152,1.0068715202668143e-08,1.9811332809190647,1.9809222472889108,1.9802789616741867,0.0006432856147240429,0.000854319244877999,2.7527404975360385e-05,2.7526411879030818e-05,False,9.930963295669856e-10,3.6698138315073737e-16,6.801570142730159e-09,0.002475761752314479,-34.687755078094064,0.002475761752314479,0.0015018488883577884,0.000848561677306023,0.0003537904990791658,0.0001785462647136885,8.968456325420207e-05,3.596064086615297e-05,7.577580246774536e-10,0.002475761777242219,0.0015018489033387394,0.0008485616856947685,0.0003537905025096315,0.0001785462664532063,8.968456418580211e-05,3.596064129636429e-05,7.577834859695646e-10
183,node,rashba,57,1.0135558625083916,0.13571387154500586,2.390248636028189,1.182207960013729,1.3327518801180507,2.28486209153993e-07,0.06613757355272029,-1,True,False,True,13.138358347942347,14.196528463465105,41.80347153653488,2.2848618648971992e-07,2.2664273069073957e-14,9.919317736064719e-08,True,8.446532646195254e-14,2.464452500166031e-13,1.0,1.0000000000000289,7.433559235984076e-16,2.816506386272658,2.8165063862726605,2.8169196656449116,0.00041327937225110745,0.000413279372253772,0.5654276058522966,0.5654271303409573,True,4.7551133930401335e-07,1.429649453109269e-15,0.6794617806456666,0.008254943931466785,,0.008254943931466785,0.013086020645868461,0.022496472402121666,0.05089731084743749,0.09158772866290268,0.14881419609590446,0.22508330417623595,0.31970837745986,0.008254943931467022,0.01308602064586857,0.02249647240212172,0.050897310847437524,0.09158772866290274,0.1488141960959046,0.22508330417623615,0.3197083774598602
183,anti,rashba,57,1.0845463479143422,0.13571387154500586,2.390248636028189,1.182207960013729,1.3327518801180507,0.027372375765207492,0.06586298724395935,-1,True,False,True,10.449314606053296,11.531872532536264,44.468127467463795,0.027372375218381144,5.468263480912228e-10,1.9977306784830983e-08,True,1.7559153760802243e-09,1.4698620169741159e-08,0.9999999999999998,1.0000000161799942,1.6179994341471845e-08,2.7624214507734184,2.762438278369606,2.762318322670363,0.00011995569924305727,0.00010312810305546094,-2.397467156250565e-05,-2.3974926557923656e-05,False,2.5499541800666297e-10,6.208992326050521e-16,8.431737187206659e-09,0.00119595108082605,-15.633650046592216,0.00119595108082605,0.0005689469704244603,0.00030331220502751767,0.00012371515318355212,6.207072375048227e-05,3.1079119590848744e-05,1.244039781554202e-05,5.747848765300092e-10,0.0011959511001765318,0.0005689469796074887,0.00030331220991742207,0.00012371515517171165,6.207072474420315e-05,3.10791200877034e-05,1.2440398014386209e-05,5.747810743555153e-10
184,node,rashba,62,0.8063615956146084,0.16069842710345433,1.8759087446375076,1.0630724394914028,1.0071652487535363,3.361075969684839e-07,0.08940846685230698,-1,True,False,True,8.93814054502335,8.1103027331587,52.88969726684129,3.3610759905286855e-07,2.0843846587735723e-15,6.2015398568007395e-09,True,8.430926958897561e-15,9.64073942669853e-14,1.0,0.99999999999999,2.1941579352427865e-14,2.7923000909842592,2.792300090984269,2.792525084540626,0.00022499355635696716,0.00022499355636673712,-0.183951388367174,0.1839515631403179,True,1.747731439016853e-07,6.114229451776136e-16,0.6805090712301737,0.0008020113819999599,,0.0008020113819999599,0.0012754406183993175,0.0021970324020180055,0.004995178476394257,0.009067556110117296,0.01497166643797809,0.023182274997239308,0.03383811328221088,0.0008020113819999519,0.0012754406183992937,0.002197032402017961,0.004995178476394163,0.009067556110117135,0.014971666437977812,0.023182274997238836,0.03383811328221014
184,anti,rashba,62,0.8556566406765403,0.16069842710345433,1.8759087446375076,1.0630724394914028,1.0071652487535363,0.005802275064146404,0.08895928528642649,-1,True,False,True,8.439120911164803,7.848806425715702,53.15119357428433,0.005802274966214077,9.793232717825173e-11,1.6878263456242907e-08,True,2.9330596257183117e-10,7.99864653897765e-09,1.0,1.0000000079265856,7.926585534715575e-09,2.742525158538319,2.742527743828658,2.742412183632603,0.00011556019605496459,0.00011297490571582358,1.2825974991187233e-05,1.2825911296573954e-05,False,6.369461327898022e-11,2.714980853691087e-15,1.7045934080066327e-08,0.00015565686647681963,-5.960065791709921,0.00015565686647681963,7.42809037248069e-05,3.9630749328880234e-05,1.6179700936017706e-05,8.128880954067901e-06,4.077402117575381e-06,1.6348403927103654e-06,1.645056344745609e-10,0.0001556568677106471,7.428090431161967e-05,3.9630749641247676e-05,1.6179701062543578e-05,8.128881016968344e-06,4.077402149024591e-06,1.634840405642844e-06,1.6450601036684162e-10
185,node,rashba,90,1.0253963268563413,0.2819599871708012,2.429035435305988,1.0107743711100265,1.3692101887068264,2.3718639547606202e-07,0.11453855014987914,-1,True,False,True,10.63577815987136,9.704645601271597,79.29535439872843,2.3718641864667315e-07,2.3170611127264432e-14,9.768946098598188e-08,True,5.547731050612638e-14,1.3551892778346466e-12,1.0,1.000000000000138,2.1536546354433907e-14,2.7616264931949575,2.7616264931949575,2.761661362261668,3.4869066710463414e-05,3.4869066710463414e-05,-0.11137493363021682,0.11137497791559484,True,4.4285378017483445e-08,1.4247291778159247e-15,0.6779698376415847,0.00020329281714697583,,0.00020329281714697583,0.0003246706729648004,0.0005625028622756681,0.0013005715352929527,0.0024331705288740046,0.00427023156998866,0.007356567014001385,0.012404375841135198,0.00020329281714700386,0.00032467067296481695,0.0005625028622756822,0.001300571535292975,0.0024331705288740462,0.00427023156998874,0.0073565670140015305,0.012404375841135466
185,anti,rashba,90,1.0717737789103308,0.2819599871708012,2.429035435305988,1.0107743711100265,1.3692101887068264,0.0032930336824554237,0.11422093748339263,-1,True,False,True,10.388747090079022,9.60251522241907,79.39748477758086,0.0032930337163773232,3.3921899577488146e-11,1.030110920462695e-08,True,8.163684903067884e-11,4.244920430613829e-09,0.9999999999999993,0.999999996312917,3.6870829765022052e-09,2.7271457749347228,2.727145784217841,2.72709197728825,5.380692959100486e-05,5.3797646472730776e-05,1.1352914284665726e-06,1.1352615679124933e-06,False,2.986055407929941e-11,1.0087527060550398e-14,3.274003992045415e-10,4.374143270174432e-05,-3.791232042770149,4.374143270174432e-05,2.0918640324146474e-05,1.1164682114333748e-05,4.557643406705729e-06,2.289629892917653e-06,1.149193734617196e-06,4.614047628724264e-07,1.288886627549166e-12,4.374143254046603e-05,2.091864024721071e-05,1.1164682073360889e-05,4.557643390131888e-06,2.2896298847326535e-06,1.1491937305891655e-06,4.6140476124594454e-07,1.2888769030938638e-12
186,node,rashba,55,0.6524991526940268,0.22922748023628664,2.229445319017168,1.0468461924449364,0.8343982120405611,6.611220995353234e-08,0.08749539595854287,-1,True,False,True,6.836926211486338,5.978316180880894,48.02168381911914,6.611220635823678e-08,3.5952955603061915e-15,5.4381718034129895e-08,True,7.928402537807517e-15,2.365409599309943e-13,1.0,0.9999999999998803,1.2173294327924412e-13,1.907027264471493,1.9070272644714912,1.9070217164197332,5.548051758008654e-06,5.548051759785011e-06,-0.12745694135200544,0.12745749157337227,True,5.502213668295841e-07,1.1468108817177638e-15,0.6813032928021604,0.0004335346432328306,,0.0004335346432328306,0.0007115546634817924,0.0011995701057061342,0.0026784030596020913,0.0047903733567249245,0.007723965670892166,0.011565542956424944,0.016245271898808554,0.00043353464323277874,0.0007115546634817107,0.001199570105706004,0.002678403059601815,0.004790373356724432,0.00772396567089134,0.011565542956423631,0.016245271898806576
186,anti,rashba,55,0.6903306146752983,0.22922748023628664,2.229445319017168,1.0468461924449364,0.8343982120405611,0.0030722398579494433,0.085797331290874,-1,True,False,True,6.630024459955876,5.89327168335168,48.106728316648336,0.0030722399879698522,1.3002040893592137e-10,4.2321047492269394e-08,True,3.080555858867009e-10,1.850243350724386e-08,1.0,0.9999999843277803,1.5672219769099888e-08,1.8513894976746803,1.8513855743548762,1.850849235361668,0.0005363389932080409,0.0005402623130121853,6.008946820809311e-07,6.007130123192317e-07,False,1.8166976169936566e-10,2.1557198737212303e-15,7.164639602451994e-11,9.163042106493287e-05,-5.339235892782343,9.163042106493287e-05,5.9393488985242954e-05,3.42812240690999e-05,1.4552353824156554e-05,7.484478534786531e-06,3.834574613389954e-06,1.5600161961503922e-06,3.6107441895316046e-13,9.163041962888077e-05,5.9393488076088984e-05,3.428122356725986e-05,1.4552353646839056e-05,7.484478465422459e-06,3.8345745822000616e-06,1.560016178912899e-06,3.6090737110381177e-13
187,node,rashba,53,0.5495070521311219,0.261366091782845,2.7429692665329,1.2868386915798742,0.8850596320822973,1.0186105717833197e-07,0.08899119692553639,-1,True,False,True,6.361093243223827,5.545850113493232,46.45414988650684,1.0186105026266503e-07,6.915666937004535e-15,6.789313922883225e-08,True,1.1318278258914242e-14,4.3578539105158944e-13,1.0,0.9999999999998554,1.670322520462141e-13,1.6286195999360613,1.6286195999360578,1.6286181873717434,1.41256431440695e-06,1.4125643179596636e-06,-0.11484625027906184,0.1148469653071109,True,7.15028049061428e-07,1.0252312771028226e-15,0.6810848403486139,0.0003653899153117716,,0.0003653899153117716,0.000612782152932733,0.001020320371087044,0.0022535537549069106,0.004006207339827163,0.00640815792455961,0.009496632085611615,0.013189661203160914,0.0003653899153117188,0.0006127821529326445,0.0010203203710869068,0.002253553754906628,0.004006207339826658,0.0064081579245587415,0.009496632085610187,0.01318966120315871
187,anti,rashba,53,0.586428880384447,0.261366091782845,2.7429692665329,1.2868386915798742,0.8850596320822973,0.0026991962477597884,0.0865947553041872,-1,True,False,True,6.193534845199036,5.485545150858173,46.51445484914185,0.00269919621770217,3.0057618286699617e-11,1.1135766179152808e-08,True,5.991247383443102e-11,4.830012760038708e-09,1.0,1.0000000039009282,3.900928334302507e-09,1.571101969686361,1.571096933878417,1.5703489051080228,0.0007480287703942601,0.0007530645783382361,-1.8178762425360897e-06,-1.8181226055929976e-06,False,2.4636305690786316e-10,3.1284005411777847e-15,7.911443402804468e-10,7.881285003760795e-05,-4.929521086193813,7.881285003760795e-05,6.035733347839847e-05,3.689665622754504e-05,1.610369639642361e-05,8.381477768326105e-06,4.330343865895796e-06,1.770159970657566e-06,3.3046740331718738e-12,7.881285034505123e-05,6.0357333705344775e-05,3.6896656356317204e-05,1.610369643735543e-05,8.381477780735258e-06,4.3303438707265704e-06,1.7701599744063046e-06,3.3045067367111215e-12
188,anti,rashba,48,1.5098696439861334,0.18462021100185397,2.4472554056550715,0.808233746434048,1.16057097747469,0.028475526859508556,0.04644734393016342,-1,True,False,True,9.140137192733864,10.399202470843203,36.60079752915676,0.028475526956174658,9.666610220615546e-11,3.3947081184163123e-09,True,4.044209840516347e-10,2.7876446391522645e-09,1.0,0.9999999971097687,2.8902313250644108e-09,1.7317495804866336,1.7315294519027296,1.7307305417811119,0.0007989101216177019,0.0010190387055217798,-6.738634573322288e-05,-6.738699407510262e-05,False,6.483418797491314e-10,2.872973881021096e-16,4.4177465834409316e-08,0.0021414196060848285,-27.64302045138098,0.0021414196060848285,0.001481813134257688,0.0008711702582746398,0.00036905435136513735,0.0001870847489781887,9.422548651095773e-05,3.783514896788926e-05,4.540919591277342e-09,0.0021414195998956304,0.0014818131300228469,0.0008711702558190818,0.00036905435036347945,0.0001870847484809824,9.422548625034462e-05,3.7835148855622374e-05,4.540938710486605e-09
189,anti,rashba,44,0.5763395617433665,0.12269430439341089,2.5132184316129553,0.9581553161958094,0.8325856760325819,0.019065223906873173,0.03130377115014933,-1,True,False,True,8.366673003424232,9.478364807256279,33.52163519274367,0.0190652238130159,9.385727264832333e-11,4.922956746103936e-09,True,3.402655920775037e-10,4.100618313176633e-09,0.9999999999999997,1.0000000041695145,4.1695145449490724e-09,1.4671978487617778,1.466845563496734,1.465621572549703,0.0012239909470306287,0.0015762762120745677,1.0661705330186101e-05,1.0659959547021368e-05,False,1.7457831647335896e-09,4.1732861108328655e-16,1.1552829687291755e-09,0.0022362085469446653,-39.260349860712616,0.0022362085469446653,0.0018337059084165917,0.001148191288839262,0.0004995311706780551,0.00025472887349476075,0.00012859458060168348,5.168678997132469e-05,1.136719605475329e-10,0.0022362085562685693,0.0018337059159306821,0.0011481912934379482,0.0004995311725742087,0.0002547288744503672,0.00012859458113250127,5.16867902319145e-05,1.1367811387782935e-10
190,anti,rashba,43,1.3741962823038694,0.11855266530306736,2.92940849383851,0.839783220303933,1.3320433495795325,0.058206167799520384,0.027960348445561403,-1,False,True,False,8.765062887625833,10.914585714576843,31.08541428542312,,,,,,,,,,,,1.9276544311732162,,,0.00022617313692671398,0.00022617181356932023,False,1.3233573937468813e-09,5.597162253979958e-16,2.995798931719118e-07,0.003971009499231504,-50.83176370973206,,,,,,,,,,,,,,,,
191,node,rashba,43,0.6935444446163789,0.2855578292078146,1.8893320815549375,1.0502662338069602,1.1498870781000778,2.639177276682939e-07,0.15696846876109347,-1,True,False,True,5.9849049601733775,5.079348734258066,36.92065126574197,2.6391776245534583e-07,3.478705191473693e-14,1.3181021306177347e-07,False,6.107485676618269e-14,7.002295479867213e-14,1.0,0.9999999999999343,5.257493586835432e-14,3.140596263548092,3.1405962635481,3.1415925760461585,0.000996312498058316,0.0009963124980663096,-0.16667934988230873,0.1666791442451741,True,2.0563713462595778e-07,1.030820462256457e-15,0.5232003096564752,0.0012348867983424578,,0.0012348867983424578,0.0016243000574411926,0.0026194171941777917,0.005684794232272417,0.009839216692454945,0.015072308539222439,0.021161327034023788,0.02778200567718908,0.0012348867983423767,0.001624300057441105,0.002619417194177672,0.005684794232272185,0.009839216692454534,0.015072308539221771,0.021161327034022754,0.02778200567718762
191,anti,rashba,43,0.7754548883029104,0.2855578292078146,1.8893320815549375,1.0502662338069602,1.1498870781000778,0.008741233179702407,0.1569029533149643,-1,True,False,True,5.704407121495578,4.939122304061889,37.060877695938125,0.008741232868805175,3.108972315701841e-10,3.5566747297406905e-08,False,5.508161748923879e-10,5.590833158933897e-09,1.0,1.0000000073589315,7.358931401700096e-09,3.0691742552268213,3.0691825700224085,3.1415925760461585,0.07241000602375003,0.07241832081933719,4.189664978048087e-06,4.189647066776825e-06,False,1.7911271261734224e-11,1.7017406929244101e-15,1.6927049543546045e-09,0.0002411619973016063,-3.248407894803837,0.0002411619973016063,0.00011157616864255076,5.9149079177537796e-05,2.4073648880840916e-05,1.206805517750845e-05,6.038316689267642e-06,2.4158990593046626e-06,1.7553292628315734e-11,0.0002411619990763009,0.00011157616946302847,5.914907961274249e-05,2.4073649058354427e-05,1.2068055266666691e-05,6.038316733868727e-06,2.4158990770563107e-06,1.7553174467436653e-11
192,node,rashba,66,0.7068272912088434,0.2557533711836853,2.3628566661973043,1.04720337737078,0.8921172630673009,6.052281757651235e-08,0.09106312634864093,-1,True,False,True,7.103858694991506,6.212922714959992,58.78707728504003,6.052281640072317e-08,1.1757891716243722e-15,1.942720479161353e-08,True,4.894953931758747e-15,2.3936067877680347e-13,0.9999999999999999,0.9999999999999964,8.076853658657263e-15,1.8752601780265659,1.875260178026564,1.8752575524811759,2.625545388212913e-06,2.62554538998927e-06,-0.07892108000782874,0.07892140843771972,True,3.284298909778105e-07,2.9557630369846194e-15,0.6793500912450569,0.00013891478336094758,,0.00013891478336094758,0.00022883261733662168,0.0003866921938054071,0.0008718472979932296,0.0015885680521914463,0.002651251944776699,0.004177267693819828,0.006228536869602104,0.0001389147833609471,0.0002288326173366214,0.0003866921938054077,0.0008718472979932308,0.0015885680521914459,0.0026512519447766934,0.004177267693819809,0.006228536869602053
192,anti,rashba,66,0.7403724846019772,0.2557533711836853,2.3628566661973043,1.04720337737078,0.8921172630673009,0.0016848339500109815,0.08951285488110575,-1,True,False,True,7.003221846841068,6.180521833810283,58.81947816618974,0.0016848339787095456,2.8698564141435567e-11,1.7033467387838732e-08,True,6.599388871904533e-11,6.7101230077808245e-09,1.0,0.9999999947949736,5.205026430006762e-09,1.8286956882695735,1.828694610690393,1.8283454402293942,0.0003491704609990265,0.00035024804017957933,-5.3415890495924845e-06,-5.341724404386155e-06,False,1.3535479367022353e-10,5.080437505917868e-15,1.3758150670200226e-08,3.142222608199533e-05,-3.712298120103156,3.142222608199533e-05,2.0601027856763542e-05,1.1926414346762092e-05,5.064675058497554e-06,2.608263420366457e-06,1.3431302179090115e-06,5.500276320080253e-07,2.8532573574727118e-11,3.142222591844181e-05,2.0601027751986935e-05,1.1926414288855399e-05,5.064675038550417e-06,2.6082634134968266e-06,1.3431302156067156e-06,5.500276307338127e-07,2.8532889103298823e-11
193,node,rashba,75,1.407120719484571,0.19114018538827227,2.212708349893336,0.7216510420710736,1.0645413499697127,1.1931906397453123e-07,0.04752297892072892,-1,True,False,True,14.458625291597793,14.577970587364776,59.42202941263529,1.1931905386165447e-07,1.0112876758556789e-14,8.475491192853635e-08,True,5.961605692830597e-14,2.5567860588098337e-13,0.9999999999999998,0.9999999999999765,2.854704677002581e-14,1.7360631737192378,1.7360631737192334,1.7360622251336955,9.48585538118607e-07,9.485855425594991e-07,-0.43206107345569733,0.43206278972739126,True,1.7162716939300715e-06,4.583694222674156e-16,0.6767894486450813,0.0036776927018077796,,0.0036776927018077796,0.0061204576749785584,0.01030208709243839,0.02327835644878532,0.04285184383055375,0.07308615531531357,0.11943367676927515,0.18667677119568937,0.003677692701807693,0.006120457674978421,0.010302087092438185,0.02327835644878488,0.042851843830552926,0.07308615531531203,0.11943367676927226,0.18667677119568404
193,anti,rashba,75,1.4403331599860725,0.19114018538827227,2.212708349893336,0.7216510420710736,1.0645413499697127,0.009382920172823803,0.04666442650192444,-1,True,False,True,12.43001191418264,13.036569262049087,60.96343073795097,0.009382920170219803,2.604000348682689e-12,2.7752557846807425e-10,True,1.6366245059320926e-11,1.7588115555965013e-10,1.0,1.0000000001805625,1.8056254842877772e-10,1.6950414464667007,1.6950110392658804,1.6946026284716975,0.0004084107941828563,0.0004388179950032267,-4.977824176580323e-05,-4.9778921783205636e-05,False,6.800174024072336e-10,5.0203539048823845e-16,5.549741442447887e-08,0.0005953126234776596,-22.282625889196577,0.0005953126234776596,0.0004204032823461765,0.0002487632594588373,0.00010579494858012303,5.393959970684591e-05,2.7440348253277434e-05,1.1133852643197629e-05,2.477873353294806e-09,0.0005953126235851507,0.0004204032824215631,0.00024876325950288326,0.00010579494859783705,5.393959971504136e-05,2.7440348257115188e-05,1.1133852644834255e-05,2.477873041464198e-09
194,node,rashba,72,0.5280582208507377,0.28094339154337933,2.7877993856387233,0.9955771635594751,0.9163720556307484,5.531852492865917e-08,0.07004417462633952,-1,True,False,True,8.547408567616053,7.719540391682492,63.28045960831756,5.5318522299233044e-08,2.629426127248489e-15,4.753247001143821e-08,True,6.845175985021521e-15,2.6527995381173427e-13,0.9999999999999994,0.9999999999999859,2.539853407646243e-14,1.5490415930626993,1.5490415930626966,1.5490415303184137,6.274428265840015e-08,6.274428532293541e-08,-0.11716794987705965,0.11716875885962424,True,8.08982564590166e-07,1.219140141927197e-15,0.6774503883614615,0.00028145415832994827,,0.00028145415832994827,0.00047656472050803405,0.0007949455090787088,0.0017809194460291157,0.0032628687871853984,0.005525008400930259,0.00892188033291896,0.013728328478393158,0.0002814541583299443,0.0004765647205080268,0.0007949455090786981,0.0017809194460290873,0.0032628687871853338,0.005525008400930134,0.008921880332918741,0.01372832847839281
194,anti,rashba,72,0.5554118079428405,0.28094339154337933,2.7877993856387233,0.9955771635594751,0.9163720556307484,0.002040203641708171,0.06853022952955976,-1,True,False,True,8.336832696347988,7.638196974823324,63.36180302517668,0.0020402037416601348,9.995196380632732e-11,4.899117017683687e-08,True,2.522736999598609e-10,2.1058025995280376e-08,0.9999999999999996,0.999999982941626,1.7058374053593958e-08,1.5063972509561072,1.5063943261955313,1.5059515278277418,0.0004427983677892655,0.0004457231283652163,2.364783645192499e-06,2.3644025539532043e-06,False,3.810912392945842e-10,2.2660415171674886e-15,1.273992538149024e-09,6.0965402520842067e-05,-6.772419637854789,6.0965402520842067e-05,4.862154390944613e-05,3.012955116783071e-05,1.316040090233064e-05,6.840201663603067e-06,3.556503753053457e-06,1.4706417982720252e-06,5.592201688575955e-12,6.0965401480871426e-05,4.8621543098655906e-05,3.012955068935824e-05,1.3160400736163687e-05,6.840201610784468e-06,3.556503738788499e-06,1.4706417877427935e-06,5.59142097587656e-12
195,node,rashba,48,0.780803963069956,0.29413568744980334,2.6252856479706326,1.2660523529273908,1.0605042608171023,3.617272420746345e-07,0.1251657917530594,-1,True,False,True,6.506564006963725,5.653299902666756,41.346700097333276,3.6172718512315124e-07,5.695148327127916e-14,1.5744316890439914e-07,True,9.700084339505369e-14,1.8774245885550044e-12,0.9999999999999998,0.9999999999996202,3.523094643243134e-13,2.179356228748529,2.1793562287485138,2.179347131397161,9.097351352682637e-06,9.09735136778167e-06,-0.16366372168005694,0.16366447231861336,True,7.506385564237661e-07,7.834793514378433e-16,0.6839273837256297,0.0008159313410418282,,0.0008159313410418282,0.0013179585741351584,0.002234496002965363,0.004970032818369183,0.008752884039746247,0.013731536443271804,0.019829461345987915,0.02678581379416714,0.0008159313410415184,0.0013179585741347373,0.002234496002964737,0.004970032818367885,0.008752884039743903,0.013731536443267828,0.01982946134598157,0.026785813794157703
195,anti,rashba,48,0.840632723833702,0.29413568744980334,2.6252856479706326,1.2660523529273908,1.0605042608171023,0.00625110310434464,0.12305207065991172,-1,True,False,True,6.221702121742329,5.51973025957288,41.48026974042714,0.006251103168696258,6.435161865187e-11,1.0294442049299165e-08,True,1.1155607019103264e-10,4.746018565460726e-09,0.999999999999999,0.9999999957030314,4.296968506689032e-09,2.115688591097494,2.115683276582657,2.115142090897342,0.0005411856853148045,0.0005465002001519004,1.2321897508824021e-05,1.2321785562360852e-05,False,1.1194646316876986e-10,1.238048771410609e-15,1.9258230403735803e-08,0.00016424704640882515,-4.3565086962900175,0.00016424704640882515,9.394356955202846e-05,5.234526370624963e-05,2.186242186085538e-05,1.114036398080807e-05,5.652659335325831e-06,2.2825776525131764e-06,1.5182915821796537e-10,0.00016424704570306076,9.394356915545194e-05,5.2345263491614427e-05,2.1862421780263278e-05,1.1140363944350004e-05,5.652659316973692e-06,2.28257764344483e-06,1.518282637994101e-10
196,node,rashba,51,1.1332737997401836,0.2535487150008789,2.7923894337417936,1.0190598999392686,1.3277575352827,6.227934130119145e-07,0.08411312485256862,-1,True,False,True,11.027863833614267,11.358960065763616,38.64103993423649,6.227934188488345e-07,5.836920027276263e-15,9.372160824643465e-09,True,1.942649863629464e-14,7.27006991823489e-14,1.0,0.9999999999999949,2.7308476357538897e-15,2.2955518654198244,2.2955518654197995,2.2955518574375113,7.982288163788098e-09,7.98231303278385e-09,0.5334643475136758,0.5334635052712071,True,8.422424686571617e-07,8.475233865725481e-16,0.6815731628050398,0.008187063186865611,,0.008187063186865611,0.013147993858696772,0.022376302776624193,0.050056968086487914,0.0888573338755264,0.14116785941370602,0.20714782352411537,0.2845842100681917,0.00818706318686557,0.013147993858696739,0.022376302776624175,0.05005696808648789,0.08885733387552636,0.14116785941370585,0.207147823524115,0.2845842100681909
196,anti,rashba,51,1.2057446662690714,0.2535487150008789,2.7923894337417936,1.0190598999392686,1.3277575352827,0.025840810741867754,0.08307460499567997,-1,True,False,True,9.043743368414393,9.59382311856902,40.40617688143103,0.025840811267315248,5.254474945426413e-10,2.033401737242329e-08,True,1.37827310174347e-09,1.4190961557196608e-08,1.0,0.9999999849658969,1.503410306333728e-08,2.2355088621288584,2.235460939601932,2.235008154234793,0.000452785367138997,0.0005007078940653109,1.6432852862304902e-05,1.6432675012389986e-05,False,1.778499149167334e-10,3.7958358967802316e-16,4.3018065529148494e-09,0.0012308492926626313,-13.518014737281398,0.0012308492926626313,0.0006708409014581994,0.00036875421471485283,0.00015235228261325733,7.68721967315521e-05,3.8663752455713046e-05,1.5522509500023637e-05,2.700386531942412e-10,0.0012308492741579162,0.0006708408914356001,0.0003687542092469853,0.0001523522804105036,7.687219564494005e-05,3.86637519006707e-05,1.55225092572185e-05,2.7003057369994885e-10
197,node,rashba,77,0.8654100868000509,0.21059870807575864,1.9589094014850363,0.9751774777039723,1.3447116473395742,4.093290445539395e-07,0.10419772572272168,-1,True,False,True,10.94074019854919,10.121045585200063,65.87895441479999,4.093290467973784e-07,2.2434389174222087e-15,5.4807713922840836e-09,False,4.0955311776340644e-15,4.723705084319505e-14,1.0,0.9999999999999971,1.746674393099761e-14,3.0612555247360613,3.0612555247360485,3.0996518919076204,0.03839636717157191,0.03839636717155903,-0.18697368305569761,0.18697347769566758,True,2.0536003003668313e-07,1.4506567550495493e-15,0.6802966958747056,0.0006673779892398616,,0.0006673779892398616,0.0010629514297251967,0.001841288628775628,0.004234727852024512,0.007836346315627643,0.01343536548463393,0.02213150793712774,0.03495915815541245,0.0006673779892398597,0.0010629514297252093,0.0018412886287756574,0.0042347278520245835,0.007836346315627771,0.013435365484634147,0.022131507937128113,0.03495915815541306
197,anti,rashba,77,0.9194955266730194,0.21059870807575864,1.9589094014850363,0.9751774777039723,1.3447116473395742,0.0064714054452257,0.10422431640447556,-1,True,False,True,10.360186063137563,9.82021472681025,66.17978527318984,0.006471405283273057,1.6195264226914752e-10,2.5025884043261207e-08,False,4.567868233323244e-10,4.289943276264963e-09,1.0,1.0000000055858278,5.585827791225041e-09,3.101548984777483,3.101545856458282,3.1415925959523947,0.04004673949411286,0.04004361117491184,7.203700228945389e-06,7.203685564727279e-06,False,1.4664218109967377e-11,2.187341170046804e-15,3.839098643276712e-09,0.00017554613323336212,-5.512918254316387,0.00017554613323336212,8.115236920565811e-05,4.301325323157834e-05,1.7504447061986142e-05,8.774181544774234e-06,4.389892528162137e-06,1.7562964959964793e-06,5.189329698835857e-11,0.0001755461342139326,8.11523696587161e-05,4.3013253471659924e-05,1.7504447159626588e-05,8.774181593657914e-06,4.389892552569704e-06,1.7562965057056707e-06,5.1893157921148984e-11
198,node,rashba,80,0.8466982279451928,0.15753929508559816,2.8793030979718512,1.2806349970554474,1.053563483291784,2.2461098564049307e-07,0.05453359516680884,-1,True,False,True,12.876019942547039,12.3541309454178,66.64586905458218,2.246109760919487e-07,9.548544366171061e-15,4.251147529112504e-08,True,3.4551889345588385e-14,4.2357288208877117e-13,1.0,1.0000000000000815,8.961553067242956e-14,1.7840455684966718,1.7840455684966576,1.7840452840345806,2.844620770048323e-07,2.84462091215687e-07,0.2697847581222811,0.2697835229412027,True,1.2351810783628459e-06,1.0428421696949818e-15,0.6756342165039245,0.001346583216502086,,0.001346583216502086,0.002232074892974842,0.0037673361427109286,0.008548146207455348,0.015819082377966268,0.02726193586183893,0.045387633020255606,0.07278381571509765,0.0013465832165021957,0.0022320748929750183,0.0037673361427112075,0.008548146207455948,0.01581908237796738,0.027261935861840926,0.04538763302025921,0.07278381571510417
198,anti,rashba,80,0.8781355510646021,0.15753929508559816,2.8793030979718512,1.2806349970554474,1.053563483291784,0.005449082609760247,0.05372671706047224,-1,True,False,True,11.791632651483654,11.702237109483256,67.2977628905167,0.0054490826208561235,1.10958768215208e-11,2.0362834657059833e-09,True,3.9523228993820695e-11,1.1033356325464466e-09,1.0,0.9999999989337448,1.0662552147893412e-09,1.745519137167669,1.7455091087611523,1.7451763317203575,0.00033277704079459625,0.0003428054473113562,-9.94781099709636e-06,-9.94824131926586e-06,False,4.3032216949945995e-10,1.3105776581628342e-15,5.03562375857692e-09,0.0002456471838900781,-13.920315276041984,0.0002456471838900781,0.00016842733917201363,9.872352543334758e-05,4.1884112908093744e-05,2.1403734547932054e-05,1.0943001176381904e-05,4.46728754135278e-06,9.895894363393768e-11,0.00024564718362815553,0.00016842733899386569,9.872352533057658e-05,4.188411286759795e-05,2.140373452993778e-05,1.0943001168429374e-05,4.467287537808126e-06,9.895917771067209e-11
199,node,rashba,71,0.8849459366753967,0.18745063365894604,2.2632171857980987,1.1629493860470714,1.3599790144054085,2.3123814242810037e-08,0.09597129739967106,-1,True,False,True,11.574218155940986,10.97476666277208,59.02523333722793,2.312381415347881e-08,8.933122797759886e-17,3.863170108511614e-09,False,1.5421438212339362e-15,2.5800531134200774e-14,1.0,0.999999999999968,2.6054773511846998e-14,3.05415853615889,3.054158536158889,3.0944101774917385,0.04025164133284953,0.04025164133284864,0.2651572070485041,0.26515716288127045,True,4.416723364819575e-08,7.077148433527075e-16,0.6783250411423739,0.0014598581984592122,,0.0014598581984592122,0.002317143001795858,0.004005567479524657,0.009175925307888176,0.01686760402552468,0.02853350941288632,0.04591741259380203,0.07030834444976332,0.0014598581984591656,0.0023171430017957942,0.004005567479524553,0.009175925307887953,0.01686760402552428,0.02853350941288563,0.045917412593800895,0.07030834444976149
199,anti,rashba,71,0.9441536797011985,0.18745063365894604,2.2632171857980987,1.1629493860470714,1.3599790144054085,0.010105338172706877,0.0959583669234083,-1,True,False,True,10.573444243198963,10.362571495653983,59.63742850434607,0.010105338342052015,1.6934513860644707e-10,1.67579882743385e-08,False,4.662209597144548e-10,7.508739890780803e-09,1.0,0.9999999902449733,9.755026633346468e-09,3.010542388354171,3.01054805331316,3.0073541087786526,0.003193944534507498,0.0031882795755184823,1.6182715770768612e-05,1.6182707431033894e-05,False,8.33973471878191e-12,1.2049132183845305e-15,1.3705823190084227e-08,0.00026911588845110565,-7.275841563125773,0.00026911588845110565,0.00012482264798223898,6.62040294736874e-05,2.695001918989116e-05,1.3511518062365329e-05,6.761821420328291e-06,2.706062584982596e-06,2.6188028971745876e-10,0.000269115885825873,0.00012482264676617492,6.620402882887686e-05,2.6950018927460945e-05,1.3511517930826031e-05,6.761821354499843e-06,2.7060625586043734e-06,2.6188022610524037e-10
200,node,rashba,42,0.9109705482578989,0.2659205808224354,2.3289126820410213,1.2244768042061103,0.957597782503849,3.9157458964896586e-07,0.11881877876521968,-1,True,False,True,5.781589610212237,4.941845623756724,36.05815437624326,3.915745825406949e-07,7.108270953084053e-15,1.8153044505406727e-08,True,1.239088707480703e-14,2.1004996364813926e-13,1.0,1.0000000000000113,1.1169299438456164e-14,2.045109796770703,2.0451097967706726,2.045090156009078,1.9640761594441614e-05,1.964076162463968e-05,0.16626933583949363,0.16626811372495712,True,1.2221145365143293e-06,9.028519350659858e-16,0.686245812008552,0.0009591694250750975,,0.0009591694250750975,0.0015582400076403187,0.0026229325878577283,0.005759681798127697,0.009953386503182376,0.01517556118205747,0.0211818883257389,0.027645492040506328,0.0009591694250751083,0.001558240007640328,0.002622932587857734,0.005759681798127705,0.009953386503182407,0.015175561182057557,0.02118188832573908,0.027645492040506637
200,anti,rashba,42,0.9700413026716607,0.2659205808224354,2.3289126820410213,1.2244768042061103,0.957597782503849,0.006270607402243364,0.11614512633345833,-1,True,False,True,5.510268699869641,4.815381414932171,36.1846185850678,0.006270607496635358,9.439199422089928e-11,1.5053086274725114e-08,True,1.909213232219217e-10,7.01130916699101e-09,0.9999999999999998,0.9999999936390179,6.360982097859609e-09,1.9727384139653452,1.9727295649519254,1.9719034137612392,0.0008261511906861863,0.0008350002041059845,9.183036420075136e-07,9.181612067865607e-07,False,1.4243522095298319e-10,1.4212501293642256e-15,1.048452552121186e-10,0.00019150254144461605,-4.491803966388385,0.00019150254144461605,0.00011693210042475587,6.638118786237714e-05,2.8006690301737886e-05,1.433122254910041e-05,7.281349605925947e-06,2.939292452889118e-06,8.432815789243125e-13,0.00019150254022647182,0.00011693209970033357,6.638118746898452e-05,2.800669015930371e-05,1.4331222486258589e-05,7.281349573606724e-06,2.9392924367686333e-06,8.431494644659775e-13
